시도명,시군구명,도로위계,도로명,종속구분,연장,폭
부산광역시,중구,길,40계단길,주도로,128,15
부산광역시,중구,길,고가길,주도로,498,8
부산광역시,중구,길,고가길68번길,주도로,137,2
부산광역시,중구,길,고가길7번길,주도로,60,5
부산광역시,중구,로,광복로,주도로,1007,13
부산광역시,중구,길,광복로12번길,주도로,112,8
부산광역시,중구,길,광복로16번길,주도로,92,3
부산광역시,중구,길,광복로18번길,주도로,117,4
부산광역시,중구,길,광복로35번길,주도로,390,8
부산광역시,중구,길,광복로37번길,주도로,84,5
부산광역시,중구,길,광복로39번길,주도로,394,6
부산광역시,중구,길,광복로43번길,주도로,228,6
부산광역시,중구,길,광복로49번길,주도로,395,6
부산광역시,중구,길,광복로55번길,주도로,165,5
부산광역시,중구,길,광복로67번길,주도로,161,5
부산광역시,중구,길,광복로6번길,주도로,138,8
부산광역시,중구,길,광복로77번길,주도로,105,5
부산광역시,중구,길,광복로85번길,주도로,194,6
부산광역시,중구,길,광복로97번길,주도로,269,6
부산광역시,중구,길,광복로97번안길,주도로,114,9
부산광역시,중구,로,광복중앙로,주도로,393,12
부산광역시,중구,길,광복중앙로24번길,주도로,112,4
부산광역시,중구,길,광복중앙로33번길,주도로,157,8
부산광역시,중구,길,광복중앙로34번길,주도로,72,6
부산광역시,중구,로,구덕로,주도로,3450,35
부산광역시,중구,길,구덕로14번길,주도로,79,5
부산광역시,중구,길,구덕로22번길,주도로,86,6
부산광역시,중구,길,구덕로34번길,주도로,100,10
부산광역시,중구,길,구덕로48번길,주도로,102,10
부산광역시,중구,길,구덕로84번길,주도로,112,11
부산광역시,중구,길,국제시장1길,주도로,348,5
부산광역시,중구,길,국제시장2길,주도로,381,8
부산광역시,중구,길,남포길,주도로,467,4
부산광역시,중구,로,대교로,주도로,1600,35
부산광역시,중구,로,대영로,주도로,2360,30
부산광역시,중구,길,대영로215번길,주도로,74,7
부산광역시,중구,길,대영로224번길,주도로,201,7
부산광역시,중구,길,대영로226번길,주도로,234,3
부산광역시,중구,길,대영로226번안길,주도로,102,6
부산광역시,중구,길,대영로239번길,주도로,350,6
부산광역시,중구,길,대영로242번길,주도로,237,2
부산광역시,중구,길,대영로242번안길,주도로,138,5
부산광역시,중구,길,대영로243번길,주도로,570,6
부산광역시,중구,길,대영로247번길,주도로,145,5
부산광역시,중구,로,대청로,주도로,1580,25
부산광역시,중구,길,대청로116번길,주도로,161,6
부산광역시,중구,길,대청로125번길,주도로,146,2
부산광역시,중구,길,대청로126번길,주도로,386,6
부산광역시,중구,길,대청로131번길,주도로,123,4
부산광역시,중구,길,대청로134번길,주도로,315,3
부산광역시,중구,길,대청로135번길,주도로,351,8
부산광역시,중구,길,대청로137번길,주도로,99,6
부산광역시,중구,길,대청로138번길,주도로,173,7
부산광역시,중구,길,대청로141번길,주도로,214,6
부산광역시,중구,길,대청로155번길,주도로,74,7
부산광역시,중구,길,대청로156번길,주도로,405,8
부산광역시,중구,길,대청로25번길,주도로,49,8
부산광역시,중구,길,대청로35번길,주도로,48,8
부산광역시,중구,길,대청로53번길,주도로,216,7
부산광역시,중구,길,대청로90번길,주도로,74,6
부산광역시,중구,길,대청로99번길,주도로,256,4
부산광역시,중구,길,대청로99번안길,주도로,85,4
부산광역시,중구,길,대청북길,주도로,444,6
부산광역시,중구,길,대청북길16번길,주도로,158,4
부산광역시,중구,길,대청북길16번안길,주도로,73,4
부산광역시,중구,길,대청북길17번길,주도로,297,6
부산광역시,중구,길,대청북길25번길,주도로,29,4
부산광역시,중구,길,대청북길26번길,주도로,46,4
부산광역시,중구,길,대청북길33번길,주도로,49,4
부산광역시,중구,길,대청북길34번길,주도로,62,3
부산광역시,중구,길,대청북길39번길,주도로,42,4
부산광역시,중구,길,동광길,주도로,1063,8
부산광역시,중구,길,동광길111번길,주도로,97,3
부산광역시,중구,길,동광길165번길,주도로,157,4
부산광역시,중구,길,동광길21번길,주도로,89,2
부산광역시,중구,길,동광길69번길,주도로,111,2
부산광역시,중구,길,동광길91번길,주도로,141,2
부산광역시,중구,길,동광길93번길,주도로,143,6
부산광역시,중구,길,동광길95번길,주도로,68,5
부산광역시,중구,길,동광길99번길,주도로,57,2
부산광역시,중구,로,동영로,주도로,1121,12
부산광역시,중구,길,동영로10번길,주도로,129,1
부산광역시,중구,길,동영로13번길,주도로,62,2
부산광역시,중구,길,동영로17번길,주도로,141,4
부산광역시,중구,길,동영로21번길,주도로,28,2
부산광역시,중구,길,동영로22번길,주도로,358,6
부산광역시,중구,길,동영로27번길,주도로,52,2
부산광역시,중구,길,동영로31번길,주도로,162,2
부산광역시,중구,길,동영로31번안길,주도로,108,2
부산광역시,중구,길,동영로61번길,주도로,78,4
부산광역시,중구,길,동영로64번길,주도로,224,6
부산광역시,중구,길,동영로73번길,주도로,290,7
부산광역시,중구,길,동영로7번길,주도로,127,4
부산광역시,중구,길,동영로86번길,주도로,188,9
부산광역시,중구,길,동영로93번길,주도로,40,6
부산광역시,중구,길,동영로93번안길,주도로,68,2
부산광역시,중구,로,망양로,주도로,10068,12
부산광역시,중구,길,망양로193번길,주도로,740,8
부산광역시,중구,길,망양로259번길,주도로,52,6
부산광역시,중구,길,망양로265번길,주도로,46,5
부산광역시,중구,길,망양로268번길,주도로,62,2
부산광역시,중구,길,망양로270번길,주도로,54,2
부산광역시,중구,길,망양로271번길,주도로,55,2
부산광역시,중구,길,망양로275번길,주도로,30,2
부산광역시,중구,길,망양로277번길,주도로,53,2
부산광역시,중구,길,망양로278번길,주도로,53,5
부산광역시,중구,길,망양로281번길,주도로,36,2
부산광역시,중구,길,망양로286번길,주도로,28,2
부산광역시,중구,길,망양로288번길,주도로,47,3
부산광역시,중구,길,망양로291번길,주도로,53,1
부산광역시,중구,길,망양로295번길,주도로,21,2
부산광역시,중구,길,망양로298번길,주도로,44,2
부산광역시,중구,길,망양로301번길,주도로,44,2
부산광역시,중구,길,망양로304번길,주도로,46,2
부산광역시,중구,길,망양로307번길,주도로,72,2
부산광역시,중구,길,망양로314번길,주도로,44,4
부산광역시,중구,길,망양로319번길,주도로,729,7
부산광역시,중구,길,망양로322번길,주도로,46,4
부산광역시,중구,길,망양로322번안길,주도로,78,2
부산광역시,중구,길,망양로325번길,주도로,47,2
부산광역시,중구,길,망양로329번길,주도로,52,2
부산광역시,중구,길,망양로331번길,주도로,51,3
부산광역시,중구,길,망양로332번길,주도로,66,4
부산광역시,중구,길,망양로335번길,주도로,66,3
부산광역시,중구,길,망양로336번길,주도로,41,2
부산광역시,중구,길,망양로337번길,주도로,66,3
부산광역시,중구,길,망양로341번길,주도로,77,3
부산광역시,중구,길,망양로342번길,주도로,81,3
부산광역시,중구,길,망양로344번길,주도로,61,3
부산광역시,중구,길,망양로350번길,주도로,105,4
부산광역시,중구,길,망양로355번길,주도로,384,6
부산광역시,중구,길,망양로358번길,주도로,75,6
부산광역시,중구,길,망양로361번길,주도로,80,2
부산광역시,중구,길,망양로363번길,주도로,73,3
부산광역시,중구,길,망양로365번길,주도로,73,2
부산광역시,중구,길,망양로366번길,주도로,42,4
부산광역시,중구,길,망양로369번길,주도로,69,3
부산광역시,중구,길,망양로372번길,주도로,51,3
부산광역시,중구,길,망양로383번길,주도로,91,9
부산광역시,중구,길,망양로383번안길,주도로,502,6
부산광역시,중구,길,민주공원길,주도로,600,8
부산광역시,중구,길,배수지길,주도로,450,6
부산광역시,중구,길,백산길,주도로,203,8
부산광역시,중구,길,법수길,주도로,422,7
부산광역시,중구,길,법수길24번길,주도로,58,3
부산광역시,중구,길,법수길24번안길,주도로,49,2
부산광역시,중구,길,법수길38번길,주도로,46,2
부산광역시,중구,길,법수길50번길,주도로,58,4
부산광역시,중구,길,법수길63번길,주도로,63,2
부산광역시,중구,길,법수길76번길,주도로,52,5
부산광역시,중구,길,보동길,주도로,1860,6
부산광역시,중구,길,보동길112번길,주도로,57,2
부산광역시,중구,길,보동길20번길,주도로,47,4
부산광역시,중구,길,보동길26번길,주도로,43,5
부산광역시,중구,길,보동길32번길,주도로,29,2
부산광역시,중구,길,보동길44번길,주도로,64,4
부산광역시,중구,길,보동길82번길,주도로,44,1
부산광역시,중구,길,보동길84번길,주도로,42,2
부산광역시,중구,대로,보수대로,주도로,5540,50
부산광역시,중구,길,보수대로106번길,주도로,220,8
부산광역시,중구,길,보수대로118번길,주도로,357,8
부산광역시,중구,길,보수대로124번길,주도로,409,8
부산광역시,중구,길,보수대로140번길,주도로,446,7
부산광역시,중구,길,보수대로140번안길,주도로,68,3
부산광역시,중구,길,보수대로142번길,주도로,101,2
부산광역시,중구,길,보수대로144번길,주도로,225,4
부산광역시,중구,길,보수대로146번길,주도로,132,2
부산광역시,중구,길,보수대로24번길,주도로,131,8
부산광역시,중구,길,보수대로36번길,주도로,354,8
부산광역시,중구,길,보수대로44번길,주도로,299,8
부산광역시,중구,길,보수대로56번길,주도로,212,8
부산광역시,중구,길,보수대로64번길,주도로,173,8
부산광역시,중구,길,보수북길,주도로,388,6
부산광역시,중구,길,보수북길27번길,주도로,15,3
부산광역시,중구,길,보수북길31번길,주도로,44,4
부산광역시,중구,길,보수북길59번길,주도로,62,2
부산광역시,중구,길,복병산길,주도로,375,4
부산광역시,중구,길,복병산길32번길,주도로,98,3
부산광역시,중구,길,복병산길3번길,주도로,117,3
부산광역시,중구,길,복병산길6번길,주도로,164,5
부산광역시,중구,길,복병산길7번길,주도로,232,6
부산광역시,중구,길,부평1길,주도로,398,8
부산광역시,중구,길,부평2길,주도로,398,8
부산광역시,중구,길,부평3길,주도로,95,8
부산광역시,중구,로,비프광장로,주도로,405,15
부산광역시,중구,길,샘길,주도로,310,6
부산광역시,중구,길,샘길30번길,주도로,65,2
부산광역시,중구,길,샘길44번길,주도로,25,3
부산광역시,중구,로,영주로,주도로,1072,12
부산광역시,중구,길,영주로11번길,주도로,96,6
부산광역시,중구,길,영주로12번길,주도로,325,6
부산광역시,중구,길,영주로24번길,주도로,51,4
부산광역시,중구,길,영주로32번길,주도로,105,4
부산광역시,중구,길,영주로42번길,주도로,109,3
부산광역시,중구,길,영주로54번길,주도로,145,4
부산광역시,중구,길,영주로6번길,주도로,78,4
부산광역시,중구,길,영주로6번안길,주도로,86,4
부산광역시,중구,길,영주로78번길,주도로,107,4
부산광역시,중구,길,영주로84번길,주도로,59,2
부산광역시,중구,길,영주로88번길,주도로,111,2
부산광역시,중구,길,영초길,주도로,1230,6
부산광역시,중구,길,영초길14번길,주도로,92,4
부산광역시,중구,길,용두산길,주도로,561,7
부산광역시,중구,길,용미길,주도로,114,8
부산광역시,중구,길,용미길10번길,주도로,107,5
부산광역시,중구,길,용미길7번길,주도로,70,6
부산광역시,중구,길,용미길8번길,주도로,93,7
부산광역시,중구,길,용미길9번길,주도로,80,7
부산광역시,중구,대로,이순신대로,주도로,2302,40
부산광역시,중구,길,이순신대로107번길,주도로,235,33
부산광역시,중구,길,임소길,주도로,173,6
부산광역시,중구,길,임소길15번길,주도로,126,4
부산광역시,중구,길,임소길16번길,주도로,72,5
부산광역시,중구,길,임소길18번길,주도로,55,4
부산광역시,중구,길,임소길7번길,주도로,56,4
부산광역시,중구,로,자갈치로,주도로,810,14
부산광역시,중구,길,자갈치로15번길,주도로,87,10
부산광역시,중구,길,자갈치로16번길,주도로,62,9
부산광역시,중구,길,자갈치로23번길,주도로,89,11
부산광역시,중구,길,자갈치로24번길,주도로,62,11
부산광역시,중구,길,자갈치로37번길,주도로,74,11
부산광역시,중구,길,자갈치로38번길,주도로,62,11
부산광역시,중구,길,자갈치로47번길,주도로,88,11
부산광역시,중구,길,자갈치로48번길,주도로,61,11
부산광역시,중구,길,자갈치로59번길,주도로,65,11
부산광역시,중구,길,자갈치로60번길,주도로,62,11
부산광역시,중구,로,자갈치해안로,주도로,862,12
부산광역시,중구,로,중구로,주도로,1942,20
부산광역시,중구,길,중구로111번길,주도로,73,7
부산광역시,중구,길,중구로111번안길,주도로,111,6
부산광역시,중구,길,중구로130번길,주도로,55,2
부산광역시,중구,길,중구로143번길,주도로,77,4
부산광역시,중구,길,중구로148번길,주도로,123,6
부산광역시,중구,길,중구로156번길,주도로,91,4
부산광역시,중구,길,중구로169번길,주도로,91,4
부산광역시,중구,길,중구로171번길,주도로,94,5
부산광역시,중구,길,중구로172번길,주도로,187,4
부산광역시,중구,길,중구로179번길,주도로,76,2
부산광역시,중구,길,중구로181번길,주도로,97,4
부산광역시,중구,길,중구로185번길,주도로,75,2
부산광역시,중구,길,중구로188번길,주도로,229,8
부산광역시,중구,길,중구로21번길,주도로,119,3
부산광역시,중구,길,중구로23번길,주도로,245,8
부산광역시,중구,길,중구로24번길,주도로,237,6
부산광역시,중구,길,중구로29번길,주도로,246,8
부산광역시,중구,길,중구로30번길,주도로,276,6
부산광역시,중구,길,중구로33번길,주도로,242,8
부산광역시,중구,길,중구로34번길,주도로,222,6
부산광역시,중구,길,중구로39번길,주도로,238,8
부산광역시,중구,길,중구로40번길,주도로,217,6
부산광역시,중구,길,중구로43번길,주도로,226,8
부산광역시,중구,길,중구로44번길,주도로,212,6
부산광역시,중구,길,중구로47번길,주도로,225,8
부산광역시,중구,길,중구로48번길,주도로,112,6
부산광역시,중구,길,중구로53번길,주도로,236,8
부산광역시,중구,길,중구로54번길,주도로,45,7
부산광역시,중구,길,중구로5번길,주도로,146,5
부산광역시,중구,길,중구로62번길,주도로,156,4
부산광역시,중구,길,중구로65번길,주도로,190,2
부산광역시,중구,길,중구로6번길,주도로,82,5
부산광역시,중구,길,중구로75번길,주도로,284,6
부산광역시,중구,길,중구로75번안길,주도로,149,3
부산광역시,중구,길,중구로91번길,주도로,155,4
부산광역시,중구,길,중구로91번안길,주도로,96,4
부산광역시,중구,길,중구로97번길,주도로,135,7
부산광역시,중구,길,중동길,주도로,370,4
부산광역시,중구,로,중앙공원로,주도로,1180,12
부산광역시,중구,대로,중앙대로,주도로,25900,35
부산광역시,중구,길,중앙대로115번길,주도로,71,3
부산광역시,중구,길,중앙대로116번길,주도로,166,8
부산광역시,중구,길,중앙대로132번길,주도로,144,10
부산광역시,중구,길,중앙대로147번길,주도로,79,9
부산광역시,중구,길,중앙대로148번길,주도로,154,8
부산광역시,중구,길,중앙대로20번길,주도로,101,11
부산광역시,중구,길,중앙대로29번길,주도로,130,12
부산광역시,중구,길,중앙대로30번길,주도로,74,15
부산광역시,중구,길,중앙대로41번길,주도로,329,9
부산광역시,중구,길,중앙대로42번길,주도로,93,10
부산광역시,중구,길,중앙대로46번길,주도로,74,9
부산광역시,중구,길,중앙대로49번길,주도로,170,6
부산광역시,중구,길,중앙대로68번길,주도로,74,8
부산광역시,중구,길,중앙대로81번길,주도로,107,15
부산광역시,중구,길,중앙대로93번길,주도로,61,12
부산광역시,중구,길,중앙대로98번길,주도로,181,8
부산광역시,중구,길,책방골목길,주도로,221,4
부산광역시,중구,로,초량상로,주도로,1608,10
부산광역시,중구,길,초량상로12번길,주도로,59,3
부산광역시,중구,길,초량상로16번길,주도로,68,3
부산광역시,중구,길,초량상로5번길,주도로,154,8
부산광역시,중구,길,초량상로7번길,주도로,319,6
부산광역시,중구,로,초량중로,주도로,1400,12
부산광역시,중구,길,초량중로5번길,주도로,76,5
부산광역시,중구,길,초량중로6번길,주도로,102,7
부산광역시,중구,대로,충장대로,주도로,3400,50
부산광역시,중구,길,충장대로13번길,주도로,696,8
부산광역시,중구,길,충장대로4번길,주도로,164,5
부산광역시,중구,길,충장대로5번길,주도로,719,10
부산광역시,중구,길,충장대로9번길,주도로,697,8
부산광역시,중구,로,태종로,주도로,11400,25
부산광역시,중구,로,해관로,주도로,939,15
부산광역시,중구,길,해관로85번길,주도로,67,3
부산광역시,중구,로,흑교로,주도로,1070,24
부산광역시,중구,길,흑교로11번길,주도로,117,8
부산광역시,중구,길,흑교로17번길,주도로,196,8
부산광역시,중구,길,흑교로21번길,주도로,268,8
부산광역시,중구,길,흑교로25번길,주도로,320,8
부산광역시,중구,길,흑교로31번길,주도로,344,8
부산광역시,중구,길,흑교로35번길,주도로,338,8
부산광역시,중구,길,흑교로45번길,주도로,338,8
부산광역시,중구,길,흑교로46번길,주도로,113,7
부산광역시,중구,길,흑교로51번길,주도로,104,8
부산광역시,중구,길,흑교로52번길,주도로,58,6
부산광역시,중구,길,흑교로59번길,주도로,196,8
부산광역시,중구,길,흑교로60번길,주도로,61,6
부산광역시,중구,길,흑교로64번길,주도로,66,4
부산광역시,중구,길,흑교로67번길,주도로,284,8
부산광역시,중구,길,흑교로71번길,주도로,257,8
부산광역시,중구,길,흑교로75번길,주도로,239,8
부산광역시,중구,길,흑교로78번길,주도로,169,6
부산광역시,중구,길,흑교로78번안길,주도로,239,4
부산광역시,중구,길,흑교로81번길,주도로,190,8
부산광역시,중구,길,흑교로87번길,주도로,119,8
부산광역시,서구,로,감천로,주도로,2909,25
부산광역시,서구,길,감천로255번길,주도로,141,4
부산광역시,서구,길,감천로291번길,주도로,202,2
부산광역시,서구,로,고운들로,주도로,1035,6
부산광역시,서구,길,고운들로139번길,주도로,292,7
부산광역시,서구,길,고운들로153번길,주도로,201,4
부산광역시,서구,길,고운들로198번길,주도로,127,4
부산광역시,서구,길,고운들로35번길,주도로,284,5
부산광역시,서구,로,구덕로,주도로,3450,35
부산광역시,서구,길,구덕로114번길,주도로,191,7
부산광역시,서구,길,구덕로118번길,주도로,213,12
부산광역시,서구,길,구덕로119번길,주도로,381,6
부산광역시,서구,길,구덕로120번길,주도로,335,9
부산광역시,서구,길,구덕로124번길,주도로,332,8
부산광역시,서구,길,구덕로132번길,주도로,144,7
부산광역시,서구,길,구덕로134번길,주도로,302,9
부산광역시,서구,길,구덕로142번길,주도로,203,10
부산광역시,서구,길,구덕로143번길,주도로,238,8
부산광역시,서구,길,구덕로148번길,주도로,395,8
부산광역시,서구,길,구덕로150번길,주도로,186,8
부산광역시,서구,길,구덕로151번길,주도로,184,6
부산광역시,서구,길,구덕로157번길,주도로,181,9
부산광역시,서구,길,구덕로163번길,주도로,180,8
부산광역시,서구,길,구덕로165번길,주도로,184,7
부산광역시,서구,길,구덕로185번길,주도로,300,8
부산광역시,서구,길,구덕로186번길,주도로,237,8
부산광역시,서구,길,구덕로193번길,주도로,307,8
부산광역시,서구,길,구덕로194번길,주도로,134,6
부산광역시,서구,길,구덕로199번길,주도로,310,9
부산광역시,서구,길,구덕로200번길,주도로,105,9
부산광역시,서구,길,구덕로214번길,주도로,98,6
부산광역시,서구,길,구덕로222번길,주도로,98,6
부산광역시,서구,길,구덕로226번길,주도로,98,7
부산광역시,서구,길,구덕로232번길,주도로,99,8
부산광역시,서구,길,구덕로238번길,주도로,99,7
부산광역시,서구,길,구덕로244번길,주도로,119,8
부산광역시,서구,길,구덕로249번길,주도로,283,6
부산광역시,서구,길,구덕로250번길,주도로,154,7
부산광역시,서구,길,구덕로265번길,주도로,192,6
부산광역시,서구,길,구덕로268번길,주도로,314,6
부산광역시,서구,길,구덕로274번길,주도로,348,6
부산광역시,서구,길,구덕로279번길,주도로,148,6
부산광역시,서구,길,구덕로280번길,주도로,370,6
부산광역시,서구,길,구덕로285번길,주도로,158,6
부산광역시,서구,길,구덕로286번길,주도로,380,7
부산광역시,서구,길,구덕로295번길,주도로,261,6
부산광역시,서구,길,구덕로296번길,주도로,384,9
부산광역시,서구,길,구덕로301번길,주도로,267,6
부산광역시,서구,길,구덕로305번길,주도로,330,6
부산광역시,서구,길,구덕로315번길,주도로,395,6
부산광역시,서구,길,구덕로321번길,주도로,416,7
부산광역시,서구,길,구덕로322번길,주도로,381,7
부산광역시,서구,길,구덕로327번길,주도로,342,6
부산광역시,서구,길,구덕로328번길,주도로,354,6
부산광역시,서구,길,구덕로333번길,주도로,276,6
부산광역시,서구,길,구덕로334번길,주도로,133,6
부산광역시,서구,길,구덕로339번길,주도로,205,6
부산광역시,서구,길,구덕로340번길,주도로,275,6
부산광역시,서구,길,구덕로345번길,주도로,146,5
부산광역시,서구,길,구덕로346번길,주도로,247,6
부산광역시,서구,로,까치고개로,주도로,2570,15
부산광역시,서구,길,까치고개로103번길,주도로,211,5
부산광역시,서구,길,까치고개로108번가길,주도로,85,2
부산광역시,서구,길,까치고개로108번길,주도로,172,3
부산광역시,서구,길,까치고개로110번길,주도로,136,2
부산광역시,서구,길,까치고개로111번길,주도로,123,4
부산광역시,서구,길,까치고개로128번가길,주도로,285,3
부산광역시,서구,길,까치고개로128번길,주도로,268,3
부산광역시,서구,길,까치고개로130번길,주도로,174,2
부산광역시,서구,길,까치고개로137번길,주도로,169,3
부산광역시,서구,길,까치고개로151번길,주도로,271,2
부산광역시,서구,길,까치고개로152번길,주도로,125,2
부산광역시,서구,길,까치고개로154번길,주도로,399,2
부산광역시,서구,길,까치고개로160번가길,주도로,141,2
부산광역시,서구,길,까치고개로160번길,주도로,282,7
부산광역시,서구,길,까치고개로167번길,주도로,233,2
부산광역시,서구,길,까치고개로180번길,주도로,75,2
부산광역시,서구,길,까치고개로197번길,주도로,304,7
부산광역시,서구,길,까치고개로198번길,주도로,130,8
부산광역시,서구,길,까치고개로208번길,주도로,218,8
부산광역시,서구,길,까치고개로229번길,주도로,308,10
부산광역시,서구,길,까치고개로233번길,주도로,218,8
부산광역시,서구,길,까치고개로239번길,주도로,160,8
부산광역시,서구,길,까치고개로245번길,주도로,137,9
부산광역시,서구,길,까치고개로97번길,주도로,251,3
부산광역시,서구,길,까치고개로99번길,주도로,200,3
부산광역시,서구,로,꽃마을로,주도로,1692,26
부산광역시,서구,길,꽃마을로156번길,주도로,847,11
부산광역시,서구,길,꽃마을로163번길,주도로,1352,6
부산광역시,서구,길,꽃마을로169번길,주도로,629,4
부산광역시,서구,길,꽃마을로29번길,주도로,288,7
부산광역시,서구,길,꽃마을로57번길,주도로,174,2
부산광역시,서구,길,꽃마을로65번길,주도로,118,3
부산광역시,서구,길,꽃마을로87번길,주도로,113,3
부산광역시,서구,대로,낙동대로,주도로,17497,44
부산광역시,서구,길,낙동대로9번길,주도로,151,6
부산광역시,서구,로,남부민로,주도로,518,9
부산광역시,서구,길,남부민로10번길,주도로,225,8
부산광역시,서구,길,남부민로12번길,주도로,353,5
부산광역시,서구,길,남부민로37번길,주도로,67,2
부산광역시,서구,길,남부민로40번길,주도로,360,2
부산광역시,서구,길,남부민로44번길,주도로,181,3
부산광역시,서구,길,남부민로49번길,주도로,70,2
부산광역시,서구,길,남부민로62번길,주도로,90,2
부산광역시,서구,길,남부민로67번길,주도로,170,3
부산광역시,서구,길,남부민로69번길,주도로,209,2
부산광역시,서구,길,남부민로78번길,주도로,72,2
부산광역시,서구,로,대신공원로,주도로,471,8
부산광역시,서구,로,대신로,주도로,789,8
부산광역시,서구,길,대신로109번길,주도로,159,9
부산광역시,서구,길,대신로45번길,주도로,163,5
부산광역시,서구,길,대신로57번길,주도로,168,3
부산광역시,서구,길,대신숲길,주도로,2710.243,3
부산광역시,서구,길,대영고가도로,주도로,408.757,9.26
부산광역시,서구,로,대영로,주도로,2360,30
부산광역시,서구,길,대영로105번길,주도로,150,7
부산광역시,서구,길,대영로111번길,주도로,248,6
부산광역시,서구,길,대영로112번길,주도로,376,11
부산광역시,서구,길,대영로18번길,주도로,125,6
부산광역시,서구,길,대영로27번길,주도로,357,8
부산광역시,서구,길,대영로30번길,주도로,125,6
부산광역시,서구,길,대영로38번길,주도로,258,6
부산광역시,서구,길,대영로45번길,주도로,540,7
부산광역시,서구,길,대영로46번길,주도로,118,7
부산광역시,서구,길,대영로6번길,주도로,125,4
부산광역시,서구,길,대영로73번길,주도로,605,8
부산광역시,서구,길,대영로74번길,주도로,333,8
부산광역시,서구,길,대영로85번길,주도로,478,9
부산광역시,서구,길,대영로86번길,주도로,381,9
부산광역시,서구,길,대영로89번길,주도로,248,7
부산광역시,서구,길,대영로90번길,주도로,265,6
부산광역시,서구,로,대청로,주도로,1580,25
부산광역시,서구,길,대청로6번길,주도로,236,8
부산광역시,서구,로,대티로,주도로,1875,14
부산광역시,서구,길,대티로107번길,주도로,316,5
부산광역시,서구,길,대티로108번길,주도로,217,8
부산광역시,서구,길,대티로109번길,주도로,102,1
부산광역시,서구,길,대티로115번길,주도로,73,7
부산광역시,서구,길,대티로133번길,주도로,91,3
부산광역시,서구,길,대티로134번길,주도로,10.9,4
부산광역시,서구,길,대티로135번길,주도로,64,3
부산광역시,서구,길,대티로143번길,주도로,70,2
부산광역시,서구,길,대티로161번길,주도로,443,6
부산광역시,서구,길,대티로163번가길,주도로,83,2
부산광역시,서구,길,대티로163번길,주도로,111,7
부산광역시,서구,길,대티로179번길,주도로,258,6
부산광역시,서구,로,동대로,주도로,345,7
부산광역시,서구,길,동대로19번길,주도로,243,9
부산광역시,서구,로,등대로,주도로,1291,20
부산광역시,서구,로,망양로,주도로,10068,12
부산광역시,서구,길,망양로111번길,주도로,320,2
부산광역시,서구,길,망양로112번길,주도로,243,2
부산광역시,서구,길,망양로113번길,주도로,161,6
부산광역시,서구,길,망양로11번길,주도로,120,2
부산광역시,서구,길,망양로120번길,주도로,249,4
부산광역시,서구,길,망양로127번길,주도로,56,3
부산광역시,서구,길,망양로131번길,주도로,42,3
부산광역시,서구,길,망양로144번길,주도로,103,3
부산광역시,서구,길,망양로150번길,주도로,98,5
부산광역시,서구,길,망양로154번길,주도로,122,4
부산광역시,서구,길,망양로159번길,주도로,109,4
부산광역시,서구,길,망양로162번길,주도로,151,2
부산광역시,서구,길,망양로170번길,주도로,164,2
부산광역시,서구,길,망양로174번길,주도로,248,3
부산광역시,서구,길,망양로175번길,주도로,97,6
부산광역시,서구,길,망양로183번길,주도로,103,5
부산광역시,서구,길,망양로193번길,주도로,740,6
부산광역시,서구,길,망양로194번길,주도로,122,2
부산광역시,서구,길,망양로195번길,주도로,40,3
부산광역시,서구,길,망양로204번길,주도로,65,2
부산광역시,서구,길,망양로205번가길,주도로,124,3
부산광역시,서구,길,망양로205번길,주도로,132,3
부산광역시,서구,길,망양로205번나길,주도로,151,4
부산광역시,서구,길,망양로205번다길,주도로,79,2
부산광역시,서구,길,망양로205번라길,주도로,86,2
부산광역시,서구,길,망양로205번마길,주도로,92,3
부산광역시,서구,길,망양로207번길,주도로,126,4
부산광역시,서구,길,망양로213번길,주도로,68,3
부산광역시,서구,길,망양로217번길,주도로,64,4
부산광역시,서구,길,망양로21번길,주도로,124,7
부산광역시,서구,길,망양로221번길,주도로,140,3
부산광역시,서구,길,망양로222번길,주도로,46,3
부산광역시,서구,길,망양로228번길,주도로,52,2
부산광역시,서구,길,망양로242번길,주도로,57,2
부산광역시,서구,길,망양로33번길,주도로,159,5
부산광역시,서구,길,망양로92번길,주도로,415,8
부산광역시,서구,길,민주공원길,주도로,600,8
부산광역시,서구,길,보동길,주도로,1860,6
부산광역시,서구,길,보동길159번길,주도로,70,2
부산광역시,서구,길,보동길185번길,주도로,108,2
부산광역시,서구,길,보동길201번길,주도로,66,3
부산광역시,서구,길,보동길209번길,주도로,97,3
부산광역시,서구,길,보동길223번길,주도로,84,2
부산광역시,서구,길,보동길275번길,주도로,103,6
부산광역시,서구,길,보동길278번길,주도로,83,3
부산광역시,서구,길,보동길287번길,주도로,96,2
부산광역시,서구,길,보동길311번길,주도로,73,2
부산광역시,서구,길,보동길327번길,주도로,117,7
부산광역시,서구,길,보동길337번길,주도로,91,4
부산광역시,서구,길,보동길347번길,주도로,76,2
부산광역시,서구,대로,보수대로,주도로,5540,50
부산광역시,서구,길,보수대로154번길,주도로,346,7
부산광역시,서구,길,보수대로184번길,주도로,184,7
부산광역시,서구,길,보수대로188번길,주도로,250,9
부산광역시,서구,길,보수대로189번길,주도로,116,5
부산광역시,서구,길,보수대로193번길,주도로,116,5
부산광역시,서구,길,보수대로194번길,주도로,136,6
부산광역시,서구,길,보수대로201번길,주도로,118,5
부산광역시,서구,길,보수대로210번길,주도로,246,4
부산광역시,서구,길,보수대로222번길,주도로,128,5
부산광역시,서구,길,보수대로230번길,주도로,140,7
부산광역시,서구,길,보수대로236번길,주도로,139,4
부산광역시,서구,길,보수대로242번길,주도로,151,7
부산광역시,서구,길,보수대로258번가길,주도로,146,3
부산광역시,서구,길,보수대로258번길,주도로,281,6
부산광역시,서구,길,보수대로264번길,주도로,237,6
부산광역시,서구,길,보수대로280번길,주도로,382,6
부산광역시,서구,길,보수대로289번길,주도로,164,3
부산광역시,서구,길,보수대로293번길,주도로,170,4
부산광역시,서구,길,보수대로320번길,주도로,524,4
부산광역시,서구,로,부용로,주도로,505,14
부산광역시,서구,길,부용로26번길,주도로,130,8
부산광역시,서구,길,부용로32번길,주도로,196,8
부산광역시,서구,길,부용로38번길,주도로,196,8
부산광역시,서구,길,새벽시장길,주도로,319,5
부산광역시,서구,길,성산길,주도로,576,8
부산광역시,서구,로,송도해변로,주도로,2059,9
부산광역시,서구,길,송도해변로125번길,주도로,125,5
부산광역시,서구,길,송도해변로173번길,주도로,329,2
부산광역시,서구,로,시약로,주도로,1273,11
부산광역시,서구,길,시약로109번길,주도로,247,2
부산광역시,서구,길,시약로117번길,주도로,108,5
부산광역시,서구,길,시약로17번가길,주도로,97,3
부산광역시,서구,길,시약로17번길,주도로,141,3
부산광역시,서구,길,시약로27번길,주도로,39,3
부산광역시,서구,길,시약로5번길,주도로,77,7
부산광역시,서구,길,시약로63번길,주도로,103,3
부산광역시,서구,길,시약로96번길,주도로,138,2
부산광역시,서구,길,시약로97번길,주도로,85,3
부산광역시,서구,로,아미로,주도로,743,10
부산광역시,서구,길,아미로128번길,주도로,99,3
부산광역시,서구,길,아미로12번길,주도로,128,3
부산광역시,서구,길,아미로16번길,주도로,88,2
부산광역시,서구,길,아미로24번길,주도로,50,2
부산광역시,서구,길,아미로30번길,주도로,373,4
부산광역시,서구,길,아미로34번길,주도로,66,2
부산광역시,서구,길,아미로38번길,주도로,69,2
부산광역시,서구,길,아미로45번길,주도로,179,2
부산광역시,서구,길,아미로70번길,주도로,53,2
부산광역시,서구,로,아미초장로,주도로,673,9
부산광역시,서구,길,아미초장로104번길,주도로,88,2
부산광역시,서구,길,아미초장로74번길,주도로,128,9
부산광역시,서구,로,암남공원로,주도로,5190,12
부산광역시,서구,길,암남공원로14번길,주도로,193,2
부산광역시,서구,길,암남공원로522번길,주도로,952,3
부산광역시,서구,로,암남로,주도로,467,6
부산광역시,서구,길,암남로14번가길,주도로,77,2
부산광역시,서구,길,암남로14번길,주도로,200,3
부산광역시,서구,길,암남로14번나길,주도로,176,2
부산광역시,서구,길,암남로14번다길,주도로,140,2
부산광역시,서구,길,암남로56번가길,주도로,78,4
부산광역시,서구,길,암남로56번길,주도로,145,4
부산광역시,서구,길,암남로56번나길,주도로,91,3
부산광역시,서구,길,암남로58번길,주도로,411,5
부산광역시,서구,길,암남로6번길,주도로,199,8
부산광역시,서구,길,암남로78번길,주도로,255,5
부산광역시,서구,길,암남로8번길,주도로,226,2
부산광역시,서구,길,암남로94번길,주도로,473,8
부산광역시,서구,로,엄광산로,주도로,3129,10
부산광역시,서구,길,엄광산로107번길,주도로,254,4
부산광역시,서구,길,엄광산로126번길,주도로,155,4
부산광역시,서구,길,엄광산로13번길,주도로,418,4
부산광역시,서구,길,엄광산로39번길,주도로,276,5
부산광역시,서구,길,엄광산로40번길,주도로,759,10
부산광역시,서구,로,옥천로,주도로,1735,12
부산광역시,서구,길,옥천로130번길,주도로,190,3
부산광역시,서구,길,옥천로138번길,주도로,124,2
부산광역시,서구,길,옥천로139번길,주도로,110,2
부산광역시,서구,길,옥천로144번길,주도로,122,3
부산광역시,서구,길,옥천로164번길,주도로,210,3
부산광역시,서구,길,옥천로173번길,주도로,205,12
부산광역시,서구,로,원양로,주도로,3471,24
부산광역시,서구,길,원양로142번길,주도로,131,6
부산광역시,서구,길,원양로144번길,주도로,287,3
부산광역시,서구,길,원양로292번길,주도로,228.2,11.709
부산광역시,서구,로,임시수도기념로,주도로,353,6
부산광역시,서구,로,자갈치로,주도로,810,14
부산광역시,서구,로,자갈치해안로,주도로,862,12
부산광역시,서구,로,장군산로,주도로,1079,6
부산광역시,서구,길,장군산로103번길,주도로,123,5
부산광역시,서구,길,장군산로14번길,주도로,163,3
부산광역시,서구,길,장군산로46번길,주도로,217,4
부산광역시,서구,길,장군산로87번길,주도로,83,5
부산광역시,서구,로,중앙공원로,주도로,1180,12
부산광역시,서구,길,중앙공원로11번길,주도로,70,4
부산광역시,서구,길,중앙공원로27번길,주도로,92,2
부산광역시,서구,길,중앙공원로7번길,주도로,69,4
부산광역시,서구,로,천마로,주도로,2379,14
부산광역시,서구,길,천마로103번길,주도로,116,2
부산광역시,서구,길,천마로104번길,주도로,93,3
부산광역시,서구,길,천마로111번길,주도로,143,2
부산광역시,서구,길,천마로113번길,주도로,179,2
부산광역시,서구,길,천마로121번길,주도로,150,2
부산광역시,서구,길,천마로122번길,주도로,118,2
부산광역시,서구,길,천마로131번길,주도로,157,3
부산광역시,서구,길,천마로143번길,주도로,176,2
부산광역시,서구,길,천마로169번길,주도로,74,3
부산광역시,서구,길,천마로181번길,주도로,123,4
부산광역시,서구,길,천마로182번길,주도로,182,2
부산광역시,서구,길,천마로186번길,주도로,185,2
부산광역시,서구,길,천마로187번길,주도로,194,3
부산광역시,서구,길,천마로193번길,주도로,139,5
부산광역시,서구,길,천마로197번길,주도로,100,4
부산광역시,서구,길,천마로199번길,주도로,214,5
부산광역시,서구,길,천마로200번길,주도로,96,3
부산광역시,서구,길,천마로201번길,주도로,400,7
부산광역시,서구,길,천마로205번길,주도로,373,12
부산광역시,서구,길,천마로231번길,주도로,147,6
부산광역시,서구,길,천마로27번가길,주도로,97,2
부산광역시,서구,길,천마로27번길,주도로,198,4
부산광역시,서구,길,천마로29번길,주도로,145,6
부산광역시,서구,길,천마로50번길,주도로,434,6
부산광역시,서구,길,천마로66번길,주도로,117,2
부산광역시,서구,길,천마로77번길,주도로,189,6
부산광역시,서구,길,천마로89번길,주도로,87,4
부산광역시,서구,길,천마로92번길,주도로,89,2
부산광역시,서구,길,천마로96번길,주도로,145,2
부산광역시,서구,로,천마산로,주도로,2189,6
부산광역시,서구,길,천마산로15번길,주도로,139,2
부산광역시,서구,길,천마산로209번길,주도로,515,6
부산광역시,서구,길,천마산로25번길,주도로,116,2
부산광역시,서구,로,천해남로,주도로,358,15
부산광역시,서구,로,천해로,주도로,697,7
부산광역시,서구,길,천해로13번가길,주도로,366,2
부산광역시,서구,길,천해로13번길,주도로,324,7
부산광역시,서구,길,천해로13번나길,주도로,163,4
부산광역시,서구,길,천해로13번다길,주도로,100,3
부산광역시,서구,길,천해로13번라길,주도로,282,7
부산광역시,서구,길,천해로28번길,주도로,135,5
부산광역시,서구,길,천해로33번길,주도로,119,2
부산광역시,서구,길,천해로34번길,주도로,165,2
부산광역시,서구,길,천해로35번길,주도로,195,4
부산광역시,서구,길,천해로36번길,주도로,74,2
부산광역시,서구,길,천해로39번길,주도로,120,2
부산광역시,서구,길,천해로40번길,주도로,133,2
부산광역시,서구,길,천해로41번길,주도로,183,2
부산광역시,서구,길,천해로43번길,주도로,225,4
부산광역시,서구,길,천해로45번길,주도로,91,5
부산광역시,서구,길,천해로48번가길,주도로,161,2
부산광역시,서구,길,천해로48번길,주도로,188,3
부산광역시,서구,길,천해로66번길,주도로,120,2
부산광역시,서구,길,천해로7번길,주도로,275,8
부산광역시,서구,로,초장로,주도로,600,12
부산광역시,서구,길,초장로18번길,주도로,267,7
부산광역시,서구,길,초장로26번길,주도로,136,3
부산광역시,서구,길,초장로27번길,주도로,218,7
부산광역시,서구,길,초장로30번길,주도로,103,3
부산광역시,서구,길,초장로34번길,주도로,96,3
부산광역시,서구,길,초장로8번길,주도로,236,4
부산광역시,서구,대로,충무대로,주도로,2869,40
부산광역시,서구,길,충무대로145번길,주도로,196,3
부산광역시,서구,길,충무대로149번가길,주도로,196,2
부산광역시,서구,길,충무대로149번길,주도로,100,3
부산광역시,서구,길,충무대로149번나길,주도로,163,3
부산광역시,서구,길,충무대로149번다길,주도로,133,2
부산광역시,서구,길,충무대로177번길,주도로,85,8
부산광역시,서구,길,충무대로191번길,주도로,111,2
부산광역시,서구,길,충무대로201번길,주도로,113,2
부산광역시,서구,길,충무대로211번길,주도로,81,3
부산광역시,서구,길,충무대로21번길,주도로,204.294,11.777
부산광역시,서구,길,충무대로225번길,주도로,225,3
부산광역시,서구,길,충무대로241번길,주도로,219,4
부산광역시,서구,길,충무대로255번길,주도로,85,8
부산광역시,서구,길,충무대로256번길,주도로,105,8
부산광역시,서구,길,충무대로267번길,주도로,120,6
부산광역시,서구,길,충무대로268번길,주도로,102,6
부산광역시,서구,길,충무대로275번길,주도로,122,8
부산광역시,서구,길,충무대로276번길,주도로,101,14
부산광역시,서구,길,충무대로281번길,주도로,67,4
부산광역시,서구,길,충무대로282번길,주도로,102,6
부산광역시,서구,길,충무대로34번길,주도로,255,4
부산광역시,서구,길,충무대로41번길,주도로,161,3
부산광역시,서구,길,충무대로50번길,주도로,227,2
부산광역시,서구,길,충무대로82번길,주도로,213,6
부산광역시,서구,길,충무대로83번길,주도로,435,5
부산광역시,서구,길,충무대로92번길,주도로,325,3
부산광역시,서구,길,충무대로94번길,주도로,282,7
부산광역시,서구,길,충무시장길,주도로,358,11
부산광역시,서구,로,해돋이로,주도로,4214,13
부산광역시,서구,길,해돋이로109번길,주도로,168,3
부산광역시,서구,길,해돋이로110번길,주도로,145,2
부산광역시,서구,길,해돋이로114번길,주도로,244,2
부산광역시,서구,길,해돋이로119번길,주도로,173,2
부산광역시,서구,길,해돋이로134번길,주도로,79,4
부산광역시,서구,길,해돋이로137번길,주도로,149,2
부산광역시,서구,길,해돋이로140번길,주도로,140,2
부산광역시,서구,길,해돋이로152번길,주도로,381,2
부산광역시,서구,길,해돋이로153번길,주도로,159,3
부산광역시,서구,길,해돋이로157번길,주도로,159,2
부산광역시,서구,길,해돋이로165번길,주도로,115,3
부산광역시,서구,길,해돋이로171번길,주도로,166,2
부산광역시,서구,길,해돋이로173번길,주도로,113,5
부산광역시,서구,길,해돋이로177번길,주도로,163,2
부산광역시,서구,길,해돋이로183번길,주도로,103,3
부산광역시,서구,길,해돋이로190번길,주도로,197,2
부산광역시,서구,길,해돋이로195번길,주도로,223,3
부산광역시,서구,길,해돋이로198번길,주도로,107,2
부산광역시,서구,길,해돋이로206번가길,주도로,158,2
부산광역시,서구,길,해돋이로206번길,주도로,212,2
부산광역시,서구,길,해돋이로213번길,주도로,224,3
부산광역시,서구,길,해돋이로214번길,주도로,184,4
부산광역시,서구,길,해돋이로220번길,주도로,145,2
부산광역시,서구,길,해돋이로223번길,주도로,163,2
부산광역시,서구,길,해돋이로226번길,주도로,112,2
부산광역시,서구,길,해돋이로228번길,주도로,109,4
부산광역시,서구,길,해돋이로22번길,주도로,101,3
부산광역시,서구,길,해돋이로231번길,주도로,103,2
부산광역시,서구,길,해돋이로239번길,주도로,161,2
부산광역시,서구,길,해돋이로240번길,주도로,93,2
부산광역시,서구,길,해돋이로244번길,주도로,203,2
부산광역시,서구,길,해돋이로256번길,주도로,179,2
부산광역시,서구,길,해돋이로260번길,주도로,105,2
부산광역시,서구,길,해돋이로269번길,주도로,445,5
부산광역시,서구,길,해돋이로273번길,주도로,387,2
부산광역시,서구,길,해돋이로277번길,주도로,110,3
부산광역시,서구,길,해돋이로283번길,주도로,94,2
부산광역시,서구,길,해돋이로287번길,주도로,86,2
부산광역시,서구,길,해돋이로303번길,주도로,308,4
부산광역시,서구,길,해돋이로314번길,주도로,158,2
부산광역시,서구,길,해돋이로315번길,주도로,83,2
부산광역시,서구,길,해돋이로322번길,주도로,150,3
부산광역시,서구,길,해돋이로330번길,주도로,138,3
부산광역시,서구,길,해돋이로331번길,주도로,141,2
부산광역시,서구,길,해돋이로335번길,주도로,102,2
부산광역시,서구,길,해돋이로336번길,주도로,115,2
부산광역시,서구,길,해돋이로340번길,주도로,122,2
부산광역시,서구,길,해돋이로346번길,주도로,124,3
부산광역시,서구,길,해돋이로375번길,주도로,85,2
부산광역시,서구,길,해돋이로377번길,주도로,220,4
부산광역시,서구,길,해돋이로378번길,주도로,358,2
부산광역시,서구,길,해돋이로379번길,주도로,179,3
부산광역시,서구,길,해돋이로383번길,주도로,260,3
부산광역시,서구,길,해돋이로388번길,주도로,107,2
부산광역시,서구,길,해돋이로39번길,주도로,104,4
부산광역시,서구,길,해돋이로400번길,주도로,117,2
부산광역시,서구,길,해돋이로408번길,주도로,129,4
부산광역시,서구,길,해돋이로41번길,주도로,105,2
부산광역시,서구,길,해돋이로53번가길,주도로,78,2
부산광역시,서구,길,해돋이로53번길,주도로,182,2
부산광역시,서구,길,해돋이로56번길,주도로,79,2
부산광역시,서구,길,해돋이로59번가길,주도로,108,2
부산광역시,서구,길,해돋이로59번길,주도로,145,2
부산광역시,서구,길,해돋이로77번길,주도로,59,8
부산광역시,서구,길,해돋이로81번길,주도로,63,2
부산광역시,서구,길,해돋이로84번길,주도로,240,2
부산광역시,서구,길,해돋이로89번길,주도로,92,2
부산광역시,서구,길,해돋이로95번길,주도로,105,2
부산광역시,서구,길,해돋이로99번길,주도로,172,2
부산광역시,서구,길,해안새벽시장길,주도로,855,7
부산광역시,서구,로,해양로,주도로,172,4
부산광역시,서구,길,해양로22번길,주도로,71,3
부산광역시,서구,길,해양로23번길,주도로,120,2
부산광역시,서구,길,해양로34번길,주도로,147,2
부산광역시,서구,로,흑교로,주도로,1070,24
부산광역시,서구,길,흑교로105번길,주도로,136,8
부산광역시,서구,길,흑교로109번길,주도로,258,8
부산광역시,동구,로,고관로,주도로,1938,15
부산광역시,동구,길,고관로101번길,주도로,155,2
부산광역시,동구,길,고관로13번길,주도로,398,10
부산광역시,동구,길,고관로13번나길,주도로,143,4
부산광역시,동구,길,고관로141번길,주도로,129,6
부산광역시,동구,길,고관로153번가길,주도로,100,1
부산광역시,동구,길,고관로153번길,주도로,149,6
부산광역시,동구,길,고관로153번나길,주도로,43,2
부산광역시,동구,길,고관로153번다길,주도로,35,1
부산광역시,동구,길,고관로159번길,주도로,198,3
부산광역시,동구,길,고관로185번길,주도로,70,2
부산광역시,동구,길,고관로29번길,주도로,476,8
부산광역시,동구,길,고관로33번길,주도로,116,2
부산광역시,동구,길,고관로41번길,주도로,118,2
부산광역시,동구,길,고관로53번길,주도로,71,2
부산광역시,동구,길,고관로63번길,주도로,136,8
부산광역시,동구,길,고관로77번가길,주도로,98,2
부산광역시,동구,길,고관로77번길,주도로,166,2
부산광역시,동구,길,고관로7번길,주도로,187,3
부산광역시,동구,길,고관로80번길,주도로,186,2
부산광역시,동구,길,고관로93번길,주도로,134,3
부산광역시,동구,길,구봉남길,주도로,202,7
부산광역시,동구,길,구봉남길10번길,주도로,97,3
부산광역시,동구,길,구봉남길14번길,주도로,75,2
부산광역시,동구,로,구봉로,주도로,725,12
부산광역시,동구,길,구봉로49번길,주도로,117,6
부산광역시,동구,길,구봉로51번길,주도로,172,2
부산광역시,동구,길,구봉로55번길,주도로,96,4
부산광역시,동구,길,구봉로59번길,주도로,117,6
부산광역시,동구,길,구봉북길,주도로,234,4
부산광역시,동구,길,구봉북길4번가길,주도로,64,4
부산광역시,동구,길,구봉북길4번길,주도로,125,4
부산광역시,동구,길,구봉북길4번나길,주도로,33,3
부산광역시,동구,길,구봉북길6번길,주도로,117,2
부산광역시,동구,길,구봉북길9번길,주도로,66,2
부산광역시,동구,길,구봉중길,주도로,614,7
부산광역시,동구,길,구봉중길12번길,주도로,104,2
부산광역시,동구,길,구봉중길5번가길,주도로,135,3
부산광역시,동구,길,구봉중길5번길,주도로,132,2
부산광역시,동구,길,구봉중길5번나길,주도로,112,2
부산광역시,동구,길,구봉중길6번가길,주도로,110,1
부산광역시,동구,길,구봉중길6번길,주도로,256,2
부산광역시,동구,로,구청로,주도로,223,12
부산광역시,동구,길,능풍길,주도로,300,3
부산광역시,동구,길,능풍길5번길,주도로,107,4
부산광역시,동구,길,능풍길7번길,주도로,260,4
부산광역시,동구,길,대영로239번길,주도로,350,6
부산광역시,동구,길,대영로243번길,주도로,570,6
부산광역시,동구,길,대영로247번길,주도로,145,5
부산광역시,동구,로,망양로,주도로,10068,12
부산광역시,동구,길,망양로461번길,주도로,76,4
부산광역시,동구,길,망양로463번길,주도로,71,4
부산광역시,동구,길,망양로465번길,주도로,71,4
부산광역시,동구,길,망양로467번길,주도로,74,4
부산광역시,동구,길,망양로476번길,주도로,97,3
부산광역시,동구,길,망양로478번길,주도로,105,3
부산광역시,동구,길,망양로479번길,주도로,114,4
부산광역시,동구,길,망양로486번길,주도로,108,8
부산광역시,동구,길,망양로488번길,주도로,102,2
부산광역시,동구,길,망양로490번길,주도로,89,2
부산광역시,동구,길,망양로525번길,주도로,138,3
부산광역시,동구,길,망양로533번가길,주도로,131,2
부산광역시,동구,길,망양로533번길,주도로,240,6
부산광역시,동구,길,망양로562번길,주도로,156,2
부산광역시,동구,길,망양로579번가길,주도로,51,2
부산광역시,동구,길,망양로579번길,주도로,178,3
부산광역시,동구,길,망양로579번나길,주도로,67,2
부산광역시,동구,길,망양로579번다길,주도로,52,2
부산광역시,동구,길,망양로580번길,주도로,81,2
부산광역시,동구,길,망양로588번길,주도로,68,2
부산광역시,동구,길,망양로590번길,주도로,81,2
부산광역시,동구,길,망양로593번길,주도로,197,4
부산광역시,동구,길,망양로594번길,주도로,95,2
부산광역시,동구,길,망양로596번길,주도로,110,6
부산광역시,동구,길,망양로599번길,주도로,107,2
부산광역시,동구,길,망양로600번가길,주도로,152,5
부산광역시,동구,길,망양로600번길,주도로,84,5
부산광역시,동구,길,망양로607번길,주도로,125,2
부산광역시,동구,길,망양로609번길,주도로,129,4
부산광역시,동구,길,망양로610번길,주도로,329,6
부산광역시,동구,길,망양로614번길,주도로,65,2
부산광역시,동구,길,망양로615번가길,주도로,151,2
부산광역시,동구,길,망양로615번길,주도로,132,4
부산광역시,동구,길,망양로668번길,주도로,172,4
부산광역시,동구,길,망양로672번길,주도로,256,3
부산광역시,동구,길,망양로682번길,주도로,112,3
부산광역시,동구,길,망양로685번길,주도로,451,6
부산광역시,동구,길,망양로689번길,주도로,238,5
부산광역시,동구,길,망양로694번길,주도로,174,2
부산광역시,동구,길,망양로710번길,주도로,121,2
부산광역시,동구,길,망양로712번길,주도로,137,3
부산광역시,동구,길,망양로718번길,주도로,95,3
부산광역시,동구,길,망양로724번길,주도로,88,2
부산광역시,동구,길,망양로730번길,주도로,77,2
부산광역시,동구,길,망양로735번길,주도로,198,4
부산광역시,동구,길,망양로737번길,주도로,134,4
부산광역시,동구,길,망양로738번길,주도로,124,4
부산광역시,동구,길,망양로739번길,주도로,135,4
부산광역시,동구,길,망양로745번길,주도로,107,2
부산광역시,동구,길,망양로747번길,주도로,94,4
부산광역시,동구,길,망양로750번길,주도로,82,2
부산광역시,동구,길,망양로751번길,주도로,111,3
부산광역시,동구,길,망양로756번가길,주도로,108,1
부산광역시,동구,길,망양로756번길,주도로,226,7
부산광역시,동구,길,망양로757번길,주도로,73,2
부산광역시,동구,길,망양로759번길,주도로,68,2
부산광역시,동구,길,망양로763번길,주도로,71,2
부산광역시,동구,길,망양로764번길,주도로,104,2
부산광역시,동구,길,망양로769번길,주도로,95,2
부산광역시,동구,길,망양로773번길,주도로,154,6
부산광역시,동구,길,망양로774번가길,주도로,117,2
부산광역시,동구,길,망양로774번길,주도로,157,6
부산광역시,동구,길,망양로781번길,주도로,70,2
부산광역시,동구,길,망양로783번길,주도로,112,2
부산광역시,동구,길,망양로793번길,주도로,159,8
부산광역시,동구,길,망양로795번길,주도로,202,5
부산광역시,동구,길,망양로802번길,주도로,99,1
부산광역시,동구,길,망양로806번가길,주도로,65,1
부산광역시,동구,길,망양로806번길,주도로,102,2
부산광역시,동구,길,망양로808번길,주도로,75,3
부산광역시,동구,길,망양로809번길,주도로,159,4
부산광역시,동구,길,망양로813번길,주도로,55,2
부산광역시,동구,길,망양로815번길,주도로,57,1
부산광역시,동구,길,망양로816번길,주도로,87,3
부산광역시,동구,길,망양로821번길,주도로,130,4
부산광역시,동구,길,망양로822번길,주도로,82,3
부산광역시,동구,길,망양로828번길,주도로,102,4
부산광역시,동구,길,망양로833번가길,주도로,102,2
부산광역시,동구,길,망양로833번길,주도로,79,4
부산광역시,동구,길,망양로844번길,주도로,138,3
부산광역시,동구,길,망양로846번길,주도로,123,4
부산광역시,동구,길,망양로847번길,주도로,149,4
부산광역시,동구,길,망양로848번길,주도로,200,1
부산광역시,동구,길,망양로852번길,주도로,177,5
부산광역시,동구,길,망양로859번길,주도로,91,3
부산광역시,동구,길,망양로860번길,주도로,120,6
부산광역시,동구,길,망양로864번길,주도로,84,2
부산광역시,동구,길,망양로870번길,주도로,157,5
부산광역시,동구,길,망양로871번길,주도로,86,3
부산광역시,동구,길,망양로873번길,주도로,145,3
부산광역시,동구,길,망양로875번길,주도로,219,4
부산광역시,동구,길,망양로879번길,주도로,268,4
부산광역시,동구,길,망양로886번길,주도로,116,4
부산광역시,동구,길,망양로889번길,주도로,107,4
부산광역시,동구,길,망양로899번길,주도로,159,5
부산광역시,동구,길,망양로902번가길,주도로,125,2
부산광역시,동구,길,망양로902번길,주도로,111,4
부산광역시,동구,길,망양로923번길,주도로,110,3
부산광역시,동구,길,망양로931번가길,주도로,89,2
부산광역시,동구,길,망양로931번길,주도로,144,2
부산광역시,동구,길,망양로937번길,주도로,182,6
부산광역시,동구,길,망양로945번길,주도로,308,5
부산광역시,동구,로,범곡남로,주도로,241,12.508
부산광역시,동구,길,범곡남로16번길,주도로,126,4
부산광역시,동구,로,범곡로,주도로,577,12.5
부산광역시,동구,길,범곡로24번길,주도로,74,2
부산광역시,동구,길,범곡로28번길,주도로,140,3
부산광역시,동구,길,범곡로31번길,주도로,94,3
부산광역시,동구,길,범곡로33번가길,주도로,72,5
부산광역시,동구,길,범곡로33번길,주도로,203,5
부산광역시,동구,길,범곡로33번나길,주도로,73,2
부산광역시,동구,길,범곡로39번가길,주도로,78,3
부산광역시,동구,길,범곡로39번길,주도로,167,4
부산광역시,동구,길,범곡로45번길,주도로,113,2
부산광역시,동구,길,범곡로53번길,주도로,80,4
부산광역시,동구,길,범곡로55번길,주도로,82,2
부산광역시,동구,길,범곡로9번가길,주도로,112,2
부산광역시,동구,길,범곡로9번길,주도로,127,5
부산광역시,동구,길,범곡로9번나길,주도로,82,2
부산광역시,동구,길,범곡로9번다길,주도로,175,2
부산광역시,동구,로,범곡북로,주도로,352,12
부산광역시,동구,길,범곡북로14번길,주도로,126,3
부산광역시,동구,길,범곡북로3번길,주도로,220,6
부산광역시,동구,로,범곡서로,주도로,247,12.5
부산광역시,동구,길,범곡서로17번길,주도로,285,5
부산광역시,동구,로,범내남로,주도로,442,12.5
부산광역시,동구,길,범내남로14번길,주도로,85,2
부산광역시,동구,길,범내남로16번길,주도로,60,2
부산광역시,동구,길,범내남로17번길,주도로,78,2
부산광역시,동구,길,범내남로18번길,주도로,99,6
부산광역시,동구,길,범내남로22번길,주도로,95,2
부산광역시,동구,길,범내남로26번길,주도로,116,4
부산광역시,동구,길,범내남로32번길,주도로,86,2
부산광역시,동구,길,범내남로36번길,주도로,68,3
부산광역시,동구,로,범내로,주도로,404,12
부산광역시,동구,길,범내로7번길,주도로,124,2
부산광역시,동구,길,범내로9번길,주도로,296,5
부산광역시,동구,로,범상로,주도로,495,12
부산광역시,동구,길,범상로14번길,주도로,86,4
부산광역시,동구,길,범상로15번길,주도로,88,2
부산광역시,동구,길,범상로1번길,주도로,185,6
부산광역시,동구,길,범상로21번길,주도로,107,4
부산광역시,동구,길,범상로22번길,주도로,68,2
부산광역시,동구,길,범상로26번길,주도로,89,2
부산광역시,동구,길,범상로29번길,주도로,125,2
부산광역시,동구,길,범상로39번가길,주도로,71,2
부산광역시,동구,길,범상로39번길,주도로,363,4
부산광역시,동구,길,범상로39번나길,주도로,95,2
부산광역시,동구,길,범상로43번길,주도로,64,3
부산광역시,동구,길,범상로6번가길,주도로,135,2
부산광역시,동구,길,범상로6번길,주도로,88,2
부산광역시,동구,길,범상로7번길,주도로,107,3
부산광역시,동구,로,범일로,주도로,1853,30
부산광역시,동구,길,범일로102번길,주도로,233,11
부산광역시,동구,길,범일로53번길,주도로,221,5
부산광역시,동구,길,범일로65번길,주도로,189,8
부산광역시,동구,길,범일로89번길,주도로,445,6
부산광역시,동구,길,범일로90번길,주도로,323,15
부산광역시,동구,길,범일이길,주도로,529,4
부산광역시,동구,길,범일이길20번길,주도로,379,3
부산광역시,동구,길,범일일길,주도로,552,5
부산광역시,동구,길,범일일길11번가길,주도로,133,3
부산광역시,동구,길,범일일길11번길,주도로,102,4
부산광역시,동구,길,범일일길25번길,주도로,70,4
부산광역시,동구,길,범일일길35번길,주도로,98,2
부산광역시,동구,길,범일일길37번길,주도로,76,2
부산광역시,동구,로,부산진성공원로,주도로,380,15
부산광역시,동구,길,부산진성공원로3번길,주도로,169,2
부산광역시,동구,로,성남로,주도로,1008,40
부산광역시,동구,길,성남로29번가길,주도로,94,5
부산광역시,동구,길,성남로29번길,주도로,159,6
부산광역시,동구,길,성남로29번나길,주도로,86,2
부산광역시,동구,길,성남로33번길,주도로,101,2
부산광역시,동구,길,성남로47번길,주도로,269,10
부산광역시,동구,길,성남로49번길,주도로,137,6
부산광역시,동구,길,성남오길,주도로,294,2
부산광역시,동구,길,성남오길11번길,주도로,114,2
부산광역시,동구,길,성남오길17번길,주도로,56,2
부산광역시,동구,길,성남오길23번길,주도로,64,2
부산광역시,동구,길,성남오길7번길,주도로,58,2
부산광역시,동구,길,성남육길,주도로,274,2
부산광역시,동구,길,성남육길7번길,주도로,70,2
부산광역시,동구,로,성남이로,주도로,307,10
부산광역시,동구,길,성남이로11번길,주도로,124,5
부산광역시,동구,길,성남이로13번길,주도로,132,2
부산광역시,동구,길,성남이로21번길,주도로,124,3
부산광역시,동구,길,성남이로37번가길,주도로,76,4
부산광역시,동구,길,성남이로37번길,주도로,132,4
부산광역시,동구,길,성남이로37번나길,주도로,103,6
부산광역시,동구,길,성남이로38번길,주도로,254,8
부산광역시,동구,길,성남이로3번길,주도로,123,2
부산광역시,동구,길,성남이로40번길,주도로,175,2
부산광역시,동구,길,성남이로46번길,주도로,274,6
부산광역시,동구,길,성남이로56번길,주도로,141,7
부산광역시,동구,길,성남이로57번길,주도로,147,2
부산광역시,동구,길,성남이로59번길,주도로,133,3
부산광역시,동구,길,성남이로5번길,주도로,123,2
부산광역시,동구,길,성남이로60번길,주도로,178,5
부산광역시,동구,길,성남이로7번길,주도로,124,2
부산광역시,동구,길,성남이로9번길,주도로,124,2
부산광역시,동구,로,성남일로,주도로,212,13
부산광역시,동구,길,성남칠길,주도로,333,4
부산광역시,동구,로,성북로,주도로,621,9
부산광역시,동구,길,성북로15번길,주도로,199,2
부산광역시,동구,길,성북로16번길,주도로,68,2
부산광역시,동구,길,성북로1번길,주도로,303,5
부산광역시,동구,길,성북로22번길,주도로,142,5
부산광역시,동구,길,성북로27번길,주도로,103,4
부산광역시,동구,길,성북로2번길,주도로,96,2
부산광역시,동구,길,성북로33번길,주도로,83,2
부산광역시,동구,길,성북로36번길,주도로,277,7
부산광역시,동구,길,성북로42번길,주도로,218,5
부산광역시,동구,길,성북로45번가길,주도로,96,2
부산광역시,동구,길,성북로45번길,주도로,96,3
부산광역시,동구,길,성북로52번길,주도로,118,2
부산광역시,동구,길,성북로54번길,주도로,174,2
부산광역시,동구,길,성북로55번길,주도로,120,1
부산광역시,동구,길,성북로5번길,주도로,75,2
부산광역시,동구,길,성북로6번길,주도로,98,2
부산광역시,동구,로,수성남로,주도로,494,12
부산광역시,동구,길,수성남로13번길,주도로,103,2
부산광역시,동구,로,수성로,주도로,560,12
부산광역시,동구,길,수성로11번길,주도로,85,2
부산광역시,동구,길,수성로19번길,주도로,115,2
부산광역시,동구,길,수성로21번길,주도로,93,2
부산광역시,동구,길,수성로23번길,주도로,88,2
부산광역시,동구,길,수성로27번길,주도로,81,2
부산광역시,동구,길,수성로31번길,주도로,73,2
부산광역시,동구,길,수성로37번길,주도로,82,2
부산광역시,동구,길,수성로41번길,주도로,90,5
부산광역시,동구,로,수정공원남로,주도로,794,12
부산광역시,동구,로,수정공원로,주도로,1654,12
부산광역시,동구,길,수정공원로105번길,주도로,228,6
부산광역시,동구,길,수정공원로113번길,주도로,79,3
부산광역시,동구,길,수정공원로115번길,주도로,92,3
부산광역시,동구,길,수정공원로121번길,주도로,91,4
부산광역시,동구,길,수정공원로125번길,주도로,107,2
부산광역시,동구,길,수정공원로129번길,주도로,61,4
부산광역시,동구,길,수정공원로12번길,주도로,161,6
부산광역시,동구,길,수정공원로149번길,주도로,93,2
부산광역시,동구,길,수정공원로161번길,주도로,72,4
부산광역시,동구,길,수정공원로163번길,주도로,140,2
부산광역시,동구,길,수정공원로37번길,주도로,72,4
부산광역시,동구,길,수정공원로43번길,주도로,98,4
부산광역시,동구,길,수정공원로4번길,주도로,129,2
부산광역시,동구,길,수정공원로68번길,주도로,101,2
부산광역시,동구,로,수정공원북로,주도로,309,12
부산광역시,동구,길,수정공원북로11번길,주도로,113,4
부산광역시,동구,길,수정공원북로17번길,주도로,63,4
부산광역시,동구,길,수정공원북로23번길,주도로,87,2
부산광역시,동구,길,수정공원북로3번길,주도로,106,4
부산광역시,동구,로,수정공원상로,주도로,937,12
부산광역시,동구,길,수정공원상로14번길,주도로,115,6
부산광역시,동구,길,수정공원상로20번가길,주도로,231,4
부산광역시,동구,길,수정공원상로20번길,주도로,62,4
부산광역시,동구,로,수정공원중로,주도로,214,12
부산광역시,동구,길,수정공원중로4번길,주도로,104,4
부산광역시,동구,로,수정남로,주도로,277,12
부산광역시,동구,길,수정남로14번길,주도로,64,2
부산광역시,동구,길,수정남로16번길,주도로,95,2
부산광역시,동구,로,수정동로,주도로,338,12
부산광역시,동구,길,수정동로13번길,주도로,86,2
부산광역시,동구,길,수정동로15번길,주도로,90,2
부산광역시,동구,길,수정동로16번가길,주도로,74,2
부산광역시,동구,길,수정동로16번길,주도로,79,8
부산광역시,동구,길,수정동로17번길,주도로,47,2
부산광역시,동구,로,수정로,주도로,707,12
부산광역시,동구,길,수정로17번가길,주도로,43,2
부산광역시,동구,길,수정로17번길,주도로,181,6
부산광역시,동구,길,수정로33번길,주도로,109,3
부산광역시,동구,길,수정로40번길,주도로,88,2
부산광역시,동구,길,수정로43번길,주도로,83,2
부산광역시,동구,길,수정로68번길,주도로,77,8
부산광역시,동구,로,수정북로,주도로,484,13
부산광역시,동구,길,수정북로17번길,주도로,60,4
부산광역시,동구,길,수정북로23번길,주도로,328,6
부산광역시,동구,길,수정북로34번가길,주도로,139,2
부산광역시,동구,길,수정북로34번길,주도로,278,4
부산광역시,동구,길,수정북로46번길,주도로,115,4
부산광역시,동구,로,수정서로,주도로,268,12
부산광역시,동구,길,수정서로12번길,주도로,81,2
부산광역시,동구,길,수정서로20번길,주도로,105,4
부산광역시,동구,길,수정서로26번길,주도로,100,3
부산광역시,동구,길,수정서로4번길,주도로,111,3
부산광역시,동구,로,수정외솔로,주도로,398,12
부산광역시,동구,길,수정외솔로11번길,주도로,130,2
부산광역시,동구,길,수정외솔로13번길,주도로,76,2
부산광역시,동구,길,수정외솔로16번길,주도로,57,2
부산광역시,동구,길,수정외솔로18번길,주도로,63,2
부산광역시,동구,길,수정외솔로19번길,주도로,67,2
부산광역시,동구,길,수정외솔로20번길,주도로,50,2
부산광역시,동구,길,수정외솔로7번길,주도로,100,4
부산광역시,동구,로,수정중로,주도로,480,12
부산광역시,동구,길,수정중로11번길,주도로,170,12
부산광역시,동구,길,수정중로15번길,주도로,108,2
부산광역시,동구,길,수정중로17번길,주도로,172,6
부산광역시,동구,길,수정중로20번길,주도로,186,6
부산광역시,동구,길,수정중로37번가길,주도로,80,6
부산광역시,동구,길,수정중로37번길,주도로,208,6
부산광역시,동구,길,수정중로38번길,주도로,131,7
부산광역시,동구,길,수정중로4번길,주도로,138,5
부산광역시,동구,길,수정중로6번길,주도로,88,2
부산광역시,동구,로,안창로,주도로,975,15
부산광역시,동구,길,안창로1번가길,주도로,63,2
부산광역시,동구,길,안창로1번길,주도로,207,4
부산광역시,동구,길,안창로1번나길,주도로,108,2
부산광역시,동구,길,안창로21번길,주도로,165,3
부산광역시,동구,길,안창로60번길,주도로,399,2
부산광역시,동구,길,안창로69번가길,주도로,94,2
부산광역시,동구,길,안창로69번길,주도로,124,3
부산광역시,동구,길,안창로72번길,주도로,751,3
부산광역시,동구,길,안창로77번가길,주도로,87,2
부산광역시,동구,길,안창로77번길,주도로,206,3
부산광역시,동구,길,안창로89번가길,주도로,88,3
부산광역시,동구,길,안창로89번길,주도로,120,3
부산광역시,동구,길,안창로92번길,주도로,131,2
부산광역시,동구,길,안창로97번길,주도로,99,2
부산광역시,동구,길,영초길,주도로,1230,6
부산광역시,동구,길,영초길148번길,주도로,88,2
부산광역시,동구,길,영초길191번길,주도로,88,2
부산광역시,동구,길,영초길193번길,주도로,96,2
부산광역시,동구,길,영초길197번길,주도로,58,3
부산광역시,동구,길,영초길211번가길,주도로,132,2
부산광역시,동구,길,영초길211번길,주도로,166,7
부산광역시,동구,길,영초길212번길,주도로,91,1
부산광역시,동구,길,영초길216번길,주도로,85,4
부산광역시,동구,길,영초길232번길,주도로,145,2
부산광역시,동구,길,영초길237번길,주도로,123,3
부산광역시,동구,길,영초길247번가길,주도로,117,2
부산광역시,동구,길,영초길247번길,주도로,161,4
부산광역시,동구,길,영초길247번나길,주도로,51,2
부산광역시,동구,길,영초길252번길,주도로,90,3
부산광역시,동구,길,영초윗길,주도로,619,8
부산광역시,동구,길,영초윗길26번길,주도로,108,3
부산광역시,동구,길,영초윗길38번길,주도로,74,1
부산광역시,동구,길,영초윗길42번길,주도로,74,2
부산광역시,동구,길,영초윗길46번길,주도로,90,2
부산광역시,동구,길,영초윗길48번길,주도로,93,2
부산광역시,동구,길,영초윗길62번길,주도로,171,2
부산광역시,동구,대로,이순신대로,주도로,2302,44
부산광역시,동구,길,이순신대로107번길,주도로,235,33
부산광역시,동구,길,이순신대로169번길,주도로,184.738,41
부산광역시,동구,길,이순신대로187번길,주도로,165.855,30
부산광역시,동구,길,이순신대로203번길,주도로,187.71,19
부산광역시,동구,길,이순신대로215번길,주도로,233.059,50
부산광역시,동구,로,자성로,주도로,1589,30
부산광역시,동구,길,자성로103번길,주도로,205,5
부산광역시,동구,길,자성로108번길,주도로,155,3
부산광역시,동구,길,자성로111번길,주도로,188,8
부산광역시,동구,길,자성로116번길,주도로,203,2
부산광역시,동구,길,자성로133번길,주도로,557,11
부산광역시,동구,길,자성로140번길,주도로,354,8
부산광역시,동구,길,자성로141번길,주도로,525,10
부산광역시,동구,길,자성로75번길,주도로,311,8
부산광역시,동구,길,자성로87번길,주도로,136,4
부산광역시,동구,길,자성로89번길,주도로,164,6
부산광역시,동구,길,자성로8번길,주도로,360,8
부산광역시,동구,길,자성로90번길,주도로,148,8
부산광역시,동구,로,자유평화로,주도로,575,18
부산광역시,동구,로,정공단로,주도로,572,12
부산광역시,동구,길,정공단로11번가길,주도로,128,2
부산광역시,동구,길,정공단로11번길,주도로,74,3
부산광역시,동구,길,정공단로17번가길,주도로,125,2
부산광역시,동구,길,정공단로17번길,주도로,145,7
부산광역시,동구,길,정공단로1번길,주도로,245,5
부산광역시,동구,길,정공단로21번가길,주도로,141,5
부산광역시,동구,길,정공단로21번길,주도로,148,4
부산광역시,동구,길,정공단로23번길,주도로,105,2
부산광역시,동구,길,정공단로39번길,주도로,116,4
부산광역시,동구,길,정공단로47번길,주도로,196,5
부산광역시,동구,로,조방로,주도로,630,34
부산광역시,동구,길,조방로10번길,주도로,281,11
부산광역시,동구,길,조방로16번길,주도로,293,11
부산광역시,동구,길,조방로26번길,주도로,302,11
부산광역시,동구,길,조방로34번길,주도로,312,11
부산광역시,동구,길,조방로38번길,주도로,157,6
부산광역시,동구,길,조방로42번길,주도로,158,11
부산광역시,동구,길,조방로49번길,주도로,329,15
부산광역시,동구,길,조방로53번길,주도로,245,5
부산광역시,동구,로,좌천남로,주도로,254,12
부산광역시,동구,길,좌천남로9번길,주도로,191,3
부산광역시,동구,로,좌천동로,주도로,196,10
부산광역시,동구,길,좌천동로5번길,주도로,125,4
부산광역시,동구,로,좌천로,주도로,623,9
부산광역시,동구,로,좌천서로,주도로,145,12
부산광역시,동구,길,중동길,주도로,370,4
부산광역시,동구,길,중동길1번길,주도로,60,1
부산광역시,동구,길,중동길3번길,주도로,130,2
부산광역시,동구,대로,중앙대로,주도로,25900,40
부산광역시,동구,길,중앙대로179번길,주도로,196,11
부산광역시,동구,길,중앙대로180번길,주도로,175,8
부산광역시,동구,길,중앙대로195번가길,주도로,288,11
부산광역시,동구,길,중앙대로195번길,주도로,191,11
부산광역시,동구,길,중앙대로196번길,주도로,161,10
부산광역시,동구,길,중앙대로203번길,주도로,115,10
부산광역시,동구,길,중앙대로209번길,주도로,193,10
부산광역시,동구,길,중앙대로214번길,주도로,165,12
부산광역시,동구,길,중앙대로221번가길,주도로,121,4
부산광역시,동구,길,중앙대로221번길,주도로,277,11
부산광역시,동구,길,중앙대로226번길,주도로,144,8
부산광역시,동구,길,중앙대로229번길,주도로,126,1
부산광역시,동구,길,중앙대로231번길,주도로,286,10
부산광역시,동구,길,중앙대로236번길,주도로,150,11
부산광역시,동구,길,중앙대로241번길,주도로,148,4
부산광역시,동구,길,중앙대로248번길,주도로,160,8
부산광역시,동구,길,중앙대로251번길,주도로,286,9
부산광역시,동구,길,중앙대로260번길,주도로,384,11
부산광역시,동구,길,중앙대로274번길,주도로,100,14
부산광역시,동구,길,중앙대로286번길,주도로,153,15
부산광역시,동구,길,중앙대로296번길,주도로,145,8
부산광역시,동구,길,중앙대로308번길,주도로,367,11
부산광역시,동구,길,중앙대로320번길,주도로,132,8
부산광역시,동구,길,중앙대로332번길,주도로,96,15
부산광역시,동구,길,중앙대로349번길,주도로,279,11
부산광역시,동구,길,중앙대로361번길,주도로,229,8
부산광역시,동구,길,중앙대로371번길,주도로,431,8
부산광역시,동구,길,중앙대로389번길,주도로,131,5
부산광역시,동구,길,중앙대로399번길,주도로,148,14
부산광역시,동구,길,중앙대로448번길,주도로,169,3
부산광역시,동구,길,중앙대로460번가길,주도로,108,2
부산광역시,동구,길,중앙대로460번길,주도로,367,7
부산광역시,동구,길,중앙대로460번나길,주도로,140,1
부산광역시,동구,길,중앙대로533번길,주도로,180,3
부산광역시,동구,로,증산동로,주도로,845,12
부산광역시,동구,길,증산동로37번길,주도로,145,4
부산광역시,동구,로,증산로,주도로,1833,12
부산광역시,동구,길,증산로103번길,주도로,66,4
부산광역시,동구,길,증산로109번길,주도로,83,4
부산광역시,동구,길,증산로113번길,주도로,72,4
부산광역시,동구,길,증산로121번길,주도로,63,4
부산광역시,동구,길,증산로125번길,주도로,90,5
부산광역시,동구,길,증산로142번길,주도로,177,2
부산광역시,동구,길,증산로143번가길,주도로,144,1
부산광역시,동구,길,증산로143번길,주도로,183,2
부산광역시,동구,길,증산로146번길,주도로,157,9
부산광역시,동구,길,증산로147번길,주도로,169,8
부산광역시,동구,길,증산로161번길,주도로,93,2
부산광역시,동구,길,증산로162번길,주도로,118,4
부산광역시,동구,길,증산로16번길,주도로,302,3
부산광역시,동구,길,증산로173번길,주도로,116,2
부산광역시,동구,길,증산로181번길,주도로,114,5
부산광역시,동구,길,증산로1번길,주도로,97,3
부산광역시,동구,길,증산로25번가길,주도로,66,2
부산광역시,동구,길,증산로25번길,주도로,223,2
부산광역시,동구,길,증산로25번나길,주도로,89,2
부산광역시,동구,길,증산로3번길,주도로,73,1
부산광역시,동구,길,증산로55번길,주도로,164,3
부산광역시,동구,길,증산로59번길,주도로,152,2
부산광역시,동구,길,증산로65번길,주도로,153,4
부산광역시,동구,길,증산로69번길,주도로,74,1
부산광역시,동구,길,증산로6번가길,주도로,87,1
부산광역시,동구,길,증산로6번길,주도로,101,2
부산광역시,동구,길,증산로71번길,주도로,56,1
부산광역시,동구,길,증산로73번길,주도로,56,4
부산광역시,동구,길,증산로81번길,주도로,95,4
부산광역시,동구,길,증산로8번길,주도로,135,1
부산광역시,동구,길,증산로97번길,주도로,65,4
부산광역시,동구,길,증산로99번길,주도로,45,4
부산광역시,동구,로,증산북로,주도로,319,12
부산광역시,동구,길,증산북로11번길,주도로,95,2
부산광역시,동구,길,증산북로13번가길,주도로,77,1
부산광역시,동구,길,증산북로13번길,주도로,140,2
부산광역시,동구,길,증산북로20번가길,주도로,134,2
부산광역시,동구,길,증산북로20번길,주도로,94,2
부산광역시,동구,길,증산북로9번길,주도로,154,2
부산광역시,동구,로,증산서로,주도로,627,12
부산광역시,동구,길,증산서로13번길,주도로,76,2
부산광역시,동구,길,증산서로18번길,주도로,171,2
부산광역시,동구,길,증산서로19번길,주도로,64,2
부산광역시,동구,길,증산서로23번길,주도로,61,5
부산광역시,동구,길,증산서로2번길,주도로,112,4
부산광역시,동구,길,증산서로46번길,주도로,94,3
부산광역시,동구,길,증산서로62번길,주도로,77,2
부산광역시,동구,길,증산서로6번길,주도로,123,3
부산광역시,동구,길,증산서로7번길,주도로,149,2
부산광역시,동구,로,진성로,주도로,994,13
부산광역시,동구,길,진성로11번길,주도로,99,2
부산광역시,동구,길,진성로21번길,주도로,194,8
부산광역시,동구,길,진성로28번가길,주도로,85,3
부산광역시,동구,길,진성로28번길,주도로,194,10
부산광역시,동구,길,진성로28번나길,주도로,55,2
부산광역시,동구,길,진성로36번길,주도로,75,5
부산광역시,동구,길,진성로3번길,주도로,98,4
부산광역시,동구,길,진성로47번길,주도로,97,2
부산광역시,동구,길,진성로51번길,주도로,66,3
부산광역시,동구,길,진성로60번길,주도로,65,2
부산광역시,동구,길,진성로65번길,주도로,106,3
부산광역시,동구,길,진성로66번길,주도로,99,2
부산광역시,동구,길,진성로68번가길,주도로,61,3
부산광역시,동구,길,진성로68번길,주도로,134,2
부산광역시,동구,길,진성로70번길,주도로,61,5
부산광역시,동구,길,진성로71번가길,주도로,106,2
부산광역시,동구,길,진성로71번길,주도로,263,6
부산광역시,동구,길,진성로75번가길,주도로,54,3
부산광역시,동구,길,진성로75번길,주도로,112,5
부산광역시,동구,길,진성로75번나길,주도로,115,3
부산광역시,동구,길,진성로9번길,주도로,351,8
부산광역시,동구,로,진시장로,주도로,273,25
부산광역시,동구,길,진시장로10번길,주도로,107,2
부산광역시,동구,길,진시장로16번길,주도로,163,2
부산광역시,동구,길,진시장로20번길,주도로,304,6
부산광역시,동구,로,초량남로,주도로,549,12
부산광역시,동구,길,초량남로17번가길,주도로,100,2
부산광역시,동구,길,초량남로17번길,주도로,215,6
부산광역시,동구,길,초량남로43번길,주도로,107,4
부산광역시,동구,로,초량로,주도로,1240,15
부산광역시,동구,길,초량로100번길,주도로,189,6
부산광역시,동구,길,초량로108번길,주도로,435,6
부산광역시,동구,길,초량로109번길,주도로,136,3
부산광역시,동구,길,초량로10번길,주도로,119,3
부산광역시,동구,길,초량로13번길,주도로,458,10
부산광역시,동구,길,초량로14번길,주도로,93,2
부산광역시,동구,길,초량로16번길,주도로,81,3
부산광역시,동구,길,초량로25번길,주도로,90,3
부산광역시,동구,길,초량로40번가길,주도로,105,3
부산광역시,동구,길,초량로40번길,주도로,237,10
부산광역시,동구,길,초량로40번나길,주도로,84,2
부산광역시,동구,길,초량로45번길,주도로,123,2
부산광역시,동구,길,초량로60번길,주도로,192,5
부산광역시,동구,길,초량로65번길,주도로,89,2
부산광역시,동구,길,초량로68번길,주도로,64,2
부산광역시,동구,길,초량로73번길,주도로,81,3
부산광역시,동구,길,초량로75번길,주도로,147,6
부산광역시,동구,길,초량로80번길,주도로,445,6
부산광역시,동구,길,초량로85번길,주도로,46,3
부산광역시,동구,길,초량로87번가길,주도로,64,2
부산광역시,동구,길,초량로87번길,주도로,53,4
부산광역시,동구,길,초량로97번길,주도로,99,2
부산광역시,동구,로,초량북로,주도로,500,12
부산광역시,동구,길,초량북로15번길,주도로,98,4
부산광역시,동구,길,초량북로17번길,주도로,103,3
부산광역시,동구,길,초량북로23번길,주도로,72,2
부산광역시,동구,길,초량북로25번길,주도로,75,3
부산광역시,동구,길,초량북로29번길,주도로,73,4
부산광역시,동구,길,초량북로39번가길,주도로,87,3
부산광역시,동구,길,초량북로39번길,주도로,93,3
부산광역시,동구,길,초량북로42번길,주도로,75,3
부산광역시,동구,길,초량북로47번길,주도로,109,2
부산광역시,동구,길,초량북로5번길,주도로,113,3
부산광역시,동구,로,초량상로,주도로,1608,10
부산광역시,동구,길,초량상로103번길,주도로,94,2
부산광역시,동구,길,초량상로105번길,주도로,86,2
부산광역시,동구,길,초량상로157번길,주도로,279,6
부산광역시,동구,길,초량상로25번길,주도로,153,8
부산광역시,동구,길,초량상로35번길,주도로,148,3
부산광역시,동구,길,초량상로37번길,주도로,300,6
부산광역시,동구,길,초량상로51번길,주도로,130,5
부산광역시,동구,길,초량상로61번길,주도로,166,2
부산광역시,동구,길,초량상로63번가길,주도로,209,6
부산광역시,동구,길,초량상로63번길,주도로,167,5
부산광역시,동구,길,초량상로65번길,주도로,242,6
부산광역시,동구,길,초량상로69번길,주도로,121,2
부산광역시,동구,길,초량상로75번길,주도로,93,2
부산광역시,동구,길,초량상로79번가길,주도로,130,2
부산광역시,동구,길,초량상로79번길,주도로,225,11
부산광역시,동구,길,초량상로89번길,주도로,220,3
부산광역시,동구,로,초량중로,주도로,1400,12
부산광역시,동구,길,초량중로103번길,주도로,85,2
부산광역시,동구,길,초량중로115번길,주도로,78,3
부산광역시,동구,길,초량중로127번길,주도로,96,3
부산광역시,동구,길,초량중로16번길,주도로,72,2
부산광역시,동구,길,초량중로17번길,주도로,89,2
부산광역시,동구,길,초량중로21번길,주도로,81,8
부산광역시,동구,길,초량중로32번길,주도로,108,2
부산광역시,동구,길,초량중로33번길,주도로,82,8
부산광역시,동구,길,초량중로34번길,주도로,118,6
부산광역시,동구,길,초량중로35번길,주도로,104,3
부산광역시,동구,길,초량중로41번길,주도로,83,3
부산광역시,동구,길,초량중로47번길,주도로,97,3
부산광역시,동구,길,초량중로68번길,주도로,98,3
부산광역시,동구,길,초량중로77번길,주도로,104,2
부산광역시,동구,길,초량중로80번길,주도로,90,3
부산광역시,동구,길,초량중로93번길,주도로,103,4
부산광역시,동구,대로,충장대로,주도로,3400,50
부산광역시,동구,길,충장대로289번길,주도로,391,8
부산광역시,동구,길,충장대로295번길,주도로,338,7
부산광역시,동구,길,충장대로297번길,주도로,354,7
부산광역시,동구,대로,충장로고가도로,주도로,1358.941,11.787
부산광역시,동구,대로,충장로고가도로,주도로,1397.351,11.095
부산광역시,동구,로,홍곡남로,주도로,554,14
부산광역시,동구,길,홍곡남로18번길,주도로,147,5
부산광역시,동구,길,홍곡남로53번길,주도로,130,2
부산광역시,동구,로,홍곡로,주도로,927,12
부산광역시,동구,길,홍곡로13번길,주도로,118,3
부산광역시,동구,길,홍곡로23번길,주도로,166,2
부산광역시,동구,길,홍곡로29번가길,주도로,70,2
부산광역시,동구,길,홍곡로29번길,주도로,159,3
부산광역시,동구,길,홍곡로29번나길,주도로,52,2
부산광역시,동구,길,홍곡로45번길,주도로,230,5
부산광역시,동구,길,홍곡로58번길,주도로,100,7
부산광역시,동구,길,홍곡로61번길,주도로,94,3
부산광역시,동구,길,홍곡로64번가길,주도로,99,2
부산광역시,동구,길,홍곡로64번길,주도로,162,2
부산광역시,동구,길,홍곡로69번길,주도로,73,2
부산광역시,동구,길,홍곡로91번길,주도로,132,4
부산광역시,동구,로,홍곡중로,주도로,448,12
부산광역시,동구,길,홍곡중로11번길,주도로,72,2
부산광역시,동구,길,홍곡중로19번길,주도로,132,2
부산광역시,동구,길,홍곡중로23번길,주도로,98,2
부산광역시,동구,길,홍곡중로38번길,주도로,115,2
부산광역시,동구,길,홍곡중로5번길,주도로,120,7
부산광역시,영도구,길,감지길,주도로,584,7
부산광역시,영도구,길,감지길87번길,주도로,121,4
부산광역시,영도구,길,감지길91번길,주도로,93,2
부산광역시,영도구,길,감지해변길,주도로,584,11
부산광역시,영도구,길,개나리길,주도로,118,3
부산광역시,영도구,길,개량1길,주도로,293,4
부산광역시,영도구,길,개량2길,주도로,233,2
부산광역시,영도구,길,광암길,주도로,235,9
부산광역시,영도구,길,광암길20번길,주도로,181,2
부산광역시,영도구,길,광암길7번길,주도로,113,2
부산광역시,영도구,길,근면1길,주도로,213,3
부산광역시,영도구,길,근면2길,주도로,208,3
부산광역시,영도구,길,근면길,주도로,487,10
부산광역시,영도구,길,금잔디길,주도로,141,6
부산광역시,영도구,길,까치길,주도로,337,3
부산광역시,영도구,길,꿈나무길,주도로,685,7
부산광역시,영도구,길,나눔길,주도로,282,3
부산광역시,영도구,길,나팔꽃길,주도로,153,2
부산광역시,영도구,길,남도여중길,주도로,132,4
부산광역시,영도구,로,남항남로,주도로,560,11
부산광역시,영도구,길,남항남로11번길,주도로,128,2
부산광역시,영도구,길,남항남로19번길,주도로,335,7
부산광역시,영도구,길,남항남로25번길,주도로,71,2
부산광역시,영도구,길,남항남로31번길,주도로,161,4
부산광역시,영도구,길,남항남로9번길,주도로,329,8
부산광역시,영도구,로,남항로,주도로,550,15
부산광역시,영도구,길,남항로10번길,주도로,167,8
부산광역시,영도구,길,남항로16번길,주도로,167,5
부산광역시,영도구,길,남항로19번길,주도로,317,6
부산광역시,영도구,길,남항로25번길,주도로,315,5
부산광역시,영도구,길,남항로31번길,주도로,315,7
부산광역시,영도구,길,남항로37번길,주도로,131,4
부산광역시,영도구,길,남항로41번길,주도로,314,5
부산광역시,영도구,길,남항로49번길,주도로,314,8
부산광역시,영도구,길,남항로9번길,주도로,316,8
부산광역시,영도구,길,남항새싹1길,주도로,111,3
부산광역시,영도구,길,남항새싹2길,주도로,112,3
부산광역시,영도구,길,남항새싹3길,주도로,112,3
부산광역시,영도구,길,남항새싹4길,주도로,114,6
부산광역시,영도구,길,남항새싹5길,주도로,112,3
부산광역시,영도구,길,남항새싹6길,주도로,111,3
부산광역시,영도구,길,남항새싹7길,주도로,94,3
부산광역시,영도구,길,남항새싹길,주도로,567,6
부산광역시,영도구,로,남항서로,주도로,1412,20
부산광역시,영도구,길,남항서로104번길,주도로,138,6
부산광역시,영도구,길,남항서로70번길,주도로,550,7
부산광역시,영도구,길,남항서로82번길,주도로,415,9
부산광역시,영도구,길,남항서로91번길,주도로,312,12
부산광역시,영도구,길,남항서로92번길,주도로,285,9
부산광역시,영도구,길,남항시장길,주도로,401,8
부산광역시,영도구,길,놀이터길,주도로,196,5
부산광역시,영도구,길,다복솔길,주도로,100,3
부산광역시,영도구,로,대교로,주도로,1600,35
부산광역시,영도구,길,대교로14번길,주도로,336,12
부산광역시,영도구,길,대교로2번길,주도로,320,20
부산광역시,영도구,길,대교로30번길,주도로,171,4
부산광역시,영도구,길,대교로32번길,주도로,157,2
부산광역시,영도구,길,대교로40번길,주도로,58.1,20
부산광역시,영도구,길,대교로46번길,주도로,280,6
부산광역시,영도구,길,대교로6번길,주도로,213,8
부산광역시,영도구,로,대평남로,주도로,704,8
부산광역시,영도구,길,대평남로23번길,주도로,108,2
부산광역시,영도구,길,대평남로31번길,주도로,136,7
부산광역시,영도구,길,대평남로51번길,주도로,258,7
부산광역시,영도구,로,대평로,주도로,633,15
부산광역시,영도구,길,대평로19번길,주도로,210,6
부산광역시,영도구,길,대평로20번길,주도로,157,6
부산광역시,영도구,길,대평로27번길,주도로,146,5
부산광역시,영도구,길,대평로28번길,주도로,131,6
부산광역시,영도구,길,대평로33번길,주도로,103,6
부산광역시,영도구,길,대평로34번길,주도로,119,6
부산광역시,영도구,길,대평로37번길,주도로,92,2
부산광역시,영도구,길,대평로41번길,주도로,79,6
부산광역시,영도구,길,대평로42번길,주도로,60,6
부산광역시,영도구,길,대평로43번길,주도로,71,2
부산광역시,영도구,길,대평로45번길,주도로,65,8
부산광역시,영도구,길,대평로46번길,주도로,124,8
부산광역시,영도구,길,대평로50번길,주도로,57,2
부산광역시,영도구,길,대평로53번길,주도로,56,6
부산광역시,영도구,길,대평로6번길,주도로,270,6
부산광역시,영도구,로,대평북로,주도로,506,9
부산광역시,영도구,길,도래샘길,주도로,99,1
부산광역시,영도구,길,동백꽃길,주도로,178,3
부산광역시,영도구,로,동삼남로,주도로,445,10
부산광역시,영도구,길,동삼남로31번길,주도로,196,6
부산광역시,영도구,로,동삼동로,주도로,364,10
부산광역시,영도구,길,동삼동로13번길,주도로,115,4
부산광역시,영도구,길,동삼동로14번길,주도로,134,5
부산광역시,영도구,로,동삼로,주도로,1319,14
부산광역시,영도구,길,동삼로106번길,주도로,430,8
부산광역시,영도구,길,동삼로108번길,주도로,295,7
부산광역시,영도구,길,동삼로28번길,주도로,220,15
부산광역시,영도구,길,동삼로29번길,주도로,108,5
부산광역시,영도구,길,동삼로42번길,주도로,165,3
부산광역시,영도구,길,동삼로43번길,주도로,132,3
부산광역시,영도구,길,동삼로50번길,주도로,241,7
부산광역시,영도구,길,동삼로59번길,주도로,275,5
부산광역시,영도구,길,동삼로68번길,주도로,243,5
부산광역시,영도구,길,동삼로74번길,주도로,144,8
부산광역시,영도구,길,동삼로77번길,주도로,153,4
부산광역시,영도구,길,동삼로81번길,주도로,151,3
부산광역시,영도구,길,동삼로93번길,주도로,227,3
부산광역시,영도구,로,동삼북로,주도로,554,10
부산광역시,영도구,로,동삼서로,주도로,653,8
부산광역시,영도구,길,동삼서로16번길,주도로,64,2
부산광역시,영도구,로,동삼오션로,주도로,948,15
부산광역시,영도구,길,맛자랑길,주도로,169,3
부산광역시,영도구,길,목련길,주도로,241,2
부산광역시,영도구,길,무궁화길,주도로,243,1
부산광역시,영도구,길,방울꽃길,주도로,141,3
부산광역시,영도구,길,배꽃길,주도로,168,1
부산광역시,영도구,길,번영1길,주도로,152,4
부산광역시,영도구,길,번영길,주도로,500,6
부산광역시,영도구,길,벚꽃길,주도로,1031,4
부산광역시,영도구,길,벚꽃길1번길,주도로,133,5
부산광역시,영도구,길,벚꽃길5번길,주도로,144,5
부산광역시,영도구,길,복지관길,주도로,118,2
부산광역시,영도구,길,본산남길,주도로,222,3
부산광역시,영도구,길,본산남길22번길,주도로,96,2
부산광역시,영도구,길,본산남길25번길,주도로,95,3
부산광역시,영도구,길,본산남길32번길,주도로,78,3
부산광역시,영도구,로,본산로,주도로,562,12
부산광역시,영도구,길,본산로15번길,주도로,182,4
부산광역시,영도구,길,본산로16번길,주도로,131,4
부산광역시,영도구,길,봉래길,주도로,981,8
부산광역시,영도구,길,봉래길147번길,주도로,246,9
부산광역시,영도구,로,봉래나루로,주도로,1484,15
부산광역시,영도구,길,봉래나루로152번길,주도로,106,12
부산광역시,영도구,길,봉래나루로166번길,주도로,226,4
부산광역시,영도구,길,봉래나루로234번길,주도로,117,4
부산광역시,영도구,길,봉래나루로240번길,주도로,126,2
부산광역시,영도구,길,봉래나루로246번길,주도로,125,7
부산광역시,영도구,길,봉래나루로62번길,주도로,69,2
부산광역시,영도구,길,봉래나루로66번길,주도로,70,2
부산광역시,영도구,길,봉래나루로68번길,주도로,71,2
부산광역시,영도구,길,봉래쉼터길,주도로,186,5
부산광역시,영도구,길,봉래언덕길,주도로,337,8
부산광역시,영도구,길,봉숭아길,주도로,254,1
부산광역시,영도구,길,봉학새싹길,주도로,279,1
부산광역시,영도구,길,비나리길,주도로,126,2
부산광역시,영도구,길,사택길,주도로,263,2
부산광역시,영도구,로,산업로,주도로,439,20
부산광역시,영도구,길,산유화길,주도로,121,2
부산광역시,영도구,길,산정길,주도로,536,5
부산광역시,영도구,길,산제당길,주도로,341,4
부산광역시,영도구,길,상록수길,주도로,217,5
부산광역시,영도구,로,상리로,주도로,792,15
부산광역시,영도구,길,상수도길,주도로,185,2
부산광역시,영도구,길,새롬길,주도로,204,2
부산광역시,영도구,길,새천년길,주도로,246,2
부산광역시,영도구,길,샛별길,주도로,107,2
부산광역시,영도구,길,선덤산길,주도로,261,4
부산광역시,영도구,길,세갈래길,주도로,178,3
부산광역시,영도구,길,솔안길,주도로,163,4
부산광역시,영도구,길,수정길,주도로,260,2
부산광역시,영도구,로,신선로,주도로,278.7,25
부산광역시,영도구,길,신선중뒷길,주도로,197,1
부산광역시,영도구,길,신선초롱길,주도로,113,2
부산광역시,영도구,길,아랫서발길,주도로,319,4
부산광역시,영도구,길,아랫서발길21번길,주도로,171,3
부산광역시,영도구,길,아랫서발길37번길,주도로,136,2
부산광역시,영도구,길,아리랑4길,주도로,114,2
부산광역시,영도구,길,아리랑길,주도로,376,5
부산광역시,영도구,길,에움길,주도로,206,2
부산광역시,영도구,길,영도새싹길,주도로,278,9
부산광역시,영도구,길,영마루1길,주도로,150,2
부산광역시,영도구,길,영마루2길,주도로,138,6
부산광역시,영도구,길,영마루3길,주도로,124,2
부산광역시,영도구,길,영마루길,주도로,261,4
부산광역시,영도구,길,영봉길,주도로,266,4
부산광역시,영도구,길,영상고뒷길,주도로,183,2
부산광역시,영도구,길,영상길,주도로,202,4
부산광역시,영도구,대로,영선대로,주도로,1115,60
부산광역시,영도구,길,영선대로28번길,주도로,122.6,14
부산광역시,영도구,길,영선대로33번길,주도로,96,1
부산광역시,영도구,길,영선대로37번길,주도로,181,4
부산광역시,영도구,길,영선대로67번길,주도로,135,8
부산광역시,영도구,길,영일길,주도로,144,6
부산광역시,영도구,길,오동꽃길,주도로,187,2
부산광역시,영도구,로,와치로,주도로,3362,10
부산광역시,영도구,길,와치로147번길,주도로,417,4
부산광역시,영도구,길,와치로155번길,주도로,295,2
부산광역시,영도구,길,와치로161번길,주도로,297,5
부산광역시,영도구,길,와치로167번길,주도로,334,5
부산광역시,영도구,길,와치로1번길,주도로,181,4
부산광역시,영도구,길,와치로27번길,주도로,132,6
부산광역시,영도구,길,와치로36번길,주도로,204,6
부산광역시,영도구,길,와치로37번길,주도로,162,4
부산광역시,영도구,길,와치로39번길,주도로,147,4
부산광역시,영도구,길,와치로3번길,주도로,205,1
부산광역시,영도구,길,와치로51번길,주도로,138,4
부산광역시,영도구,길,와치로53번길,주도로,216,2
부산광역시,영도구,길,외나무길,주도로,218,3
부산광역시,영도구,길,우정길,주도로,307,2
부산광역시,영도구,로,웃서발로,주도로,1050,12
부산광역시,영도구,길,웃서발로30번길,주도로,101,4
부산광역시,영도구,길,웃서발로31번길,주도로,223,5
부산광역시,영도구,길,웃서발로39번길,주도로,226,5
부산광역시,영도구,길,웃서발로4번길,주도로,375,4
부산광역시,영도구,길,웃서발로51번길,주도로,255,3
부산광역시,영도구,길,웃서발로67번길,주도로,135,8
부산광역시,영도구,길,웃서발로69번길,주도로,133,4
부산광역시,영도구,길,웃서발로83번길,주도로,190,4
부산광역시,영도구,길,웃서발로93번길,주도로,135,2
부산광역시,영도구,길,웃서발로94번길,주도로,143,6
부산광역시,영도구,길,웃서발로99번길,주도로,204,5
부산광역시,영도구,길,은빛길,주도로,136,3
부산광역시,영도구,로,일산봉로,주도로,1025,12
부산광역시,영도구,길,일산봉로100번길,주도로,192,5
부산광역시,영도구,길,일산봉로37번길,주도로,156,4
부산광역시,영도구,길,일산봉로39번길,주도로,129,5
부산광역시,영도구,길,일산봉로72번길,주도로,136,4
부산광역시,영도구,길,일산봉로78번길,주도로,216,4
부산광역시,영도구,길,일산봉로84번길,주도로,129,4
부산광역시,영도구,길,일산봉로88번길,주도로,113,2
부산광역시,영도구,길,작은시장1길,주도로,110,3
부산광역시,영도구,길,작은시장2길,주도로,113,3
부산광역시,영도구,길,장미계단길,주도로,285,3
부산광역시,영도구,길,장수3길,주도로,231,3
부산광역시,영도구,길,장수4길,주도로,326,4
부산광역시,영도구,길,장수5길,주도로,394,6
부산광역시,영도구,길,재능길,주도로,302,1
부산광역시,영도구,로,전망로,주도로,3811,10
부산광역시,영도구,로,절영로,주도로,5639,20
부산광역시,영도구,길,절영로101번길,주도로,273,8
부산광역시,영도구,길,절영로102번길,주도로,110,8
부산광역시,영도구,길,절영로13번길,주도로,411,8
부산광역시,영도구,길,절영로14번길,주도로,147,8
부산광역시,영도구,길,절영로19번길,주도로,339,4
부산광역시,영도구,길,절영로20번길,주도로,70,5
부산광역시,영도구,길,절영로29번길,주도로,338,6
부산광역시,영도구,길,절영로30번길,주도로,139,5
부산광역시,영도구,길,절영로35번길,주도로,410,8
부산광역시,영도구,길,절영로36번길,주도로,141,7
부산광역시,영도구,길,절영로42번길,주도로,142,7
부산광역시,영도구,길,절영로43번길,주도로,409,5
부산광역시,영도구,길,절영로490번길,주도로,313,8
부산광역시,영도구,길,절영로49번길,주도로,407,7
부산광역시,영도구,길,절영로50번길,주도로,144,8
부산광역시,영도구,길,절영로64번길,주도로,73,2
부산광역시,영도구,길,절영로66번길,주도로,91,3
부산광역시,영도구,길,절영로73번길,주도로,123,4
부산광역시,영도구,길,절영로77번길,주도로,113,3
부산광역시,영도구,길,절영로7번길,주도로,409,5
부산광역시,영도구,길,절영로85번길,주도로,62,1
부산광역시,영도구,길,절영로8번길,주도로,93,5
부산광역시,영도구,길,절영로93번길,주도로,268,5
부산광역시,영도구,길,절영로94번길,주도로,351,6
부산광역시,영도구,로,조내기로,주도로,765,8
부산광역시,영도구,길,조내기로14번길,주도로,370,3
부산광역시,영도구,길,조내기로5번길,주도로,200,10
부산광역시,영도구,로,중리남로,주도로,457,8
부산광역시,영도구,길,중리남로6번길,주도로,376,2
부산광역시,영도구,로,중리로,주도로,755,12
부산광역시,영도구,로,중리북로,주도로,607,10
부산광역시,영도구,길,중리북로21번길,주도로,261,10
부산광역시,영도구,길,중리북로22번길,주도로,276,2
부산광역시,영도구,길,중리북로29번길,주도로,142,2
부산광역시,영도구,길,중리북로39번길,주도로,199,3
부산광역시,영도구,길,중리북로41번길,주도로,165,2
부산광역시,영도구,길,중복1길,주도로,101,2
부산광역시,영도구,길,중복2길,주도로,94,1
부산광역시,영도구,길,중복3길,주도로,82,1
부산광역시,영도구,길,중복4길,주도로,83,3
부산광역시,영도구,길,중복길,주도로,1036,9
부산광역시,영도구,길,진달래길,주도로,151,2
부산광역시,영도구,길,찬새미길,주도로,198,1
부산광역시,영도구,길,참샘길,주도로,205,4
부산광역시,영도구,길,참우물길,주도로,231,4
부산광역시,영도구,길,청명길,주도로,123,2
부산광역시,영도구,로,청학남로,주도로,680,9
부산광역시,영도구,길,청학남로13번길,주도로,148,7
부산광역시,영도구,길,청학남로15번길,주도로,210,2
부산광역시,영도구,길,청학남로27번길,주도로,157,3
부산광역시,영도구,길,청학남로29번길,주도로,192,7
부산광역시,영도구,길,청학남로3번길,주도로,71,4
부산광역시,영도구,길,청학남로47번길,주도로,292,7
부산광역시,영도구,길,청학남로57번길,주도로,390,2
부산광역시,영도구,길,청학남로59번길,주도로,196,7
부산광역시,영도구,길,청학남로60번길,주도로,266,10
부산광역시,영도구,길,청학남로64번길,주도로,214,4
부산광역시,영도구,길,청학남로7번길,주도로,188,3
부산광역시,영도구,로,청학동로,주도로,803,8
부산광역시,영도구,길,청학동로19번길,주도로,190,2
부산광역시,영도구,길,청학동로27번길,주도로,145,2
부산광역시,영도구,길,청학동로30번길,주도로,165,2
부산광역시,영도구,길,청학동로42번길,주도로,114,8
부산광역시,영도구,길,청학동로51번길,주도로,172,5
부산광역시,영도구,길,청학동로55번길,주도로,73,5
부산광역시,영도구,길,청학동로59번길,주도로,72,3
부산광역시,영도구,길,청학동로60번길,주도로,250,4
부산광역시,영도구,길,청학동로61번길,주도로,136,5
부산광역시,영도구,로,청학로,주도로,918,10
부산광역시,영도구,길,청학로16번길,주도로,417,3
부산광역시,영도구,길,청학로21번길,주도로,262,6
부산광역시,영도구,길,청학로31번길,주도로,129,6
부산광역시,영도구,길,청학로35번길,주도로,135,2
부산광역시,영도구,길,청학로37번길,주도로,256,9
부산광역시,영도구,길,청학로41번길,주도로,125,2
부산광역시,영도구,길,청학로42번길,주도로,164,4
부산광역시,영도구,길,청학로43번길,주도로,159,5
부산광역시,영도구,길,청학로61번길,주도로,117,4
부산광역시,영도구,길,청학로69번길,주도로,194,6
부산광역시,영도구,길,청학로6번길,주도로,115,5
부산광역시,영도구,길,청학로70번길,주도로,136,2
부산광역시,영도구,길,청학로76번길,주도로,214,7
부산광역시,영도구,길,청학로7번길,주도로,99,3
부산광역시,영도구,길,청학로80번길,주도로,140,4
부산광역시,영도구,길,청학로8번길,주도로,103,3
부산광역시,영도구,로,청학북로,주도로,853,12
부산광역시,영도구,길,청학북로15번길,주도로,251,2
부산광역시,영도구,길,청학북로16번길,주도로,62,3
부산광역시,영도구,길,청학북로19번길,주도로,145,4
부산광역시,영도구,길,청학북로20번길,주도로,135,5
부산광역시,영도구,길,청학북로34번길,주도로,135,3
부산광역시,영도구,길,청학북로36번길,주도로,69,1
부산광역시,영도구,길,청학북로37번길,주도로,99,3
부산광역시,영도구,길,청학북로38번길,주도로,109,1
부산광역시,영도구,길,청학북로39번길,주도로,92,3
부산광역시,영도구,길,청학북로3번길,주도로,261,2
부산광역시,영도구,길,청학북로48번길,주도로,166,4
부산광역시,영도구,길,청학북로53번길,주도로,169,4
부산광역시,영도구,길,청학북서길,주도로,204,5
부산광역시,영도구,길,청학북서길12번길,주도로,69,2
부산광역시,영도구,길,청학북서길23번길,주도로,114,2
부산광역시,영도구,로,청학서로,주도로,933,10
부산광역시,영도구,길,청학서로16번길,주도로,313,3
부산광역시,영도구,길,청학서로18번길,주도로,195,4
부산광역시,영도구,길,청학서로32번길,주도로,225,2
부산광역시,영도구,길,청학서로39번길,주도로,126,4
부산광역시,영도구,길,청학서로45번길,주도로,205,4
부산광역시,영도구,길,청학서로60번길,주도로,276,6
부산광역시,영도구,길,청학서로65번길,주도로,110,2
부산광역시,영도구,길,청학서로73번길,주도로,104,2
부산광역시,영도구,길,청학서로74번길,주도로,78,3
부산광역시,영도구,길,초롱꽃길,주도로,127,2
부산광역시,영도구,로,태종로,주도로,11400,25
부산광역시,영도구,길,태종로100번길,주도로,109,4
부산광역시,영도구,길,태종로105번길,주도로,259,6
부산광역시,영도구,길,태종로113번길,주도로,259,8
부산광역시,영도구,길,태종로162번길,주도로,437,12
부산광역시,영도구,길,태종로165번길,주도로,57,3
부산광역시,영도구,길,태종로248번길,주도로,146,3
부산광역시,영도구,길,태종로292번길,주도로,434,6
부산광역시,영도구,길,태종로298번길,주도로,124,2
부산광역시,영도구,길,태종로300번길,주도로,115,2
부산광역시,영도구,길,태종로310번길,주도로,113,2
부산광역시,영도구,길,태종로316번길,주도로,119,3
부산광역시,영도구,길,태종로318번길,주도로,148,11
부산광역시,영도구,길,태종로322번길,주도로,119,2
부산광역시,영도구,길,태종로332번길,주도로,104,4
부산광역시,영도구,길,태종로344번길,주도로,203,2
부산광역시,영도구,길,태종로352번길,주도로,278,3
부산광역시,영도구,길,태종로358번길,주도로,145,3
부산광역시,영도구,길,태종로369번길,주도로,112,5
부산광역시,영도구,길,태종로372번길,주도로,266,5
부산광역시,영도구,길,태종로375번길,주도로,148,3
부산광역시,영도구,길,태종로376번길,주도로,59,3
부산광역시,영도구,길,태종로380번길,주도로,105,3
부산광역시,영도구,길,태종로381번길,주도로,177,2
부산광역시,영도구,길,태종로384번길,주도로,174,3
부산광역시,영도구,길,태종로390번길,주도로,242,11
부산광역시,영도구,길,태종로392번길,주도로,198,2
부산광역시,영도구,길,태종로394번길,주도로,269,5
부산광역시,영도구,길,태종로409번길,주도로,194,4
부산광역시,영도구,길,태종로422번길,주도로,288,3
부산광역시,영도구,길,태종로50번길,주도로,247,7
부산광역시,영도구,길,태종로514번길,주도로,77,3
부산광역시,영도구,길,태종로518번길,주도로,131,4
부산광역시,영도구,길,태종로522번길,주도로,77,3
부산광역시,영도구,길,태종로638번길,주도로,113,3
부산광역시,영도구,길,태종로642번길,주도로,127,4
부산광역시,영도구,길,태종로65번길,주도로,84,8
부산광역시,영도구,길,태종로668번길,주도로,162,4
부산광역시,영도구,길,태종로700번길,주도로,183,3
부산광역시,영도구,길,태종로702번길,주도로,384,3
부산광역시,영도구,길,태종로722번길,주도로,143,4
부산광역시,영도구,길,태종로73번길,주도로,263,8
부산광역시,영도구,길,태종로750번길,주도로,232,2
부산광역시,영도구,길,태종로752번길,주도로,258,3
부산광역시,영도구,길,태종로756번길,주도로,211,5
부산광역시,영도구,길,태종로763번길,주도로,124,7.861
부산광역시,영도구,길,태종로765번길,주도로,158,3
부산광역시,영도구,길,태종로773번길,주도로,144,2
부산광역시,영도구,길,태종로780번길,주도로,133,3
부산광역시,영도구,길,태종로793번길,주도로,188,10
부산광역시,영도구,길,태종로795번길,주도로,155,4
부산광역시,영도구,길,태종로802번길,주도로,394,7
부산광역시,영도구,길,태종로827번길,주도로,221,4
부산광역시,영도구,길,태종로833번길,주도로,279,3
부산광역시,영도구,길,태종로836번길,주도로,351,6
부산광역시,영도구,길,태종로83번길,주도로,256,6
부산광역시,영도구,길,태종로89번길,주도로,258,7
부산광역시,영도구,길,태종로95번길,주도로,258,6
부산광역시,영도구,길,태종로99번길,주도로,258,5
부산광역시,영도구,길,하나길,주도로,2263,8
부산광역시,영도구,길,하리길,주도로,324,3
부산광역시,영도구,길,하리동길,주도로,207,2
부산광역시,영도구,길,하리서길,주도로,336,3
부산광역시,영도구,길,하리해안길,주도로,182,5
부산광역시,영도구,길,한결길,주도로,459,5
부산광역시,영도구,길,한사랑길,주도로,136,5
부산광역시,영도구,길,함박꽃길,주도로,196,2
부산광역시,영도구,로,함지로,주도로,1320,12
부산광역시,영도구,길,함지로79번길,주도로,384,10
부산광역시,영도구,길,해님1길,주도로,104,4
부산광역시,영도구,길,해님2길,주도로,117,3
부산광역시,영도구,길,해돋이1길,주도로,216,4
부산광역시,영도구,길,해돋이2길,주도로,48,2
부산광역시,영도구,길,해돋이3길,주도로,362,2
부산광역시,영도구,길,해안산책길,주도로,295,5
부산광역시,영도구,로,해양로,주도로,4414,25
부산광역시,영도구,길,해양로111번길,주도로,182,4
부산광역시,영도구,길,해양로117번길,주도로,182,10
부산광역시,영도구,길,해양로123번길,주도로,181,6
부산광역시,영도구,길,해양로135번길,주도로,105,6
부산광역시,영도구,길,해양로147번길,주도로,165,15
부산광역시,영도구,길,해양로15번길,주도로,130,15
부산광역시,영도구,길,해양로176번길,주도로,132,5.907
부산광역시,영도구,길,해양로182번길,주도로,138,6.081
부산광역시,영도구,길,해양로188번길,주도로,93,5.998
부산광역시,영도구,길,해양로195번가길,주도로,167.897,6
부산광역시,영도구,길,해양로195번길,주도로,978,10
부산광역시,영도구,길,해양로195번나길,주도로,221.82,6.018
부산광역시,영도구,길,해양로23번길,주도로,154,10
부산광역시,영도구,길,해양로246번길,주도로,217,8
부산광역시,영도구,길,해양로247번길,주도로,213.015,6.339
부산광역시,영도구,길,해양로301번길,주도로,566,15
부산광역시,영도구,길,해양로57번길,주도로,179,8
부산광역시,영도구,길,해양로65번길,주도로,177,8
부산광역시,영도구,길,해양로73번길,주도로,275,2
부산광역시,영도구,길,해양로79번길,주도로,178,8
부산광역시,영도구,길,해양로87번길,주도로,134,6
부산광역시,영도구,로,해양힐링로,주도로,1873.397,15
부산광역시,영도구,길,해오름1길,주도로,86,1
부산광역시,영도구,길,해오름2길,주도로,85,4
부산광역시,영도구,길,해오름3길,주도로,95,2
부산광역시,영도구,길,향촌길,주도로,171,1
부산광역시,영도구,길,향토길,주도로,251,2
부산광역시,영도구,길,형제길,주도로,131,1
부산광역시,영도구,길,흰여울길,주도로,613,1
부산광역시,부산진구,로,가야공원로,주도로,1258,20
부산광역시,부산진구,길,가야공원로14번길,주도로,441,8
부산광역시,부산진구,길,가야공원로38번길,주도로,474,8
부산광역시,부산진구,길,가야공원로40번길,주도로,234,8
부산광역시,부산진구,길,가야공원로52번길,주도로,143,6
부산광역시,부산진구,길,가야공원로63번길,주도로,350,3
부산광역시,부산진구,대로,가야대로,주도로,8040,50
부산광역시,부산진구,길,가야대로405번길,주도로,76,2
부산광역시,부산진구,길,가야대로406번길,주도로,203,5
부산광역시,부산진구,길,가야대로408번길,주도로,228,8
부산광역시,부산진구,길,가야대로410번길,주도로,145,4
부산광역시,부산진구,길,가야대로424번길,주도로,475,8
부산광역시,부산진구,길,가야대로443번가길,주도로,375,4
부산광역시,부산진구,길,가야대로443번길,주도로,235,40
부산광역시,부산진구,길,가야대로443번나길,주도로,148,3
부산광역시,부산진구,길,가야대로454번길,주도로,534,7
부산광역시,부산진구,길,가야대로468번길,주도로,542,8
부산광역시,부산진구,길,가야대로475번길,주도로,113,3
부산광역시,부산진구,길,가야대로482번길,주도로,544,8
부산광역시,부산진구,길,가야대로492번길,주도로,111,1
부산광역시,부산진구,길,가야대로498번가길,주도로,143,2
부산광역시,부산진구,길,가야대로498번길,주도로,216,8
부산광역시,부산진구,길,가야대로507번가길,주도로,176,9
부산광역시,부산진구,길,가야대로507번길,주도로,1204,5
부산광역시,부산진구,길,가야대로510번길,주도로,559,8
부산광역시,부산진구,길,가야대로517번길,주도로,162,3
부산광역시,부산진구,길,가야대로521번길,주도로,173,1
부산광역시,부산진구,길,가야대로527번길,주도로,188,3
부산광역시,부산진구,길,가야대로543번가길,주도로,192,1
부산광역시,부산진구,길,가야대로543번길,주도로,220,1
부산광역시,부산진구,길,가야대로548번가길,주도로,125,3
부산광역시,부산진구,길,가야대로548번길,주도로,690,8
부산광역시,부산진구,길,가야대로549번길,주도로,564.893,25.65
부산광역시,부산진구,길,가야대로552번길,주도로,733.981,6
부산광역시,부산진구,길,가야대로556번길,주도로,175,5
부산광역시,부산진구,길,가야대로557번길,주도로,176,8
부산광역시,부산진구,길,가야대로563번길,주도로,177,10
부산광역시,부산진구,길,가야대로568번길,주도로,210,2
부산광역시,부산진구,길,가야대로572번가길,주도로,205,8
부산광역시,부산진구,길,가야대로572번길,주도로,542,8
부산광역시,부산진구,길,가야대로587번길,주도로,172,8
부산광역시,부산진구,길,가야대로588번길,주도로,186,8
부산광역시,부산진구,길,가야대로589번길,주도로,315,4
부산광역시,부산진구,길,가야대로614번길,주도로,420,4
부산광역시,부산진구,길,가야대로664번길,주도로,196,2
부산광역시,부산진구,길,가야대로668번가길,주도로,142,8
부산광역시,부산진구,길,가야대로668번길,주도로,251,10
부산광역시,부산진구,길,가야대로673번길,주도로,338,2
부산광역시,부산진구,길,가야대로679번길,주도로,844,8
부산광역시,부산진구,길,가야대로681번길,주도로,324,2
부산광역시,부산진구,길,가야대로691번길,주도로,469,5
부산광역시,부산진구,길,가야대로698번길,주도로,139,4
부산광역시,부산진구,길,가야대로703번가길,주도로,187,3
부산광역시,부산진구,길,가야대로703번길,주도로,234,10
부산광역시,부산진구,길,가야대로703번나길,주도로,184,8
부산광역시,부산진구,길,가야대로703번다길,주도로,128,7
부산광역시,부산진구,길,가야대로703번라길,주도로,126,3
부산광역시,부산진구,길,가야대로703번마길,주도로,333,2
부산광역시,부산진구,길,가야대로727번길,주도로,204,2
부산광역시,부산진구,길,가야대로739번길,주도로,244,2
부산광역시,부산진구,길,가야대로746번길,주도로,157,1
부산광역시,부산진구,길,가야대로747번가길,주도로,107,3
부산광역시,부산진구,길,가야대로747번길,주도로,384,5
부산광역시,부산진구,길,가야대로747번나길,주도로,186,2
부산광역시,부산진구,길,가야대로747번다길,주도로,103,2
부산광역시,부산진구,길,가야대로750번길,주도로,479,4
부산광역시,부산진구,길,가야대로755번길,주도로,345,5
부산광역시,부산진구,길,가야대로756번길,주도로,163,6
부산광역시,부산진구,길,가야대로765번길,주도로,168,5
부산광역시,부산진구,길,가야대로784번길,주도로,322,6
부산광역시,부산진구,로,개금본동로,주도로,949,8
부산광역시,부산진구,길,개금본동로17번길,주도로,392,8
부산광역시,부산진구,길,개금본동로22번길,주도로,150,5
부산광역시,부산진구,길,개금본동로23번길,주도로,399,8
부산광역시,부산진구,길,개금본동로4번길,주도로,322,5
부산광역시,부산진구,길,개금본동로66번길,주도로,268,7
부산광역시,부산진구,길,개금본동로9번길,주도로,394,8
부산광역시,부산진구,로,개금온정로,주도로,356,20
부산광역시,부산진구,길,개금온정로13번길,주도로,240,8
부산광역시,부산진구,길,개금온정로17번길,주도로,381,8
부산광역시,부산진구,길,개금온정로18번길,주도로,131,2
부산광역시,부산진구,길,개금온정로26번가길,주도로,320,2
부산광역시,부산진구,길,개금온정로26번길,주도로,570,8
부산광역시,부산진구,길,개금온정로28번길,주도로,94,8
부산광역시,부산진구,길,개금온정로34번길,주도로,195,8
부산광역시,부산진구,대로,거제대로,주도로,3070,50
부산광역시,부산진구,길,거제대로22번길,주도로,130,8
부산광역시,부산진구,길,거제대로23번길,주도로,136,1
부산광역시,부산진구,길,거제대로36번가길,주도로,211,8
부산광역시,부산진구,길,거제대로36번길,주도로,154,10
부산광역시,부산진구,길,거제대로48번길,주도로,111,8
부산광역시,부산진구,길,거제대로60번길,주도로,260,8
부산광역시,부산진구,길,거제대로72번길,주도로,180,8
부산광역시,부산진구,길,거제대로74번길,주도로,660,10
부산광역시,부산진구,로,거제천로,주도로,3370,12
부산광역시,부산진구,길,거제천로18번길,주도로,157,8
부산광역시,부산진구,길,거제천로40번길,주도로,160,7
부산광역시,부산진구,길,거제천로44번길,주도로,133,8
부산광역시,부산진구,길,거제천로9번길,주도로,121,8
부산광역시,부산진구,로,경마장로,주도로,256,6
부산광역시,부산진구,길,경마장로11번길,주도로,277,5
부산광역시,부산진구,길,경마장로19번길,주도로,152,4
부산광역시,부산진구,길,경마장로5번길,주도로,373,1
부산광역시,부산진구,길,경마장로9번길,주도로,109,2
부산광역시,부산진구,길,골드테마길,주도로,339,8
부산광역시,부산진구,로,국악로,주도로,634,17
부산광역시,부산진구,길,국악로28번길,주도로,126,3
부산광역시,부산진구,길,국악로37번길,주도로,136,3
부산광역시,부산진구,길,국악로38번길,주도로,362,2
부산광역시,부산진구,길,국악로55번길,주도로,285,2
부산광역시,부산진구,길,국악로59번길,주도로,239,1
부산광역시,부산진구,로,냉정로,주도로,2990,20
부산광역시,부산진구,길,냉정로160번길,주도로,151,5
부산광역시,부산진구,길,냉정로161번길,주도로,149,6
부산광역시,부산진구,길,냉정로178번길,주도로,175,8
부산광역시,부산진구,길,냉정로180번길,주도로,196,4
부산광역시,부산진구,길,냉정로231번길,주도로,111,2
부산광역시,부산진구,길,냉정로232번길,주도로,210,3
부산광역시,부산진구,길,냉정로233번길,주도로,164,4
부산광역시,부산진구,길,냉정로252번가길,주도로,114,4
부산광역시,부산진구,길,냉정로252번길,주도로,315,5
부산광역시,부산진구,길,냉정로253번길,주도로,170,6
부산광역시,부산진구,로,당감로,주도로,1321,15
부산광역시,부산진구,길,당감로106번가길,주도로,176,3
부산광역시,부산진구,길,당감로106번길,주도로,385,3
부산광역시,부산진구,길,당감로106번나길,주도로,175,3
부산광역시,부산진구,길,당감로106번다길,주도로,159,3
부산광역시,부산진구,길,당감로106번라길,주도로,158,3
부산광역시,부산진구,길,당감로109번길,주도로,272,4
부산광역시,부산진구,길,당감로10번길,주도로,266,2
부산광역시,부산진구,길,당감로16번길,주도로,249,5
부산광역시,부산진구,길,당감로17번길,주도로,528,10
부산광역시,부산진구,길,당감로25번길,주도로,234,3
부산광역시,부산진구,길,당감로31번길,주도로,283,2
부산광역시,부산진구,길,당감로34번길,주도로,232,8
부산광역시,부산진구,길,당감로45번길,주도로,200,3
부산광역시,부산진구,길,당감로4번길,주도로,198,1
부산광역시,부산진구,길,당감로50번길,주도로,218,4
부산광역시,부산진구,길,당감로52번길,주도로,162,1
부산광역시,부산진구,길,당감로55번길,주도로,160,2
부산광역시,부산진구,길,당감로60번길,주도로,148,2
부산광역시,부산진구,길,당감로64번길,주도로,366,8
부산광역시,부산진구,길,당감로6번길,주도로,195,1
부산광역시,부산진구,로,당감서로,주도로,1779,20
부산광역시,부산진구,길,당감서로100번길,주도로,587,3
부산광역시,부산진구,길,당감서로109번길,주도로,134,2
부산광역시,부산진구,길,당감서로117번길,주도로,85,2
부산광역시,부산진구,길,당감서로146번길,주도로,176,2
부산광역시,부산진구,길,당감서로148번길,주도로,181,2
부산광역시,부산진구,길,당감서로65번길,주도로,290,2
부산광역시,부산진구,길,당감서로71번길,주도로,229,4
부산광역시,부산진구,길,당감서로80번길,주도로,144,8
부산광역시,부산진구,길,당감서로94번길,주도로,208,5
부산광역시,부산진구,길,당감서로98번길,주도로,159,9
부산광역시,부산진구,길,당감서로9번길,주도로,116,6
부산광역시,부산진구,길,대공원길,주도로,2724.616,4
부산광역시,부산진구,로,대학로,주도로,853,15
부산광역시,부산진구,길,대학로15번길,주도로,264,2
부산광역시,부산진구,길,대학로25번길,주도로,238,2
부산광역시,부산진구,길,대학로31번길,주도로,170,2
부산광역시,부산진구,길,대학로36번길,주도로,285,6
부산광역시,부산진구,길,대학로44번길,주도로,105,2
부산광역시,부산진구,길,대학로45번가길,주도로,106,2
부산광역시,부산진구,길,대학로45번길,주도로,179,20
부산광역시,부산진구,길,대학로45번나길,주도로,89,2
부산광역시,부산진구,길,대학로46번길,주도로,203,20
부산광역시,부산진구,길,대학로49번길,주도로,162,2
부산광역시,부산진구,길,대학로55번길,주도로,90,2
부산광역시,부산진구,길,대학로61번길,주도로,156,4
부산광역시,부산진구,길,대학로75번길,주도로,137,7
부산광역시,부산진구,로,동성로,주도로,1505,15
부산광역시,부산진구,길,동성로104번길,주도로,128,2
부산광역시,부산진구,길,동성로108번가길,주도로,146,1
부산광역시,부산진구,길,동성로108번길,주도로,157,7
부산광역시,부산진구,길,동성로112번가길,주도로,127,2
부산광역시,부산진구,길,동성로112번길,주도로,730,7
부산광역시,부산진구,길,동성로112번나길,주도로,151,4
부산광역시,부산진구,길,동성로118번가길,주도로,238,2
부산광역시,부산진구,길,동성로118번길,주도로,370,7
부산광역시,부산진구,길,동성로15번길,주도로,191,6
부산광역시,부산진구,길,동성로25번길,주도로,190,5
부산광역시,부산진구,길,동성로30번길,주도로,306,5
부산광역시,부산진구,길,동성로39번길,주도로,188,5
부산광역시,부산진구,길,동성로46번길,주도로,326.79,20
부산광역시,부산진구,길,동성로49번길,주도로,192,6
부산광역시,부산진구,길,동성로61번길,주도로,233,1
부산광역시,부산진구,길,동성로71번길,주도로,187,6
부산광역시,부산진구,길,동성로76번길,주도로,279,4
부산광역시,부산진구,길,동성로76번나길,주도로,187,2
부산광역시,부산진구,길,동성로87번길,주도로,176,6
부산광역시,부산진구,길,동성로96번가길,주도로,105,2
부산광역시,부산진구,길,동성로96번길,주도로,338,5
부산광역시,부산진구,길,동성로96번나길,주도로,154,1
부산광역시,부산진구,로,동천로,주도로,1374,20
부산광역시,부산진구,길,동천로107번길,주도로,136,8
부산광역시,부산진구,길,동천로108번길,주도로,213,8
부산광역시,부산진구,길,동천로132번길,주도로,233,7
부산광역시,부산진구,길,동천로24번길,주도로,138,4
부산광역시,부산진구,길,동천로85번길,주도로,199,3
부산광역시,부산진구,길,동천로95번길,주도로,134,8
부산광역시,부산진구,로,동평로,주도로,4229,25
부산광역시,부산진구,길,동평로100번길,주도로,263,1
부산광역시,부산진구,길,동평로115번길,주도로,87,2
부산광역시,부산진구,길,동평로116번길,주도로,294,2
부산광역시,부산진구,길,동평로119번가길,주도로,85,2
부산광역시,부산진구,길,동평로119번길,주도로,336,8
부산광역시,부산진구,길,동평로127번가길,주도로,449,2
부산광역시,부산진구,길,동평로127번길,주도로,506,8
부산광역시,부산진구,길,동평로127번나길,주도로,198,1
부산광역시,부산진구,길,동평로131번가길,주도로,179,3
부산광역시,부산진구,길,동평로131번길,주도로,580,7
부산광역시,부산진구,길,동평로131번나길,주도로,221,2
부산광역시,부산진구,길,동평로150번길,주도로,406,15
부산광역시,부산진구,길,동평로162번길,주도로,173,3
부산광역시,부산진구,길,동평로171번가길,주도로,420,4
부산광역시,부산진구,길,동평로171번길,주도로,289,5
부산광역시,부산진구,길,동평로171번나길,주도로,243,1
부산광역시,부산진구,길,동평로174번길,주도로,125,2
부산광역시,부산진구,길,동평로178번길,주도로,203,1
부산광역시,부산진구,길,동평로181번길,주도로,172,6
부산광역시,부산진구,길,동평로183번가길,주도로,114,8
부산광역시,부산진구,길,동평로183번길,주도로,836,7
부산광역시,부산진구,길,동평로214번길,주도로,232,2
부산광역시,부산진구,길,동평로223번길,주도로,507,8
부산광역시,부산진구,길,동평로225번길,주도로,195,1
부산광역시,부산진구,길,동평로229번길,주도로,130,8
부산광역시,부산진구,길,동평로235번길,주도로,324,7
부산광역시,부산진구,길,동평로265번길,주도로,401,8
부산광역시,부산진구,길,동평로275번길,주도로,313,10
부산광역시,부산진구,길,동평로27번가길,주도로,114,3
부산광역시,부산진구,길,동평로27번길,주도로,428,3
부산광역시,부산진구,길,동평로291번길,주도로,493,12
부산광역시,부산진구,길,동평로325번길,주도로,362,8
부산광역시,부산진구,길,동평로397번길,주도로,211,8
부산광역시,부산진구,길,동평로39번길,주도로,528,8
부산광역시,부산진구,길,동평로405번길,주도로,667,15
부산광역시,부산진구,길,동평로406번길,주도로,372,8
부산광역시,부산진구,길,동평로420번길,주도로,178,8
부산광역시,부산진구,길,동평로44번길,주도로,354,7
부산광역시,부산진구,길,동평로45번길,주도로,136,4
부산광역시,부산진구,길,동평로50번길,주도로,156,3
부산광역시,부산진구,길,동평로55번길,주도로,319,4
부산광역시,부산진구,길,동평로66번길,주도로,158,2
부산광역시,부산진구,길,동평로73번길,주도로,261,4
부산광역시,부산진구,길,동평로76번길,주도로,191,2
부산광역시,부산진구,길,동평로94번길,주도로,208,2
부산광역시,부산진구,길,동평로95번길,주도로,173,3
부산광역시,부산진구,로,마철로,주도로,1492,15
부산광역시,부산진구,로,만리산로,주도로,59,12.822
부산광역시,부산진구,길,만리산로100번길,주도로,173,2
부산광역시,부산진구,길,만리산로101번길,주도로,67,2
부산광역시,부산진구,길,만리산로33번길,주도로,246,1
부산광역시,부산진구,길,만리산로36번길,주도로,105,2
부산광역시,부산진구,길,만리산로3번길,주도로,311,2
부산광역시,부산진구,길,만리산로5번길,주도로,201,2
부산광역시,부산진구,길,만리산로61번가길,주도로,108,2
부산광역시,부산진구,길,만리산로61번길,주도로,271,2
부산광역시,부산진구,길,만리산로63번길,주도로,312,2
부산광역시,부산진구,길,만리산로68번길,주도로,148,2
부산광역시,부산진구,길,만리산로69번길,주도로,169,1
부산광역시,부산진구,길,만리산로73번길,주도로,197,2
부산광역시,부산진구,길,만리산로74번길,주도로,112,2
부산광역시,부산진구,길,만리산로75번길,주도로,156,2
부산광역시,부산진구,길,만리산로79번길,주도로,120,1
부산광역시,부산진구,길,만리산로81번길,주도로,112,1
부산광역시,부산진구,길,만리산로88번길,주도로,77,2
부산광역시,부산진구,길,만리산로95번길,주도로,170,1
부산광역시,부산진구,길,만리산로97번길,주도로,71,2
부산광역시,부산진구,로,망양로,주도로,10068,12
부산광역시,부산진구,길,망양로945번길,주도로,308,5
부산광역시,부산진구,로,백양관문로,주도로,1547,25
부산광역시,부산진구,길,백양관문로77번길,주도로,736,12
부산광역시,부산진구,길,백양관문로78번길,주도로,137,4
부산광역시,부산진구,대로,백양대로,주도로,12050,40
부산광역시,부산진구,길,백양대로110번길,주도로,120,2
부산광역시,부산진구,길,백양대로136번길,주도로,563,15
부산광역시,부산진구,길,백양대로18번길,주도로,258,2
부산광역시,부산진구,길,백양대로208번길,주도로,894,20
부산광역시,부산진구,길,백양대로238번길,주도로,236,8
부산광역시,부산진구,길,백양대로252번길,주도로,236,8
부산광역시,부산진구,길,백양대로260번길,주도로,241,4
부산광역시,부산진구,길,백양대로300번길,주도로,243,20
부산광역시,부산진구,길,백양대로313번길,주도로,99,8
부산광역시,부산진구,길,백양대로320번길,주도로,277,12
부산광역시,부산진구,길,백양대로34번길,주도로,286,7
부산광역시,부산진구,길,백양대로357번길,주도로,310,8
부산광역시,부산진구,길,백양대로42번가길,주도로,145,2
부산광역시,부산진구,길,백양대로42번길,주도로,209,3
부산광역시,부산진구,길,백양대로42번나길,주도로,100,2
부산광역시,부산진구,길,백양대로42번다길,주도로,152,2
부산광역시,부산진구,길,백양대로46번가길,주도로,118,2
부산광역시,부산진구,길,백양대로46번길,주도로,348,7
부산광역시,부산진구,길,백양대로48번길,주도로,134,1
부산광역시,부산진구,길,백양대로52번길,주도로,165,2
부산광역시,부산진구,길,백양대로58번길,주도로,155,1
부산광역시,부산진구,길,백양대로60번가길,주도로,166,2
부산광역시,부산진구,길,백양대로60번길,주도로,403,9
부산광역시,부산진구,길,백양대로64번길,주도로,172,1
부산광역시,부산진구,길,백양대로68번길,주도로,143,4
부산광역시,부산진구,길,백양대로78번길,주도로,149,7
부산광역시,부산진구,길,백양대로8번길,주도로,134,2
부산광역시,부산진구,로,백양산로,주도로,1350,15
부산광역시,부산진구,길,백양산로29번길,주도로,156,4
부산광역시,부산진구,길,백양산로53번길,주도로,635,15
부산광역시,부산진구,길,백양산로54번길,주도로,346,10
부산광역시,부산진구,길,백양산숲1길,주도로,925.392,4
부산광역시,부산진구,로,백양순환로,주도로,1625,15
부산광역시,부산진구,길,백양순환로10번길,주도로,174,4
부산광역시,부산진구,길,백양순환로110번길,주도로,246,7
부산광역시,부산진구,길,백양순환로115번길,주도로,269,5
부산광역시,부산진구,길,백양순환로116번길,주도로,243,3
부산광역시,부산진구,길,백양순환로119번가길,주도로,101,3
부산광역시,부산진구,길,백양순환로119번길,주도로,290,5
부산광역시,부산진구,길,백양순환로123번길,주도로,131,2
부산광역시,부산진구,길,백양순환로127번길,주도로,116,2
부산광역시,부산진구,길,백양순환로153번길,주도로,176,4
부산광역시,부산진구,길,백양순환로164번가길,주도로,128,4
부산광역시,부산진구,길,백양순환로164번길,주도로,224,3
부산광역시,부산진구,길,백양순환로17번길,주도로,151,1
부산광역시,부산진구,길,백양순환로18번길,주도로,253,6
부산광역시,부산진구,길,백양순환로27번길,주도로,114,8
부산광역시,부산진구,길,백양순환로28번길,주도로,262,8
부산광역시,부산진구,길,백양순환로35번길,주도로,437,8
부산광역시,부산진구,길,백양순환로42번길,주도로,187,1
부산광역시,부산진구,길,백양순환로57번길,주도로,216,2
부산광역시,부산진구,로,범양로,주도로,1294,7
부산광역시,부산진구,길,범양로117번길,주도로,114,4
부산광역시,부산진구,길,범양로118번길,주도로,106,4
부산광역시,부산진구,길,범양로119번길,주도로,111,6
부산광역시,부산진구,길,범양로120번길,주도로,103,6
부산광역시,부산진구,길,범양로125번길,주도로,166,10
부산광역시,부산진구,길,범양로126번길,주도로,105,10
부산광역시,부산진구,길,범양로32번길,주도로,51,2
부산광역시,부산진구,길,범양로41번길,주도로,156,1
부산광역시,부산진구,길,범양로45번가길,주도로,190,2
부산광역시,부산진구,길,범양로45번길,주도로,345,2
부산광역시,부산진구,길,범양로50번길,주도로,251,2
부산광역시,부산진구,길,범양로54번길,주도로,115,2
부산광역시,부산진구,길,범양로79번길,주도로,260,2
부산광역시,부산진구,로,범일로,주도로,1853,35
부산광역시,부산진구,길,범일로125번길,주도로,428,3
부산광역시,부산진구,길,범일로131번길,주도로,549,6
부산광역시,부산진구,길,범일로139번길,주도로,258,3
부산광역시,부산진구,길,범일로142번가길,주도로,110,3.239
부산광역시,부산진구,길,범일로142번길,주도로,332,15
부산광역시,부산진구,길,범일로153번길,주도로,179,6
부산광역시,부산진구,길,범일로154번길,주도로,306,10
부산광역시,부산진구,길,범일로192번길,주도로,278,18
부산광역시,부산진구,로,범전로,주도로,373,30
부산광역시,부산진구,길,범전로10번길,주도로,250,7
부산광역시,부산진구,길,범전로19번길,주도로,149,2
부산광역시,부산진구,길,범전로32번가길,주도로,105,1
부산광역시,부산진구,길,범전로32번길,주도로,453,6
부산광역시,부산진구,길,범전로32번나길,주도로,109,1
부산광역시,부산진구,길,범전로33번길,주도로,319,2
부산광역시,부산진구,길,범전로5번길,주도로,191,7
부산광역시,부산진구,로,범천로,주도로,530,40
부산광역시,부산진구,길,범천로10번길,주도로,201,2
부산광역시,부산진구,길,범천로12번가길,주도로,182,2
부산광역시,부산진구,길,범천로12번길,주도로,143,8
부산광역시,부산진구,길,범천로12번나길,주도로,175,2
부산광역시,부산진구,길,범천로26번길,주도로,152,2
부산광역시,부산진구,로,복지로,주도로,1160,20
부산광역시,부산진구,길,복지로13번길,주도로,392,8
부산광역시,부산진구,길,복지로21번길,주도로,262,8
부산광역시,부산진구,길,복지로41번길,주도로,370,8
부산광역시,부산진구,길,복지로47번길,주도로,438,8
부산광역시,부산진구,길,복지로85번길,주도로,182,7
부산광역시,부산진구,길,복지로8번길,주도로,294,8
부산광역시,부산진구,로,봉수로,주도로,518,12
부산광역시,부산진구,길,봉수로15번길,주도로,388,3
부산광역시,부산진구,길,봉수로20번길,주도로,228,2
부산광역시,부산진구,길,봉수로34번길,주도로,189,5
부산광역시,부산진구,길,봉수로42번길,주도로,263,2
부산광역시,부산진구,로,부암당산로,주도로,457,8
부산광역시,부산진구,길,부암당산로21번길,주도로,240,4
부산광역시,부산진구,로,부전로,주도로,1998,15
부산광역시,부산진구,길,부전로111번길,주도로,138,5
부산광역시,부산진구,길,부전로140번길,주도로,282,5
부산광역시,부산진구,길,부전로152번길,주도로,363,8
부산광역시,부산진구,길,부전로153번길,주도로,127,2
부산광역시,부산진구,길,부전로158번길,주도로,282,5
부산광역시,부산진구,길,부전로162번길,주도로,260,5
부산광역시,부산진구,길,부전로170번길,주도로,120,8
부산광역시,부산진구,길,부전로174번길,주도로,228,8
부산광역시,부산진구,길,부전로20번길,주도로,254,8
부산광역시,부산진구,길,부전로65번길,주도로,322,3
부산광역시,부산진구,길,부전로66번길,주도로,254,12
부산광역시,부산진구,길,부전로95번길,주도로,263,2
부산광역시,부산진구,길,부전로96번길,주도로,219,5
부산광역시,부산진구,로,새싹로,주도로,2865,15
부산광역시,부산진구,길,새싹로114번길,주도로,212,2
부산광역시,부산진구,길,새싹로124번길,주도로,138,3
부산광역시,부산진구,길,새싹로126번길,주도로,102,8
부산광역시,부산진구,길,새싹로14번길,주도로,526,8
부산광역시,부산진구,길,새싹로210번길,주도로,125,8
부산광역시,부산진구,길,새싹로218번길,주도로,262,8
부산광역시,부산진구,길,새싹로230번길,주도로,130,2
부산광역시,부산진구,길,새싹로241번길,주도로,89,8
부산광역시,부산진구,길,새싹로253번길,주도로,90,8
부산광역시,부산진구,길,새싹로265번길,주도로,85,8
부산광역시,부산진구,길,새싹로266번길,주도로,94,8
부산광역시,부산진구,길,새싹로277번길,주도로,121,8
부산광역시,부산진구,길,새싹로278번길,주도로,129,8
부산광역시,부산진구,길,새싹로28번길,주도로,185,8
부산광역시,부산진구,길,새싹로29번길,주도로,197,8
부산광역시,부산진구,길,새싹로52번길,주도로,197,3
부산광역시,부산진구,길,새싹로58번길,주도로,200,4
부산광역시,부산진구,길,새싹로86번길,주도로,246,1
부산광역시,부산진구,길,새싹로8번길,주도로,357,8
부산광역시,부산진구,길,새싹로92번길,주도로,466,12
부산광역시,부산진구,로,서면로,주도로,742,25
부산광역시,부산진구,길,서면로68번길,주도로,270,7
부산광역시,부산진구,로,서면문화로,주도로,615,25
부산광역시,부산진구,길,서면문화로53번길,주도로,272,2
부산광역시,부산진구,길,서면문화로5번길,주도로,213,6
부산광역시,부산진구,로,서전로,주도로,748,25
부산광역시,부산진구,길,서전로10번길,주도로,371,8
부산광역시,부산진구,길,서전로37번길,주도로,331,5
부산광역시,부산진구,길,서전로38번길,주도로,451,5
부산광역시,부산진구,길,서전로46번길,주도로,455,8
부산광역시,부산진구,길,서전로47번길,주도로,291,7
부산광역시,부산진구,길,서전로57번길,주도로,244,7
부산광역시,부산진구,길,서전로58번길,주도로,741,7
부산광역시,부산진구,길,서전로67번길,주도로,194,5
부산광역시,부산진구,길,서전로68번길,주도로,649,6
부산광역시,부산진구,길,서전로9번길,주도로,330,8
부산광역시,부산진구,로,성지곡로,주도로,742,25
부산광역시,부산진구,길,성지곡로12번길,주도로,147,8
부산광역시,부산진구,길,성지곡로16번길,주도로,320,5
부산광역시,부산진구,길,성지곡로33번길,주도로,237,4
부산광역시,부산진구,길,성지곡로46번길,주도로,295,4
부산광역시,부산진구,길,성지곡로51번길,주도로,225,7
부산광역시,부산진구,길,성지곡로6번길,주도로,170,8
부산광역시,부산진구,로,성지로,주도로,1571,25
부산광역시,부산진구,길,성지로104번가길,주도로,140,3
부산광역시,부산진구,길,성지로104번길,주도로,484,4
부산광역시,부산진구,길,성지로113번길,주도로,322,10
부산광역시,부산진구,길,성지로114번길,주도로,379,8
부산광역시,부산진구,길,성지로122번길,주도로,359,5
부산광역시,부산진구,길,성지로137번길,주도로,550,8
부산광역시,부산진구,길,성지로143번길,주도로,307,3
부산광역시,부산진구,길,성지로14번길,주도로,386,8
부산광역시,부산진구,길,성지로150번길,주도로,229,9
부산광역시,부산진구,길,성지로153번길,주도로,990,8
부산광역시,부산진구,길,성지로18번길,주도로,197,8
부산광역시,부산진구,길,성지로22번길,주도로,208,8
부산광역시,부산진구,길,성지로31번길,주도로,94,2
부산광역시,부산진구,길,성지로33번길,주도로,106,2
부산광역시,부산진구,길,성지로34번길,주도로,123,8
부산광역시,부산진구,길,성지로35번길,주도로,246,7
부산광역시,부산진구,길,성지로43번길,주도로,387,8
부산광역시,부산진구,길,성지로46번길,주도로,233,3
부산광역시,부산진구,길,성지로51번가길,주도로,156,4
부산광역시,부산진구,길,성지로51번길,주도로,325,4
부산광역시,부산진구,길,성지로61번길,주도로,146,10
부산광역시,부산진구,길,성지로62번길,주도로,253,4
부산광역시,부산진구,길,성지로72번길,주도로,115,4
부산광역시,부산진구,길,성지로74번가길,주도로,198,4
부산광역시,부산진구,길,성지로74번길,주도로,891,4
부산광역시,부산진구,길,성지로74번나길,주도로,306,6
부산광역시,부산진구,길,성지로83번길,주도로,435,6
부산광역시,부산진구,길,성지로8번길,주도로,348,8
부산광역시,부산진구,길,성지로93번길,주도로,321,6
부산광역시,부산진구,길,성지로94번가길,주도로,300,8
부산광역시,부산진구,길,성지로94번길,주도로,808,5
부산광역시,부산진구,길,성지로94번나길,주도로,267,6
부산광역시,부산진구,로,시민공원로,주도로,1380,40
부산광역시,부산진구,길,시민공원로19번길,주도로,517,10
부산광역시,부산진구,길,시민공원로20번길,주도로,197,6
부산광역시,부산진구,길,시민공원로74번길,주도로,320,3
부산광역시,부산진구,길,시민공원로76번길,주도로,326.591,10
부산광역시,부산진구,로,신암로,주도로,1870,25
부산광역시,부산진구,길,신암로117번길,주도로,442,4
부산광역시,부산진구,길,신암로135번가길,주도로,103,4
부산광역시,부산진구,길,신암로135번길,주도로,204,13
부산광역시,부산진구,길,신암로145번가길,주도로,107,4
부산광역시,부산진구,길,신암로145번길,주도로,249,6
부산광역시,부산진구,길,신암로155번가길,주도로,214,2
부산광역시,부산진구,길,신암로155번길,주도로,246,5
부산광역시,부산진구,길,신암로155번나길,주도로,66,2
부산광역시,부산진구,길,신암로15번길,주도로,204,2
부산광역시,부산진구,길,신암로177번길,주도로,165,3
부산광역시,부산진구,길,신암로185번길,주도로,179,2
부산광역시,부산진구,길,신암로25번길,주도로,206,2
부산광역시,부산진구,길,신암로39번길,주도로,194,5
부산광역시,부산진구,길,신암로59번길,주도로,117,2
부산광역시,부산진구,길,신암로5번길,주도로,90,2
부산광역시,부산진구,길,신암로63번길,주도로,153,1
부산광역시,부산진구,길,신암로71번길,주도로,115,8
부산광역시,부산진구,길,신암로75번길,주도로,89,1
부산광역시,부산진구,길,신암로83번길,주도로,210,8
부산광역시,부산진구,길,신암로85번길,주도로,340,2
부산광역시,부산진구,길,신암로96번길,주도로,311,2
부산광역시,부산진구,길,신암로99번가길,주도로,180,2
부산광역시,부산진구,길,신암로99번길,주도로,211,12
부산광역시,부산진구,대로,신천대로,주도로,2939,40
부산광역시,부산진구,길,신천대로102번길,주도로,187,10
부산광역시,부산진구,길,신천대로126번길,주도로,259,20
부산광역시,부산진구,길,신천대로162번길,주도로,684,4
부산광역시,부산진구,길,신천대로165번길,주도로,243,20
부산광역시,부산진구,길,신천대로183번길,주도로,325,8
부산광역시,부산진구,길,신천대로185번길,주도로,167,8
부산광역시,부산진구,길,신천대로197번길,주도로,367,10
부산광역시,부산진구,길,신천대로203번길,주도로,354,1
부산광역시,부산진구,길,신천대로204번가길,주도로,239,1
부산광역시,부산진구,길,신천대로204번길,주도로,368,2
부산광역시,부산진구,길,신천대로204번나길,주도로,96,2
부산광역시,부산진구,길,신천대로216번길,주도로,206,2
부산광역시,부산진구,길,신천대로220번길,주도로,463,7
부산광역시,부산진구,길,신천대로241번길,주도로,369,10
부산광역시,부산진구,길,신천대로263번길,주도로,233,2
부산광역시,부산진구,길,신천대로273번길,주도로,278,3
부산광역시,부산진구,길,신천대로50번길,주도로,402,8
부산광역시,부산진구,길,신천대로62번길,주도로,404,7
부산광역시,부산진구,길,신천대로65번길,주도로,528,6
부산광역시,부산진구,길,신천대로71번길,주도로,488,5
부산광역시,부산진구,길,신천대로78번길,주도로,315,2
부산광역시,부산진구,길,신천대로88번길,주도로,162,2
부산광역시,부산진구,길,안창로10번가길,주도로,178,2
부산광역시,부산진구,길,안창로10번길,주도로,426,6
부산광역시,부산진구,길,안창로10번나길,주도로,100,1
부산광역시,부산진구,길,안창로10번다길,주도로,91,2
부산광역시,부산진구,길,안창로12번길,주도로,69,1
부산광역시,부산진구,길,안창로14번가길,주도로,86,1
부산광역시,부산진구,길,안창로14번길,주도로,386,4
부산광역시,부산진구,길,안창로22번가길,주도로,139,2
부산광역시,부산진구,길,안창로22번길,주도로,61,6
부산광역시,부산진구,길,안창로60번가길,주도로,111,1
부산광역시,부산진구,길,안창로60번길,주도로,399,2
부산광역시,부산진구,길,안창로60번나길,주도로,117,1
부산광역시,부산진구,길,안창로72번길,주도로,751,3
부산광역시,부산진구,길,안창로92번길,주도로,131,2
부산광역시,부산진구,로,양성로,주도로,973,6
부산광역시,부산진구,길,양성로31번길,주도로,225,3
부산광역시,부산진구,길,양성로37번길,주도로,224,4
부산광역시,부산진구,길,양성로59번길,주도로,121,7
부산광역시,부산진구,길,양성로6번길,주도로,282,2
부산광역시,부산진구,길,양성로7번길,주도로,108,2
부산광역시,부산진구,길,양성로89번길,주도로,138,3
부산광역시,부산진구,길,양성로8번길,주도로,275,3
부산광역시,부산진구,길,양성로91번가길,주도로,98,1
부산광역시,부산진구,길,양성로91번길,주도로,81,2
부산광역시,부산진구,로,양연로,주도로,470,8
부산광역시,부산진구,로,양연로,주도로,470,8
부산광역시,부산진구,길,양연로10번길,주도로,160,8
부산광역시,부산진구,길,양연로16번길,주도로,160,8
부산광역시,부산진구,길,양연로6번길,주도로,161,8
부산광역시,부산진구,로,양정로,주도로,982,10
부산광역시,부산진구,길,양정로10번길,주도로,173,4
부산광역시,부산진구,길,양정로15번길,주도로,149,3
부산광역시,부산진구,길,양정로19번길,주도로,135,5
부산광역시,부산진구,길,양정로3번길,주도로,139,3
부산광역시,부산진구,길,양정로6번길,주도로,249,4
부산광역시,부산진구,길,양정로7번길,주도로,127,4
부산광역시,부산진구,길,양정로9번길,주도로,146,4
부산광역시,부산진구,로,양지로,주도로,524,10
부산광역시,부산진구,길,양지로11번길,주도로,360,8
부산광역시,부산진구,길,양지로14번길,주도로,129,7
부산광역시,부산진구,길,양지로17번길,주도로,490,3
부산광역시,부산진구,길,양지로5번길,주도로,454,4
부산광역시,부산진구,길,양지로8번길,주도로,93,8
부산광역시,부산진구,로,엄광로,주도로,5190,12
부산광역시,부산진구,길,엄광로124번길,주도로,152,5
부산광역시,부산진구,길,엄광로12번길,주도로,505,7
부산광역시,부산진구,길,엄광로134번길,주도로,286,4
부산광역시,부산진구,길,엄광로147번길,주도로,297,5
부산광역시,부산진구,길,엄광로178번길,주도로,222,2
부산광역시,부산진구,길,엄광로182번길,주도로,324,4
부산광역시,부산진구,길,엄광로190번길,주도로,156,4
부산광역시,부산진구,길,엄광로204번길,주도로,223,2
부산광역시,부산진구,길,엄광로208번가길,주도로,107,2
부산광역시,부산진구,길,엄광로208번길,주도로,391,5
부산광역시,부산진구,길,엄광로208번나길,주도로,208,2
부산광역시,부산진구,길,엄광로212번길,주도로,83,1
부산광역시,부산진구,길,엄광로222번길,주도로,214,2
부산광역시,부산진구,길,엄광로228번길,주도로,256,2
부산광역시,부산진구,길,엄광로238번길,주도로,354,2
부산광역시,부산진구,길,엄광로248번길,주도로,178,4
부산광역시,부산진구,길,엄광로250번길,주도로,99,2
부산광역시,부산진구,길,엄광로256번가길,주도로,102,6
부산광역시,부산진구,길,엄광로256번길,주도로,236,6
부산광역시,부산진구,길,엄광로262번길,주도로,176,2
부산광역시,부산진구,길,엄광로282번길,주도로,163,1
부산광역시,부산진구,길,엄광로305번길,주도로,108,2
부산광역시,부산진구,길,엄광로306번길,주도로,181,2
부산광역시,부산진구,길,엄광로312번길,주도로,380,6
부산광역시,부산진구,길,엄광로326번가길,주도로,206,2
부산광역시,부산진구,길,엄광로326번길,주도로,220,11
부산광역시,부산진구,길,엄광로326번나길,주도로,200,6
부산광역시,부산진구,길,엄광로326번다길,주도로,123,2
부산광역시,부산진구,길,엄광로330번길,주도로,152,2
부산광역시,부산진구,길,엄광로337번길,주도로,97,7
부산광역시,부산진구,길,엄광로338번길,주도로,314,2
부산광역시,부산진구,길,엄광로384번길,주도로,233,12
부산광역시,부산진구,길,엄광로384번나길,주도로,359,2
부산광역시,부산진구,길,엄광로384번다길,주도로,71,2
부산광역시,부산진구,길,엄광로386번길,주도로,245,2
부산광역시,부산진구,길,엄광로398번길,주도로,123,2
부산광역시,부산진구,길,엄광로402번길,주도로,90,2
부산광역시,부산진구,길,엄광로412번길,주도로,130,1
부산광역시,부산진구,길,엄광로44번길,주도로,220,7
부산광역시,부산진구,길,엄광로495번가길,주도로,193,4
부산광역시,부산진구,길,엄광로495번길,주도로,210,8
부산광역시,부산진구,길,엄광로497번길,주도로,58,5
부산광역시,부산진구,길,엄광로500번길,주도로,73,1
부산광역시,부산진구,길,엄광로509번길,주도로,84,7
부산광역시,부산진구,길,엄광로513번길,주도로,100,2
부산광역시,부산진구,길,엄광로514번길,주도로,149,2
부산광역시,부산진구,길,엄광로516번길,주도로,180,2
부산광역시,부산진구,길,엄광로518번길,주도로,84,7
부산광역시,부산진구,길,엄광로62번길,주도로,387,8
부산광역시,부산진구,길,엄광로69번길,주도로,175,2
부산광역시,부산진구,길,엄광산숲1길,주도로,2717.276,4
부산광역시,부산진구,로,연수로,주도로,4250,25
부산광역시,부산진구,길,연수로11번길,주도로,620,8
부산광역시,부산진구,길,연수로36번길,주도로,230,6
부산광역시,부산진구,길,연수로54번길,주도로,201,8
부산광역시,부산진구,길,연수로8번길,주도로,208,6
부산광역시,부산진구,길,연제로9번길,주도로,280,8
부산광역시,부산진구,로,연지로,주도로,452,8
부산광역시,부산진구,길,연지로13번길,주도로,334,6
부산광역시,부산진구,길,연지로17번길,주도로,158,2
부산광역시,부산진구,길,연지로37번길,주도로,182,2
부산광역시,부산진구,길,연지로39번길,주도로,252,4
부산광역시,부산진구,길,연지로43번길,주도로,165,4
부산광역시,부산진구,로,용사촌로,주도로,40,8
부산광역시,부산진구,대로,월드컵대로,주도로,4890,40
부산광역시,부산진구,길,월드컵대로435번길,주도로,620,10
부산광역시,부산진구,길,월드컵대로449번길,주도로,295,5
부산광역시,부산진구,길,월드컵대로465번가길,주도로,137,4
부산광역시,부산진구,길,월드컵대로465번길,주도로,352,5
부산광역시,부산진구,길,월드컵대로467번길,주도로,220,5
부산광역시,부산진구,길,월드컵대로472번길,주도로,353,7
부산광역시,부산진구,길,월드컵대로474번길,주도로,178,8
부산광역시,부산진구,로,자유평화로,주도로,575,18
부산광역시,부산진구,길,자유평화로37번길,주도로,392,10
부산광역시,부산진구,길,자유평화로3번길,주도로,311,6
부산광역시,부산진구,대로,전포대로,주도로,3090,50
부산광역시,부산진구,길,전포대로122번길,주도로,160,8
부산광역시,부산진구,길,전포대로132번길,주도로,316,8
부산광역시,부산진구,길,전포대로162번가길,주도로,133,5
부산광역시,부산진구,길,전포대로162번길,주도로,145,8
부산광역시,부산진구,길,전포대로171번길,주도로,264,15
부산광역시,부산진구,길,전포대로175번길,주도로,237,10
부산광역시,부산진구,길,전포대로176번길,주도로,241,10
부산광역시,부산진구,길,전포대로186번길,주도로,242,3
부산광역시,부산진구,길,전포대로189번길,주도로,237,8
부산광역시,부산진구,길,전포대로190번길,주도로,241,7
부산광역시,부산진구,길,전포대로199번길,주도로,237,14
부산광역시,부산진구,길,전포대로200번길,주도로,242,14
부산광역시,부산진구,길,전포대로209번길,주도로,236,9
부산광역시,부산진구,길,전포대로210번길,주도로,241,8
부산광역시,부산진구,길,전포대로216번길,주도로,143,5
부산광역시,부산진구,길,전포대로223번길,주도로,236,7
부산광역시,부산진구,길,전포대로224번길,주도로,142,7
부산광역시,부산진구,길,전포대로246번길,주도로,220,3
부산광역시,부산진구,길,전포대로255번길,주도로,238,6
부산광역시,부산진구,길,전포대로256번길,주도로,170,8
부산광역시,부산진구,길,전포대로275번길,주도로,367,8
부산광역시,부산진구,길,전포대로276번가길,주도로,190,2
부산광역시,부산진구,길,전포대로276번길,주도로,336,5
부산광역시,부산진구,길,전포대로298번길,주도로,182,10
부산광역시,부산진구,길,전포대로300번길,주도로,310,6
부산광역시,부산진구,길,전포대로306번길,주도로,233,8
부산광역시,부산진구,로,주감로,주도로,2806,4
부산광역시,부산진구,대로,중앙대로,주도로,25900,40
부산광역시,부산진구,길,중앙대로548번길,주도로,199,1
부산광역시,부산진구,길,중앙대로621번길,주도로,126,8
부산광역시,부산진구,길,중앙대로635번길,주도로,131,10
부산광역시,부산진구,길,중앙대로644번길,주도로,393,10
부산광역시,부산진구,길,중앙대로666번길,주도로,264,10
부산광역시,부산진구,길,중앙대로680번가길,주도로,416,6
부산광역시,부산진구,길,중앙대로680번길,주도로,264,8
부산광역시,부산진구,길,중앙대로691번가길,주도로,158,8
부산광역시,부산진구,길,중앙대로691번길,주도로,304,14
부산광역시,부산진구,길,중앙대로692번길,주도로,263,14
부산광역시,부산진구,길,중앙대로702번길,주도로,264,9
부산광역시,부산진구,길,중앙대로743번길,주도로,132,8
부산광역시,부산진구,길,중앙대로755번길,주도로,160,8
부산광역시,부산진구,길,중앙대로756번길,주도로,126,7
부산광역시,부산진구,길,중앙대로769번길,주도로,293,8
부산광역시,부산진구,길,중앙대로775번길,주도로,241,8
부산광역시,부산진구,길,중앙대로783번길,주도로,206,40
부산광역시,부산진구,길,중앙대로824번길,주도로,370,6
부산광역시,부산진구,길,중앙대로848번길,주도로,382,2
부산광역시,부산진구,길,중앙대로909번길,주도로,202,8
부산광역시,부산진구,길,중앙대로910번길,주도로,193,8
부산광역시,부산진구,길,중앙대로928번길,주도로,520,1
부산광역시,부산진구,길,중앙대로941번길,주도로,362,8
부산광역시,부산진구,길,중앙대로969번길,주도로,224,15
부산광역시,부산진구,길,중앙대로970번가길,주도로,199,8
부산광역시,부산진구,길,중앙대로970번길,주도로,214,15
부산광역시,부산진구,길,중앙대로979번길,주도로,224,8
부산광역시,부산진구,길,중앙대로980번길,주도로,274,8
부산광역시,부산진구,길,중앙대로989번길,주도로,312,8
부산광역시,부산진구,길,중앙대로990번길,주도로,130,8
부산광역시,부산진구,로,중앙번영로,주도로,341,20
부산광역시,부산진구,길,중앙번영로11번길,주도로,131,2
부산광역시,부산진구,길,중앙번영로13번길,주도로,193,2
부산광역시,부산진구,길,중앙번영로13번안길,주도로,227,2
부산광역시,부산진구,길,중앙번영로15번길,주도로,220,2
부산광역시,부산진구,길,중앙번영로17번길,주도로,217,1
부산광역시,부산진구,길,중앙번영로19번길,주도로,213,1
부산광역시,부산진구,길,중앙번영로20번가길,주도로,50,2
부산광역시,부산진구,길,중앙번영로20번길,주도로,241,12
부산광역시,부산진구,길,중앙번영로20번나길,주도로,135,2
부산광역시,부산진구,길,중앙번영로9번길,주도로,149,2
부산광역시,부산진구,길,중앙번영로9번안길,주도로,233,2
부산광역시,부산진구,로,진남로,주도로,626,10
부산광역시,부산진구,길,진남로283번길,주도로,229,4
부산광역시,부산진구,길,진남로291번길,주도로,221,4
부산광역시,부산진구,길,진남로297번길,주도로,375,4
부산광역시,부산진구,길,진남로299번길,주도로,276,4
부산광역시,부산진구,길,진남로304번가길,주도로,101,4
부산광역시,부산진구,길,진남로304번길,주도로,161,3
부산광역시,부산진구,길,진남로305번길,주도로,505,8
부산광역시,부산진구,길,진남로306번길,주도로,106,6
부산광역시,부산진구,길,진남로328번길,주도로,880,5
부산광역시,부산진구,길,진남로356번길,주도로,593,8
부산광역시,부산진구,길,진남로362번길,주도로,215,1
부산광역시,부산진구,길,진남로373번길,주도로,283,8
부산광역시,부산진구,길,진남로374번길,주도로,152,3
부산광역시,부산진구,길,진남로376번길,주도로,193,2
부산광역시,부산진구,길,진남로384번길,주도로,135,4
부산광역시,부산진구,길,진남로389번길,주도로,161,2
부산광역시,부산진구,길,진남로395번길,주도로,126,2
부산광역시,부산진구,길,진남로397번길,주도로,144,3
부산광역시,부산진구,길,진남로425번길,주도로,135,3
부산광역시,부산진구,길,진남로435번길,주도로,354,6
부산광역시,부산진구,길,진남로442번길,주도로,286,1
부산광역시,부산진구,길,진남로453번길,주도로,184,4
부산광역시,부산진구,길,진남로462번길,주도로,78,4
부산광역시,부산진구,길,진남로479번길,주도로,167,2
부산광역시,부산진구,길,진남로483번길,주도로,103,2
부산광역시,부산진구,길,진남로496번길,주도로,249,2
부산광역시,부산진구,길,진남로502번길,주도로,212,3
부산광역시,부산진구,길,진남로571번길,주도로,192,3
부산광역시,부산진구,로,진사로,주도로,1060,10
부산광역시,부산진구,길,진사로25번길,주도로,150,6
부산광역시,부산진구,길,진사로48번길,주도로,250,8
부산광역시,부산진구,길,진사로50번길,주도로,248,4
부산광역시,부산진구,길,진사로61번길,주도로,282,6
부산광역시,부산진구,길,진사로67번길,주도로,265,6
부산광역시,부산진구,길,진사로68번길,주도로,153,5
부산광역시,부산진구,길,진사로77번길,주도로,373,7
부산광역시,부산진구,길,진사로83번길,주도로,397,8
부산광역시,부산진구,길,진사로89번길,주도로,363,6
부산광역시,부산진구,로,진연로,주도로,320,20
부산광역시,부산진구,길,진연로9번길,주도로,369,8
부산광역시,부산진구,로,초연로,주도로,228,8
부산광역시,부산진구,길,초연로21번길,주도로,596,8
부산광역시,부산진구,로,초읍천로,주도로,1105,10
부산광역시,부산진구,길,초읍천로108번길,주도로,462,8
부산광역시,부산진구,길,초읍천로43번가길,주도로,286,5
부산광역시,부산진구,길,초읍천로43번길,주도로,399,10
부산광역시,부산진구,길,초읍천로55번가길,주도로,132,4
부산광역시,부산진구,길,초읍천로55번길,주도로,382,4
부산광역시,부산진구,길,초읍천로55번나길,주도로,94,4
부산광역시,부산진구,길,초읍천로61번가길,주도로,138,3
부산광역시,부산진구,길,초읍천로61번길,주도로,550,4
부산광역시,부산진구,길,초읍천로77번가길,주도로,349,3
부산광역시,부산진구,길,초읍천로77번길,주도로,389,4
부산광역시,부산진구,로,함박봉로,주도로,4384,30
부산광역시,부산진구,로,해맞이로,주도로,1300,12
부산광역시,부산진구,로,화지로,주도로,1740,15
부산광역시,부산진구,대로,황령대로,주도로,5000,41
부산광역시,부산진구,대로,황령대로,주도로,5000,41
부산광역시,부산진구,길,황령대로17번길,주도로,224,8
부산광역시,부산진구,길,황령대로18번길,주도로,354,12
부산광역시,부산진구,길,황령대로30번길,주도로,359,12
부산광역시,부산진구,길,황령대로64번길,주도로,180,8
부산광역시,부산진구,길,황령대로74번길,주도로,520,8
부산광역시,부산진구,길,황령대로7번길,주도로,274,8
부산광역시,부산진구,길,황령대로8번길,주도로,303,8
부산광역시,부산진구,길,황령대로90번길,주도로,950,8
부산광역시,부산진구,길,황령대로96번길,주도로,159,2
부산광역시,부산진구,길,황령대로98번가길,주도로,163,1
부산광역시,부산진구,길,황령대로98번길,주도로,326,4
부산광역시,부산진구,로,황령산로,주도로,6090,10
부산광역시,동래구,로,구만덕로,주도로,2850,36
부산광역시,동래구,로,금강공원로,주도로,742,14
부산광역시,동래구,길,금강공원로20번길,주도로,487,10
부산광역시,동래구,길,금강공원로26번길,주도로,277,8
부산광역시,동래구,길,금강공원로33번길,주도로,108,5
부산광역시,동래구,길,금강공원로54번길,주도로,182,3
부산광역시,동래구,로,금강로,주도로,7560,14
부산광역시,동래구,길,금강로103번길,주도로,116,3
부산광역시,동래구,길,금강로106번길,주도로,211,6
부산광역시,동래구,길,금강로10번길,주도로,109,3
부산광역시,동래구,길,금강로117번길,주도로,208,3
부산광역시,동래구,길,금강로123번길,주도로,346,6
부산광역시,동래구,길,금강로124번길,주도로,148,5
부산광역시,동래구,길,금강로131번길,주도로,358,8
부산광역시,동래구,길,금강로13번길,주도로,128,8
부산광역시,동래구,길,금강로145번길,주도로,408,5
부산광역시,동래구,길,금강로151번길,주도로,425,6
부산광역시,동래구,길,금강로165번길,주도로,649,5
부산광역시,동래구,길,금강로25번길,주도로,171,8
부산광역시,동래구,길,금강로59번길,주도로,596,10
부산광역시,동래구,길,금강로61번길,주도로,439,6
부산광역시,동래구,길,금강로62번길,주도로,199,10
부산광역시,동래구,길,금강로73번길,주도로,180,6
부산광역시,동래구,길,금강로74번길,주도로,151,9
부산광역시,동래구,길,금강로8번가길,주도로,122,3
부산광역시,동래구,길,금강로8번길,주도로,559,5
부산광역시,동래구,로,금정마을로,주도로,1630,22
부산광역시,동래구,길,금정마을로102번길,주도로,76,4
부산광역시,동래구,길,금정마을로112번길,주도로,171,4
부산광역시,동래구,길,금정마을로120번길,주도로,234,8
부산광역시,동래구,길,금정마을로139번가길,주도로,351,4
부산광역시,동래구,길,금정마을로139번길,주도로,292,7
부산광역시,동래구,길,금정마을로74번길,주도로,74,4
부산광역시,동래구,길,금정마을로77번길,주도로,96,4
부산광역시,동래구,길,금정마을로83번길,주도로,78,4
부산광역시,동래구,길,금정마을로98번길,주도로,100,4
부산광역시,동래구,로,낙민로,주도로,248,16
부산광역시,동래구,길,낙민로10번길,주도로,103,6
부산광역시,동래구,길,낙민로24번길,주도로,148,3
부산광역시,동래구,대로,내성지하도로,주도로,552.389,9
부산광역시,동래구,대로,내성지하도로,주도로,553.103,9
부산광역시,동래구,로,동래로,주도로,2340,20
부산광역시,동래구,길,동래로102번길,주도로,92,3
부산광역시,동래구,길,동래로116번길,주도로,214,4
부산광역시,동래구,길,동래로134번가길,주도로,100,4
부산광역시,동래구,길,동래로134번길,주도로,270,4
부산광역시,동래구,길,동래로136번길,주도로,170,10
부산광역시,동래구,길,동래로147번길,주도로,122,7
부산광역시,동래구,길,동래로148번길,주도로,208,7
부산광역시,동래구,길,동래로151번가길,주도로,74,3
부산광역시,동래구,길,동래로151번길,주도로,96,3
부산광역시,동래구,길,동래로152번가길,주도로,107,3
부산광역시,동래구,길,동래로152번길,주도로,143,4
부산광역시,동래구,길,동래로157번가길,주도로,122,3
부산광역시,동래구,길,동래로157번길,주도로,180,3
부산광역시,동래구,길,동래로157번나길,주도로,174,3
부산광역시,동래구,길,동래로159번가길,주도로,182,8
부산광역시,동래구,길,동래로159번길,주도로,841,10
부산광역시,동래구,길,동래로15번길,주도로,86,3
부산광역시,동래구,길,동래로176번길,주도로,141,4
부산광역시,동래구,길,동래로179번가길,주도로,80,4
부산광역시,동래구,길,동래로179번길,주도로,508,6
부산광역시,동래구,길,동래로179번나길,주도로,138,2
부산광역시,동래구,길,동래로179번다길,주도로,114,2
부산광역시,동래구,길,동래로179번라길,주도로,121,2
부산광역시,동래구,길,동래로181번길,주도로,104,4
부산광역시,동래구,길,동래로182번가길,주도로,89,3
부산광역시,동래구,길,동래로182번길,주도로,231,3
부산광역시,동래구,길,동래로183번길,주도로,278,8
부산광역시,동래구,길,동래로189번길,주도로,63,3
부산광역시,동래구,길,동래로190번길,주도로,324,3
부산광역시,동래구,길,동래로196번길,주도로,103,4
부산광역시,동래구,길,동래로197번가길,주도로,51,3
부산광역시,동래구,길,동래로197번길,주도로,48,3
부산광역시,동래구,길,동래로198번길,주도로,72,3
부산광역시,동래구,길,동래로19번길,주도로,168,6
부산광역시,동래구,길,동래로205번가길,주도로,52,2
부산광역시,동래구,길,동래로205번길,주도로,77,9
부산광역시,동래구,길,동래로206번길,주도로,67,3
부산광역시,동래구,길,동래로215번가길,주도로,159,3
부산광역시,동래구,길,동래로215번길,주도로,117,4
부산광역시,동래구,길,동래로53번길,주도로,504,6
부산광역시,동래구,길,동래로57번길,주도로,506,6
부산광역시,동래구,길,동래로79번길,주도로,50,7
부산광역시,동래구,길,동래시장길,주도로,288,4
부산광역시,동래구,길,동래역사관길,주도로,434,6
부산광역시,동래구,길,만덕고개길,주도로,4731,9
부산광역시,동래구,대로,만덕대로,주도로,4542,42
부산광역시,동래구,로,명륜로,주도로,4570,16
부산광역시,동래구,길,명륜로103번길,주도로,128,6
부산광역시,동래구,길,명륜로112번가길,주도로,285,5
부산광역시,동래구,길,명륜로112번길,주도로,978,7
부산광역시,동래구,길,명륜로117번길,주도로,187,6
부산광역시,동래구,길,명륜로129번가길,주도로,100,8
부산광역시,동래구,길,명륜로129번길,주도로,294,10
부산광역시,동래구,길,명륜로129번나길,주도로,303,5
부산광역시,동래구,길,명륜로129번다길,주도로,187,3
부산광역시,동래구,길,명륜로138번길,주도로,225,7
부산광역시,동래구,길,명륜로139번길,주도로,282,6
부산광역시,동래구,길,명륜로177번길,주도로,89,3
부산광역시,동래구,길,명륜로187번길,주도로,304,8
부산광역시,동래구,길,명륜로194번길,주도로,124,8
부산광역시,동래구,길,명륜로202번길,주도로,122,8
부산광역시,동래구,길,명륜로207번길,주도로,243,8
부산광역시,동래구,길,명륜로217번길,주도로,10,5
부산광역시,동래구,길,명륜로218번길,주도로,319,6
부산광역시,동래구,길,명륜로223번길,주도로,30,5
부산광역시,동래구,길,명륜로236번길,주도로,378,8
부산광역시,동래구,길,명륜로242번길,주도로,123,4
부산광역시,동래구,길,명륜로243번길,주도로,106,3
부산광역시,동래구,길,명륜로250번길,주도로,287,5
부산광역시,동래구,길,명륜로252번길,주도로,192,8
부산광역시,동래구,길,명륜로45번길,주도로,265,9
부산광역시,동래구,길,명륜로63번길,주도로,258,8
부산광역시,동래구,길,명륜로75번길,주도로,382,8
부산광역시,동래구,길,명륜로92번길,주도로,136,3
부산광역시,동래구,길,명륜로94번길,주도로,246,10
부산광역시,동래구,길,명륜로98번가길,주도로,100,2
부산광역시,동래구,길,명륜로98번길,주도로,686,7
부산광역시,동래구,로,명서로,주도로,1733,9
부산광역시,동래구,길,명서로105번길,주도로,369,5
부산광역시,동래구,길,명서로110번길,주도로,158,8
부산광역시,동래구,길,명서로112번가길,주도로,157,6
부산광역시,동래구,길,명서로112번길,주도로,390,6
부산광역시,동래구,길,명서로114번길,주도로,235,8
부산광역시,동래구,길,명서로120번길,주도로,194,6
부산광역시,동래구,길,명서로130번길,주도로,117,6
부산광역시,동래구,길,명서로168번가길,주도로,77,3
부산광역시,동래구,길,명서로168번길,주도로,185,8
부산광역시,동래구,길,명서로31번길,주도로,520,3
부산광역시,동래구,로,명안로,주도로,910,12
부산광역시,동래구,길,명안로10번길,주도로,542,7
부산광역시,동래구,길,명안로17번길,주도로,531,7
부산광역시,동래구,길,명안로18번길,주도로,691,7
부산광역시,동래구,길,명안로25번길,주도로,497,7
부산광역시,동래구,길,명안로26번길,주도로,726,7
부산광역시,동래구,길,명안로39번길,주도로,445,7
부산광역시,동래구,길,명안로45번길,주도로,419,7
부산광역시,동래구,길,명안로46번가길,주도로,129,4
부산광역시,동래구,길,명안로46번길,주도로,315,10
부산광역시,동래구,길,명안로46번나길,주도로,365,6
부산광역시,동래구,길,명안로46번다길,주도로,141,4
부산광역시,동래구,길,명안로46번라길,주도로,193,6
부산광역시,동래구,길,명안로46번마길,주도로,267,6
부산광역시,동래구,길,명안로53번길,주도로,372,7
부산광역시,동래구,길,명안로63번길,주도로,311,7
부산광역시,동래구,길,명안로71번길,주도로,308,7
부산광역시,동래구,길,명안로72번길,주도로,332,7
부산광역시,동래구,길,명안로77번길,주도로,247,7
부산광역시,동래구,길,명안로78번길,주도로,321,7
부산광역시,동래구,길,명안로85번길,주도로,287,7
부산광역시,동래구,길,명안로86번길,주도로,430,7
부산광역시,동래구,길,명안로9번길,주도로,564,7
부산광역시,동래구,로,명장로,주도로,1990,15
부산광역시,동래구,길,명장로106번길,주도로,60,9
부산광역시,동래구,길,명장로127번길,주도로,200,8
부산광역시,동래구,길,명장로16번길,주도로,150,3
부산광역시,동래구,길,명장로20번길,주도로,640,13
부산광역시,동래구,길,명장로22번길,주도로,590,8
부산광역시,동래구,길,명장로28번길,주도로,92,4
부산광역시,동래구,길,명장로48번길,주도로,432,8
부산광역시,동래구,길,명장로51번길,주도로,30,5
부산광역시,동래구,길,명장로63번길,주도로,428,8
부산광역시,동래구,길,명장로63번다길,주도로,248,6
부산광역시,동래구,길,명장로63번라길,주도로,163,4
부산광역시,동래구,길,명장로64번길,주도로,260,9
부산광역시,동래구,길,명장로67번길,주도로,862,13
부산광역시,동래구,길,명장로80번가길,주도로,110,4
부산광역시,동래구,길,명장로80번길,주도로,170,7
부산광역시,동래구,길,명장로99번길,주도로,350,7
부산광역시,동래구,로,문화로,주도로,926,23
부산광역시,동래구,로,미남로,주도로,1490,19
부산광역시,동래구,길,미남로102번길,주도로,337,7
부산광역시,동래구,길,미남로116번길,주도로,560,8
부산광역시,동래구,길,미남로132번길,주도로,570,12
부산광역시,동래구,길,미남로146번길,주도로,501,6
부산광역시,동래구,길,미남로38번길,주도로,174,6
부산광역시,동래구,로,반송로,주도로,16540,25
부산광역시,동래구,길,반송로171번길,주도로,230,2
부산광역시,동래구,길,반송로175번길,주도로,150,9
부산광역시,동래구,길,반송로208번가길,주도로,100,4
부산광역시,동래구,길,반송로208번길,주도로,120,7
부산광역시,동래구,길,반송로217번길,주도로,80,3
부산광역시,동래구,길,반송로218번길,주도로,100,4
부산광역시,동래구,길,반송로229번길,주도로,120,5
부산광역시,동래구,길,반송로231번길,주도로,110,4
부산광역시,동래구,길,반송로239번길,주도로,100,8
부산광역시,동래구,길,반송로240번길,주도로,125,7
부산광역시,동래구,길,반송로247번길,주도로,120,9
부산광역시,동래구,길,반송로250번길,주도로,120,8
부산광역시,동래구,길,반송로251번길,주도로,170,3
부산광역시,동래구,길,반송로255번길,주도로,130,4
부산광역시,동래구,길,반송로273번길,주도로,150,7
부산광역시,동래구,길,반송로339번길,주도로,150,15
부산광역시,동래구,길,반송로341번길,주도로,350,3
부산광역시,동래구,길,반송로354번길,주도로,249,4
부산광역시,동래구,길,법원북로3번길,주도로,230,6
부산광역시,동래구,길,법원북로41번길,주도로,230,6
부산광역시,동래구,로,복천로,주도로,1440,10
부산광역시,동래구,길,복천로123번길,주도로,118,4
부산광역시,동래구,길,복천로14번길,주도로,130,2
부산광역시,동래구,길,복천로41번가길,주도로,82,5
부산광역시,동래구,길,복천로41번길,주도로,128,4
부산광역시,동래구,길,복천로41번나길,주도로,172,5
부산광역시,동래구,길,복천로51번길,주도로,143,4
부산광역시,동래구,길,복천로59번길,주도로,201,8
부산광역시,동래구,길,복천로5번가길,주도로,220,3
부산광역시,동래구,길,복천로5번길,주도로,476,10
부산광역시,동래구,길,복천로5번나길,주도로,108,3
부산광역시,동래구,길,복천로5번다길,주도로,124,3
부산광역시,동래구,길,복천로65번길,주도로,181,3
부산광역시,동래구,길,복천로77번가길,주도로,76,3
부산광역시,동래구,길,복천로77번길,주도로,86,3
부산광역시,동래구,길,복천로85번길,주도로,102,3
부산광역시,동래구,로,사직로,주도로,1050,39
부산광역시,동래구,길,사직로14번가길,주도로,77,6
부산광역시,동래구,길,사직로14번길,주도로,76,6
부산광역시,동래구,길,사직로58번길,주도로,183,5
부산광역시,동래구,길,사직로70번길,주도로,368,10
부산광역시,동래구,로,사직북로,주도로,786,16
부산광역시,동래구,길,사직북로13번길,주도로,248,9
부산광역시,동래구,길,사직북로19번길,주도로,248,11
부산광역시,동래구,길,사직북로28번길,주도로,1060,6
부산광역시,동래구,길,사직북로33번길,주도로,344,11
부산광역시,동래구,길,사직북로34번길,주도로,533,6
부산광역시,동래구,길,사직북로47번길,주도로,239,6
부산광역시,동래구,길,사직북로48번길,주도로,1050,5
부산광역시,동래구,길,사직북로50번길,주도로,273,6
부산광역시,동래구,길,사직북로57번가길,주도로,111,6
부산광역시,동래구,길,사직북로57번길,주도로,282,6
부산광역시,동래구,길,사직북로5번길,주도로,248,6
부산광역시,동래구,길,사직북로63번길,주도로,270,6
부산광역시,동래구,길,삼성대길,주도로,258,8
부산광역시,동래구,로,삼어로,주도로,2369,15
부산광역시,동래구,로,서동중심로,주도로,712,14
부산광역시,동래구,길,서동중심로7번길,주도로,127,3
부산광역시,동래구,로,석사로,주도로,478,14
부산광역시,동래구,길,석사로17번길,주도로,361,6
부산광역시,동래구,길,석사로18번길,주도로,291,6
부산광역시,동래구,길,석사로33번길,주도로,423,6
부산광역시,동래구,길,석사로34번길,주도로,161,6
부산광역시,동래구,로,석사북로,주도로,1090,10
부산광역시,동래구,길,석사북로95번길,주도로,356,7
부산광역시,동래구,길,석사북로97번가길,주도로,118,6
부산광역시,동래구,길,석사북로97번길,주도로,153,6
부산광역시,동래구,로,쇠미로,주도로,2380,20
부산광역시,동래구,길,쇠미로119번길,주도로,541,8
부산광역시,동래구,길,쇠미로121번길,주도로,581,5
부산광역시,동래구,길,쇠미로129번길,주도로,888,10
부산광역시,동래구,길,쇠미로154번길,주도로,116,4
부산광역시,동래구,길,쇠미로17번길,주도로,99,6
부산광역시,동래구,길,쇠미로214번길,주도로,183,10
부산광역시,동래구,길,쇠미로217번길,주도로,618,4
부산광역시,동래구,길,쇠미로221번길,주도로,323,10
부산광역시,동래구,길,쇠미로235번길,주도로,303,8
부산광역시,동래구,길,쇠미로27번길,주도로,65,6
부산광역시,동래구,길,쇠미로31번길,주도로,172,9
부산광역시,동래구,길,쇠미로40번길,주도로,344,14
부산광역시,동래구,길,쇠미로51번길,주도로,353,6
부산광역시,동래구,길,쇠미로59번길,주도로,104,5
부산광역시,동래구,길,쇠미로60번길,주도로,330.126,10
부산광역시,동래구,길,쇠미로71번길,주도로,365,7
부산광역시,동래구,길,쇠미로81번길,주도로,346,14
부산광역시,동래구,로,수안로,주도로,620,30
부산광역시,동래구,길,수안로28번길,주도로,89,8
부산광역시,동래구,길,수안로48번길,주도로,180,5
부산광역시,동래구,길,수안로8번길,주도로,380,10
부산광역시,동래구,길,수영강서자전거길,주도로,8372,2
부산광역시,동래구,로,시실로,주도로,2433,13
부산광역시,동래구,길,시실로107번가길,주도로,183,6
부산광역시,동래구,길,시실로107번길,주도로,787,8
부산광역시,동래구,길,시실로112번길,주도로,108,4
부산광역시,동래구,길,시실로128번길,주도로,227,4
부산광역시,동래구,길,시실로135번길,주도로,248,5
부산광역시,동래구,길,시실로159번길,주도로,91,6
부산광역시,동래구,길,시실로163번길,주도로,94,5
부산광역시,동래구,길,시실로167번길,주도로,461,8
부산광역시,동래구,길,시실로168번길,주도로,108,3
부산광역시,동래구,길,시실로178번길,주도로,141,4
부산광역시,동래구,길,시실로179번길,주도로,88,6
부산광역시,동래구,길,시실로205번길,주도로,98,3
부산광역시,동래구,길,시실로211번가길,주도로,142,4
부산광역시,동래구,길,시실로211번길,주도로,422,5
부산광역시,동래구,길,시실로211번나길,주도로,122,3
부산광역시,동래구,길,시실로215번길,주도로,117,3
부산광역시,동래구,길,시실로24번길,주도로,355,6
부산광역시,동래구,대로,아시아드대로,주도로,2650,32
부산광역시,동래구,길,아시아드대로107번길,주도로,180,6
부산광역시,동래구,길,아시아드대로108번길,주도로,460,6
부산광역시,동래구,길,아시아드대로114번길,주도로,234,5
부산광역시,동래구,길,아시아드대로126번길,주도로,119,5
부산광역시,동래구,길,아시아드대로133번길,주도로,166,5
부산광역시,동래구,길,아시아드대로134번길,주도로,446,5
부산광역시,동래구,길,아시아드대로145번가길,주도로,99,2
부산광역시,동래구,길,아시아드대로145번길,주도로,117,7
부산광역시,동래구,길,아시아드대로145번나길,주도로,83,6
부산광역시,동래구,길,아시아드대로146번길,주도로,73,5
부산광역시,동래구,길,아시아드대로154번길,주도로,451,7
부산광역시,동래구,길,아시아드대로161번가길,주도로,104,4
부산광역시,동래구,길,아시아드대로161번길,주도로,443,6
부산광역시,동래구,길,아시아드대로163번길,주도로,81,5
부산광역시,동래구,길,아시아드대로164번가길,주도로,85,6
부산광역시,동래구,길,아시아드대로164번길,주도로,394,6
부산광역시,동래구,길,아시아드대로164번나길,주도로,219,3
부산광역시,동래구,길,아시아드대로170번길,주도로,238,6
부산광역시,동래구,길,아시아드대로171번길,주도로,428,5
부산광역시,동래구,길,아시아드대로176번길,주도로,191,7
부산광역시,동래구,길,아시아드대로181번가길,주도로,507,6
부산광역시,동래구,길,아시아드대로181번길,주도로,284,6
부산광역시,동래구,길,아시아드대로184번길,주도로,322,6
부산광역시,동래구,길,아시아드대로195번길,주도로,411,9
부산광역시,동래구,길,아시아드대로207번길,주도로,289,6
부산광역시,동래구,길,아시아드대로208번가길,주도로,15,6
부산광역시,동래구,길,아시아드대로208번길,주도로,297,6
부산광역시,동래구,길,아시아드대로213번길,주도로,112,6
부산광역시,동래구,길,아시아드대로219번길,주도로,409,6
부산광역시,동래구,길,아시아드대로220번길,주도로,241,6
부산광역시,동래구,길,아시아드대로225번길,주도로,113,6
부산광역시,동래구,길,아시아드대로228번길,주도로,209,15
부산광역시,동래구,길,아시아드대로231번길,주도로,456,6
부산광역시,동래구,길,아시아드대로246번길,주도로,109,12
부산광역시,동래구,길,아시아드대로247번가길,주도로,157,4
부산광역시,동래구,길,아시아드대로247번길,주도로,492,7
부산광역시,동래구,길,아시아드대로255번가길,주도로,195,7
부산광역시,동래구,길,아시아드대로255번길,주도로,526,7
부산광역시,동래구,로,안남로,주도로,1400,15
부산광역시,동래구,길,안남로31번길,주도로,247,11
부산광역시,동래구,로,안락로,주도로,1400,15
부산광역시,동래구,길,안락로101번길,주도로,300,9
부산광역시,동래구,길,안락로125번가길,주도로,145,8
부산광역시,동래구,길,안락로125번길,주도로,279,8
부산광역시,동래구,길,안락로13번길,주도로,111,4
부산광역시,동래구,길,안락로17번길,주도로,81,3
부산광역시,동래구,길,안락로51번길,주도로,191,8
부산광역시,동래구,대로,안락지하도로,주도로,579.563,7
부산광역시,동래구,대로,안락지하도로,주도로,579.212,7
부산광역시,동래구,로,안연로,주도로,1030,16
부산광역시,동래구,길,안연로102번길,주도로,330,6
부산광역시,동래구,길,안연로109번길,주도로,170,8
부산광역시,동래구,길,안연로110번길,주도로,350,8
부산광역시,동래구,길,안연로98번길,주도로,430,10
부산광역시,동래구,로,여고로,주도로,2076,24
부산광역시,동래구,길,여고로103번길,주도로,409,7
부산광역시,동래구,길,여고로113번길,주도로,398,10
부산광역시,동래구,길,여고로11번길,주도로,114,7
부산광역시,동래구,길,여고로127번길,주도로,413,8
부산광역시,동래구,길,여고로12번길,주도로,85,6
부산광역시,동래구,길,여고로135번길,주도로,364,6
부산광역시,동래구,길,여고로25번길,주도로,110,6
부산광역시,동래구,길,여고로40번길,주도로,111,6
부산광역시,동래구,길,여고로51번길,주도로,511,6
부산광역시,동래구,길,여고로52번길,주도로,301,6
부산광역시,동래구,길,여고로63번가길,주도로,120,5
부산광역시,동래구,길,여고로63번길,주도로,486,6
부산광역시,동래구,길,여고로63번나길,주도로,119,6
부산광역시,동래구,길,여고로63번다길,주도로,115,6
부산광역시,동래구,길,여고로75번길,주도로,495,6
부산광역시,동래구,길,여고로91번길,주도로,453,7
부산광역시,동래구,로,여고북로,주도로,1180,10
부산광역시,동래구,길,여고북로123번가길,주도로,113,6
부산광역시,동래구,길,여고북로123번길,주도로,381,7
부산광역시,동래구,길,여고북로123번나길,주도로,200,8
부산광역시,동래구,길,여고북로123번다길,주도로,102,4
부산광역시,동래구,길,여고북로123번라길,주도로,124,4
부산광역시,동래구,길,여고북로23번길,주도로,301,6
부산광역시,동래구,길,여고북로33번가길,주도로,151,6
부산광역시,동래구,길,여고북로33번길,주도로,238,6
부산광역시,동래구,길,여고북로34번길,주도로,110,6
부산광역시,동래구,길,여고북로46번길,주도로,127,4
부산광역시,동래구,길,여고북로60번길,주도로,103,5
부산광역시,동래구,길,여고북로73번길,주도로,322,6
부산광역시,동래구,로,연안로,주도로,860,42
부산광역시,동래구,길,연안로51번길,주도로,530,7
부산광역시,동래구,길,연안로52번길,주도로,610,8
부산광역시,동래구,길,연안로58번가길,주도로,159,5
부산광역시,동래구,길,연안로58번길,주도로,330,7
부산광역시,동래구,길,연안로59번길,주도로,520,7
부산광역시,동래구,길,연안로64번길,주도로,190,7
부산광역시,동래구,길,연안로74번길,주도로,210,7
부산광역시,동래구,길,연안로81번길,주도로,560,7
부산광역시,동래구,길,연안로82번길,주도로,400,6
부산광역시,동래구,길,옥봉로14번길,주도로,175,5
부산광역시,동래구,로,온천장로,주도로,1585,16
부산광역시,동래구,길,온천장로107번길,주도로,270,15
부산광역시,동래구,길,온천장로117번길,주도로,238,5
부산광역시,동래구,길,온천장로119번가길,주도로,140,5
부산광역시,동래구,길,온천장로119번길,주도로,346,12
부산광역시,동래구,길,온천장로125번길,주도로,384,12
부산광역시,동래구,길,온천장로30번길,주도로,173,7
부산광역시,동래구,길,온천장로52번길,주도로,226,5
부산광역시,동래구,길,온천장로65번길,주도로,73,3
부산광역시,동래구,길,온천천남자전거길,주도로,3340,2
부산광역시,동래구,길,온천천남자전거길,주도로,3340,2
부산광역시,동래구,길,온천천남자전거길,주도로,3340,2
부산광역시,동래구,길,온천천남자전거길,주도로,3340,2
부산광역시,동래구,길,온천천남자전거길,주도로,3340,2
부산광역시,동래구,길,온천천남자전거길,주도로,3340,2
부산광역시,동래구,로,온천천로,주도로,5610,8
부산광역시,동래구,길,온천천로253번길,주도로,127,6
부산광역시,동래구,길,온천천로269번길,주도로,220,5
부산광역시,동래구,길,온천천로285번길,주도로,164,7
부산광역시,동래구,길,온천천로301번길,주도로,333,7
부산광역시,동래구,길,온천천로319번가길,주도로,199,5
부산광역시,동래구,길,온천천로319번길,주도로,403,7
부산광역시,동래구,길,온천천로319번나길,주도로,130,4
부산광역시,동래구,길,온천천로337번길,주도로,535,7
부산광역시,동래구,길,온천천로339번가길,주도로,100,5
부산광역시,동래구,길,온천천로339번길,주도로,329,14
부산광역시,동래구,길,온천천로359번길,주도로,570,10
부산광역시,동래구,길,온천천로381번길,주도로,113,6
부산광역시,동래구,길,온천천로399번길,주도로,151,9
부산광역시,동래구,길,온천천로431번길,주도로,220,10
부산광역시,동래구,길,온천천로437번길,주도로,193,7
부산광역시,동래구,길,온천천로441번길,주도로,99,6
부산광역시,동래구,길,온천천로453번길,주도로,172,6
부산광역시,동래구,길,온천천로457번길,주도로,95,7
부산광역시,동래구,길,온천천로471번가길,주도로,334,7
부산광역시,동래구,길,온천천로471번길,주도로,123,7
부산광역시,동래구,길,온천천로519번길,주도로,393,8
부산광역시,동래구,길,온천천로531번길,주도로,403,16.4
부산광역시,동래구,길,온천천로543번길,주도로,116,5
부산광역시,동래구,길,온천천로563번길,주도로,468,5
부산광역시,동래구,길,온천천자전거길,주도로,10541,2
부산광역시,동래구,길,온천천자전거길,주도로,10541,2
부산광역시,동래구,길,온천천자전거길,주도로,10541,2
부산광역시,동래구,길,온천천자전거길,주도로,10541,2
부산광역시,동래구,길,온천천자전거길,주도로,10541,2
부산광역시,동래구,로,우장춘로,주도로,2220,20
부산광역시,동래구,길,우장춘로108번길,주도로,132,3
부산광역시,동래구,길,우장춘로117번길,주도로,220,5
부산광역시,동래구,길,우장춘로171번길,주도로,110,4
부산광역시,동래구,길,우장춘로17번길,주도로,420,8
부산광역시,동래구,길,우장춘로18번길,주도로,241,9
부산광역시,동래구,길,우장춘로4번길,주도로,208,8
부산광역시,동래구,길,우장춘로56번길,주도로,275,6
부산광역시,동래구,길,우장춘로59번길,주도로,275,6
부산광역시,동래구,길,우장춘로62번길,주도로,265,6
부산광역시,동래구,길,우장춘로63번길,주도로,281,7
부산광역시,동래구,길,우장춘로67번길,주도로,332,5
부산광역시,동래구,길,우장춘로68번길,주도로,132,6
부산광역시,동래구,길,우장춘로74번길,주도로,97,6
부산광역시,동래구,길,우장춘로9번길,주도로,217,8
부산광역시,동래구,로,종합운동장로,주도로,600,35
부산광역시,동래구,길,종합운동장로40번길,주도로,116,6
부산광역시,동래구,길,종합운동장로54번길,주도로,114,6
부산광역시,동래구,대로,중앙대로,주도로,25900,35
부산광역시,동래구,길,중앙대로1267번길,주도로,644,7
부산광역시,동래구,길,중앙대로1277번길,주도로,685,8
부산광역시,동래구,길,중앙대로1285번길,주도로,167,6
부산광역시,동래구,길,중앙대로1301번길,주도로,243,6
부산광역시,동래구,길,중앙대로1307번길,주도로,201,7
부산광역시,동래구,길,중앙대로1325번길,주도로,188,12
부산광역시,동래구,길,중앙대로1333번길,주도로,594,6
부산광역시,동래구,길,중앙대로1335번길,주도로,475,10
부산광역시,동래구,길,중앙대로1367번길,주도로,424,14
부산광역시,동래구,길,중앙대로1381번길,주도로,436,10.5
부산광역시,동래구,길,중앙대로1473번길,주도로,137,10
부산광역시,동래구,길,중앙대로1493번길,주도로,152,10
부산광역시,동래구,길,중앙대로1501번길,주도로,140,18
부산광역시,동래구,로,차밭골로,주도로,493,14
부산광역시,동래구,길,차밭골로20번길,주도로,362,5
부산광역시,동래구,길,차밭골로21번길,주도로,222,9
부산광역시,동래구,길,차밭골로22번길,주도로,243,2
부산광역시,동래구,길,차밭골로24번길,주도로,162,3
부산광역시,동래구,길,차밭골로34번길,주도로,151,3
부산광역시,동래구,길,차밭골로37번길,주도로,253,3
부산광역시,동래구,길,차밭골로41번길,주도로,169,3
부산광역시,동래구,길,차밭골로49번가길,주도로,234,8
부산광역시,동래구,길,차밭골로49번길,주도로,276,9
부산광역시,동래구,길,차밭골로50번가길,주도로,105,3
부산광역시,동래구,길,차밭골로50번길,주도로,172,6
부산광역시,동래구,로,체육공원로,주도로,770,30
부산광역시,동래구,대로,충렬대로,주도로,5120,40
부산광역시,동래구,길,충렬대로100번가길,주도로,67,4
부산광역시,동래구,길,충렬대로100번길,주도로,607,8
부산광역시,동래구,길,충렬대로100번나길,주도로,58,4
부산광역시,동래구,길,충렬대로100번다길,주도로,86,4
부산광역시,동래구,길,충렬대로107번가길,주도로,70,2
부산광역시,동래구,길,충렬대로107번길,주도로,666,11
부산광역시,동래구,길,충렬대로108번길,주도로,518,10
부산광역시,동래구,길,충렬대로117번길,주도로,123,7
부산광역시,동래구,길,충렬대로125번길,주도로,138,6
부산광역시,동래구,길,충렬대로126번길,주도로,248,6
부산광역시,동래구,길,충렬대로137번길,주도로,141,8
부산광역시,동래구,길,충렬대로140번길,주도로,286,7
부산광역시,동래구,길,충렬대로146번길,주도로,86,3
부산광역시,동래구,길,충렬대로148번길,주도로,118,4
부산광역시,동래구,길,충렬대로155번길,주도로,172,6
부산광역시,동래구,길,충렬대로179번길,주도로,145,3
부산광역시,동래구,길,충렬대로181번길,주도로,620,10
부산광역시,동래구,길,충렬대로182번가길,주도로,133,3
부산광역시,동래구,길,충렬대로182번길,주도로,139,10
부산광역시,동래구,길,충렬대로182번나길,주도로,106,3
부산광역시,동래구,길,충렬대로200번길,주도로,238,8
부산광역시,동래구,길,충렬대로202번가길,주도로,136,8
부산광역시,동래구,길,충렬대로202번길,주도로,461,8
부산광역시,동래구,길,충렬대로218번길,주도로,333,8
부산광역시,동래구,길,충렬대로237번가길,주도로,329,3
부산광역시,동래구,길,충렬대로237번길,주도로,750,10
부산광역시,동래구,길,충렬대로238번가길,주도로,568,6
부산광역시,동래구,길,충렬대로238번길,주도로,216,13
부산광역시,동래구,길,충렬대로245번길,주도로,218,4
부산광역시,동래구,길,충렬대로249번길,주도로,318,7
부산광역시,동래구,길,충렬대로253번길,주도로,116,3
부산광역시,동래구,길,충렬대로255번길,주도로,187,4
부산광역시,동래구,길,충렬대로256번가길,주도로,174,8
부산광역시,동래구,길,충렬대로256번길,주도로,179,8
부산광역시,동래구,길,충렬대로258번길,주도로,112,3
부산광역시,동래구,길,충렬대로261번길,주도로,93,3
부산광역시,동래구,길,충렬대로270번길,주도로,75,3
부산광역시,동래구,길,충렬대로271번길,주도로,314,6
부산광역시,동래구,길,충렬대로272번가길,주도로,89,6
부산광역시,동래구,길,충렬대로272번길,주도로,297,9
부산광역시,동래구,길,충렬대로273번길,주도로,128,7
부산광역시,동래구,길,충렬대로285번길,주도로,178,13
부산광역시,동래구,길,충렬대로309번길,주도로,274,4
부산광역시,동래구,길,충렬대로321번길,주도로,349,6
부산광역시,동래구,길,충렬대로322번가길,주도로,159,2
부산광역시,동래구,길,충렬대로322번길,주도로,181,8
부산광역시,동래구,길,충렬대로331번길,주도로,342,8
부산광역시,동래구,길,충렬대로335번길,주도로,154,9
부산광역시,동래구,길,충렬대로336번길,주도로,84,3
부산광역시,동래구,길,충렬대로348번길,주도로,415,11
부산광역시,동래구,길,충렬대로350번길,주도로,156,10
부산광역시,동래구,길,충렬대로359번길,주도로,313,12.8
부산광역시,동래구,길,충렬대로375번길,주도로,316,8
부산광역시,동래구,길,충렬대로376번길,주도로,123,8
부산광역시,동래구,길,충렬대로387번길,주도로,155,6
부산광역시,동래구,길,충렬대로395번길,주도로,318,8
부산광역시,동래구,길,충렬대로396번길,주도로,73,8
부산광역시,동래구,길,충렬대로405번길,주도로,144,8
부산광역시,동래구,길,충렬대로409번길,주도로,157,8
부산광역시,동래구,길,충렬대로410번길,주도로,355,9.7
부산광역시,동래구,길,충렬대로428번가길,주도로,158,8
부산광역시,동래구,길,충렬대로428번길,주도로,400,14
부산광역시,동래구,길,충렬대로433번길,주도로,308,8
부산광역시,동래구,길,충렬대로446번가길,주도로,228,3
부산광역시,동래구,길,충렬대로446번길,주도로,385,10
부산광역시,동래구,길,충렬대로446번나길,주도로,162,3
부산광역시,동래구,길,충렬대로447번길,주도로,342,8
부산광역시,동래구,길,충렬대로457번길,주도로,394,8
부산광역시,동래구,길,충렬대로459번가길,주도로,198,10
부산광역시,동래구,길,충렬대로459번길,주도로,476,10
부산광역시,동래구,길,충렬대로57번길,주도로,60,3
부산광역시,동래구,길,충렬대로75번길,주도로,158,10
부산광역시,동래구,길,충렬대로86번길,주도로,650,6
부산광역시,동래구,길,충렬대로92번길,주도로,135,6
부산광역시,동래구,길,충렬대로95번가길,주도로,209,2
부산광역시,동래구,길,충렬대로95번길,주도로,279,8
부산광역시,동래구,길,충렬대로95번나길,주도로,109,3
부산광역시,동래구,로,충렬사로,주도로,840,10
부산광역시,동래구,길,충렬사로25번길,주도로,170,3
부산광역시,동래구,길,충렬사로51번가길,주도로,93,3
부산광역시,동래구,길,충렬사로51번길,주도로,300,7
부산광역시,동래구,길,충렬사로67번길,주도로,270,9
부산광역시,동래구,로,칠산로,주도로,280,7.5
부산광역시,동래구,길,칠산로39번가길,주도로,240,5
부산광역시,동래구,길,칠산로39번길,주도로,156,3
부산광역시,동래구,길,칠산로42번길,주도로,146,8
부산광역시,동래구,길,칠산로47번길,주도로,104,3
부산광역시,동래구,길,칠산로50번길,주도로,282,8
부산광역시,동래구,길,칠산로51번길,주도로,188,3
부산광역시,동래구,길,칠산로55번길,주도로,234,4
부산광역시,동래구,길,칠산로60번가길,주도로,155,4
부산광역시,동래구,길,칠산로60번길,주도로,269,8
부산광역시,동래구,길,호현길,주도로,450,4
부산광역시,동래구,길,화현길,주도로,229,6
부산광역시,남구,로,8부두로,주도로,1121,22
부산광역시,남구,로,고동골로,주도로,1380,15
부산광역시,남구,길,고동골로111번길,주도로,200,9
부산광역시,남구,길,고동골로125번길,주도로,156,2
부산광역시,남구,길,고동골로18번길,주도로,284,6
부산광역시,남구,길,고동골로28번길,주도로,223,8
부산광역시,남구,길,고동골로36번가길,주도로,319,6
부산광역시,남구,길,고동골로36번길,주도로,230,6
부산광역시,남구,길,고동골로47번가길,주도로,200,3
부산광역시,남구,길,고동골로47번길,주도로,323,4
부산광역시,남구,길,고동골로4번길,주도로,115,6
부산광역시,남구,길,고동골로59번길,주도로,491,5
부산광역시,남구,길,고동골로60번길,주도로,204,8
부산광역시,남구,길,고동골로69번가길,주도로,504,5
부산광역시,남구,길,고동골로69번길,주도로,806,9
부산광역시,남구,길,고동골로72번길,주도로,386,6
부산광역시,남구,길,고동골로78번길,주도로,509,12
부산광역시,남구,길,고동골로97번길,주도로,497,11
부산광역시,남구,로,남동천로,주도로,1360,15
부산광역시,남구,길,남동천로72번길,주도로,110,2
부산광역시,남구,길,남동천로76번길,주도로,119,2
부산광역시,남구,길,남동천로78번길,주도로,125,2
부산광역시,남구,로,당산로,주도로,224,12.879
부산광역시,남구,길,당산로18번길,주도로,139,2
부산광역시,남구,로,대연고가도로,주도로,465,8
부산광역시,남구,로,대연고가도로,주도로,484,8
부산광역시,남구,로,동명로,주도로,2095,12
부산광역시,남구,길,동명로100번길,주도로,326,8
부산광역시,남구,길,동명로101번가길,주도로,149,6
부산광역시,남구,길,동명로101번길,주도로,743,6
부산광역시,남구,길,동명로101번나길,주도로,184,8
부산광역시,남구,길,동명로101번다길,주도로,253,6
부산광역시,남구,길,동명로105번길,주도로,582,8
부산광역시,남구,길,동명로112번길,주도로,397,8
부산광역시,남구,길,동명로117번길,주도로,450,9
부산광역시,남구,길,동명로118번가길,주도로,248,3
부산광역시,남구,길,동명로118번길,주도로,791,8
부산광역시,남구,길,동명로125번길,주도로,305,6
부산광역시,남구,길,동명로131번길,주도로,335,8
부산광역시,남구,길,동명로132번길,주도로,755,8
부산광역시,남구,길,동명로145번가길,주도로,131,6
부산광역시,남구,길,동명로145번길,주도로,543,8
부산광역시,남구,길,동명로145번나길,주도로,249,4
부산광역시,남구,길,동명로145번다길,주도로,244,3
부산광역시,남구,길,동명로146번길,주도로,721,8
부산광역시,남구,길,동명로152번길,주도로,704,6
부산광역시,남구,길,동명로157번길,주도로,267,8
부산광역시,남구,길,동명로158번길,주도로,688,8
부산광역시,남구,길,동명로163번길,주도로,219,6
부산광역시,남구,길,동명로164번길,주도로,672,6
부산광역시,남구,길,동명로169번길,주도로,349,8
부산광역시,남구,길,동명로170번길,주도로,656,7
부산광역시,남구,길,동명로176번길,주도로,338,3
부산광역시,남구,길,동명로92번길,주도로,483,8
부산광역시,남구,로,동제당로,주도로,1901,12.486
부산광역시,남구,길,동제당로191번길,주도로,876,5
부산광역시,남구,길,동제당로359번길,주도로,133,3
부산광역시,남구,길,동제당로39번길,주도로,335,4
부산광역시,남구,로,동항로,주도로,661,12.049
부산광역시,남구,길,동항로102번길,주도로,137,3
부산광역시,남구,길,동항로106번가길,주도로,130,1
부산광역시,남구,길,동항로106번길,주도로,187,3
부산광역시,남구,길,동항로27번길,주도로,148,2
부산광역시,남구,길,동항로29번길,주도로,128,2
부산광역시,남구,길,동항로37번길,주도로,114,2
부산광역시,남구,길,동항로63번길,주도로,218,3
부산광역시,남구,길,동항로71번길,주도로,185,2
부산광역시,남구,길,동항로75번길,주도로,224,2
부산광역시,남구,로,못골로,주도로,1084,12
부산광역시,남구,길,못골로12번길,주도로,460,6
부산광역시,남구,길,못골로41번길,주도로,256,12
부산광역시,남구,길,못골로53번길,주도로,263,4
부산광역시,남구,길,못골로69번길,주도로,203,3
부산광역시,남구,로,못골번영로,주도로,1066,12
부산광역시,남구,길,못골번영로39번길,주도로,128,6
부산광역시,남구,길,못골번영로40번길,주도로,325,6
부산광역시,남구,길,못골번영로46번길,주도로,328,6
부산광역시,남구,길,못골번영로49번길,주도로,127,6
부산광역시,남구,길,못골번영로50번길,주도로,223,6
부산광역시,남구,길,못골번영로56번길,주도로,222,6
부산광역시,남구,길,못골번영로59번길,주도로,123,7
부산광역시,남구,길,못골번영로60번길,주도로,223,8
부산광역시,남구,길,못골번영로66번길,주도로,369,6
부산광역시,남구,길,못골번영로71번길,주도로,374,8
부산광역시,남구,길,못골번영로72번가길,주도로,248,6
부산광역시,남구,길,못골번영로72번길,주도로,222,8
부산광역시,남구,길,못골번영로72번나길,주도로,235,3
부산광역시,남구,길,못골번영로82번길,주도로,121,5
부산광역시,남구,로,무민사로,주도로,459,17
부산광역시,남구,길,무민사로19번길,주도로,223,3
부산광역시,남구,길,무민사로33번길,주도로,427,4
부산광역시,남구,로,문현금융로,주도로,546,25
부산광역시,남구,길,문현금융로18번길,주도로,122,5
부산광역시,남구,로,문현로,주도로,817,17
부산광역시,남구,길,문현로23번길,주도로,289,9
부산광역시,남구,길,문현로36번길,주도로,243,7
부산광역시,남구,길,문현로66번길,주도로,689,8
부산광역시,남구,로,문현지하도로,주도로,341,9
부산광역시,남구,로,문현지하도로,주도로,421,9
부산광역시,남구,로,백운포로,주도로,1159,31
부산광역시,남구,로,부산항대교접속고가도로,주도로,3808,10
부산광역시,남구,로,부산항대교접속고가도로,주도로,3806,10
부산광역시,남구,로,북항로,주도로,2191,36
부산광역시,남구,로,분포로,주도로,1582,31
부산광역시,남구,로,석포로,주도로,1467,27
부산광역시,남구,길,석포로114번길,주도로,177,7
부산광역시,남구,길,석포로117번길,주도로,188,4
부산광역시,남구,길,석포로126번길,주도로,174,7
부산광역시,남구,길,석포로127번길,주도로,535,7
부산광역시,남구,길,석포로20번길,주도로,136,4
부산광역시,남구,길,석포로26번가길,주도로,314,10
부산광역시,남구,길,석포로26번길,주도로,346,9
부산광역시,남구,길,석포로30번길,주도로,71,2
부산광역시,남구,길,석포로32번가길,주도로,134,2
부산광역시,남구,길,석포로32번길,주도로,294,2
부산광역시,남구,길,석포로43번길,주도로,102,2
부산광역시,남구,길,석포로56번길,주도로,342,5
부산광역시,남구,길,석포로58번길,주도로,254,2
부산광역시,남구,길,석포로64번길,주도로,413,10
부산광역시,남구,길,석포로73번가길,주도로,132,3
부산광역시,남구,길,석포로73번길,주도로,540,5
부산광역시,남구,길,석포로73번나길,주도로,427,8
부산광역시,남구,길,석포로83번길,주도로,496,5
부산광역시,남구,길,석포로86번길,주도로,170,6
부산광역시,남구,길,석포로91번길,주도로,524,9
부산광역시,남구,길,섶자리길,주도로,746,5
부산광역시,남구,로,솔밭로,주도로,375,9
부산광역시,남구,길,솔밭로18번길,주도로,350,3
부산광역시,남구,길,솔밭로34번길,주도로,138,4
부산광역시,남구,로,수영로,주도로,8100,30
부산광역시,남구,길,수영로107번가길,주도로,183,3
부산광역시,남구,길,수영로107번길,주도로,214,2
부산광역시,남구,길,수영로123번길,주도로,290,2
부산광역시,남구,길,수영로132번길,주도로,468,4
부산광역시,남구,길,수영로13번길,주도로,666,10
부산광역시,남구,길,수영로168번길,주도로,446,6
부산광역시,남구,길,수영로172번길,주도로,234,6
부산광역시,남구,길,수영로176번길,주도로,191,6
부산광역시,남구,길,수영로196번길,주도로,545,8
부산광역시,남구,길,수영로208번길,주도로,284,8
부산광역시,남구,길,수영로219번길,주도로,341,8
부산광역시,남구,길,수영로220번길,주도로,229,8
부산광역시,남구,길,수영로249번길,주도로,80,4
부산광역시,남구,길,수영로250번가길,주도로,132,2
부산광역시,남구,길,수영로250번길,주도로,473,8
부산광역시,남구,길,수영로266번길,주도로,686,8
부산광역시,남구,길,수영로267번길,주도로,320,8
부산광역시,남구,길,수영로293번길,주도로,309,7
부산광역시,남구,길,수영로298번길,주도로,242,6
부산광역시,남구,길,수영로322번길,주도로,291,6
부산광역시,남구,길,수영로325번길,주도로,940,8
부산광역시,남구,길,수영로334번길,주도로,316,8
부산광역시,남구,길,수영로346번길,주도로,243,8
부산광역시,남구,길,수영로358번길,주도로,199,8
부산광역시,남구,길,수영로366번길,주도로,293,6
부산광역시,남구,길,수영로39번가길,주도로,459,8
부산광역시,남구,길,수영로39번길,주도로,421,10
부산광역시,남구,길,수영로39번나길,주도로,552,7
부산광역시,남구,길,수영로49번가길,주도로,220,6
부산광역시,남구,길,수영로49번길,주도로,216,6
부산광역시,남구,길,수영로49번나길,주도로,317,4
부산광역시,남구,길,수영로51번길,주도로,279,3
부산광역시,남구,길,수영로65번길,주도로,351,2
부산광역시,남구,길,수영로69번가길,주도로,363,3
부산광역시,남구,길,수영로69번길,주도로,351,9
부산광역시,남구,길,수영로69번나길,주도로,128,2
부산광역시,남구,길,수영로77번길,주도로,199,2
부산광역시,남구,로,신선대산복로,주도로,2552,15
부산광역시,남구,길,신선대산복로174번길,주도로,1478,2
부산광역시,남구,로,신선대지하도로,주도로,1869,9
부산광역시,남구,로,신선대지하도로,주도로,1870,9
부산광역시,남구,로,신선로,주도로,6061,34
부산광역시,남구,길,신선로301번길,주도로,226,8
부산광역시,남구,길,신선로303번길,주도로,292,4
부산광역시,남구,길,신선로319번길,주도로,224,4
부산광역시,남구,길,신선로329번가길,주도로,125,3
부산광역시,남구,길,신선로329번길,주도로,519,6
부산광역시,남구,길,신선로337번길,주도로,498,3
부산광역시,남구,길,신선로356번길,주도로,1271,6
부산광역시,남구,길,신선로447번길,주도로,472,6
부산광역시,남구,로,신정번영로,주도로,649,12.337
부산광역시,남구,길,신정번영로13번길,주도로,441,9
부산광역시,남구,길,신정번영로15번길,주도로,123,2
부산광역시,남구,길,신정번영로21번길,주도로,154,2
부산광역시,남구,길,신정번영로31번가길,주도로,126,1
부산광역시,남구,길,신정번영로31번길,주도로,448,6
부산광역시,남구,길,신정번영로31번나길,주도로,268,2
부산광역시,남구,길,신정번영로31번다길,주도로,172,2
부산광역시,남구,길,신정번영로45번가길,주도로,210,4
부산광역시,남구,길,신정번영로45번길,주도로,306,4
부산광역시,남구,길,신정번영로47번길,주도로,286,4
부산광역시,남구,길,신정번영로65번가길,주도로,203,4
부산광역시,남구,길,신정번영로65번길,주도로,343,4
부산광역시,남구,로,양지골로,주도로,1857,8
부산광역시,남구,길,양지골로113번길,주도로,346,7
부산광역시,남구,길,양지골로169번가길,주도로,171,4
부산광역시,남구,길,양지골로169번길,주도로,310,3
부산광역시,남구,길,양지골로172번길,주도로,253,3
부산광역시,남구,길,양지골로206번길,주도로,208,4
부산광역시,남구,길,양지골로251번가길,주도로,194,5
부산광역시,남구,길,양지골로251번길,주도로,505,6
부산광역시,남구,길,양지골로287번길,주도로,204,4
부산광역시,남구,길,양지골로298번길,주도로,147,5
부산광역시,남구,길,양지골로55번길,주도로,318,10
부산광역시,남구,로,오륙도로,주도로,1378,28
부산광역시,남구,로,용소로,주도로,1092,26
부산광역시,남구,길,용소로13번길,주도로,592,6
부산광역시,남구,길,용소로14번길,주도로,274,4
부산광역시,남구,길,용소로19번길,주도로,501,6
부산광역시,남구,길,용소로21번길,주도로,699,6
부산광역시,남구,길,용소로28번길,주도로,255,10
부산광역시,남구,길,용소로34번길,주도로,282,3
부산광역시,남구,길,용소로40번길,주도로,208,8
부산광역시,남구,길,용소로46번길,주도로,205,4
부산광역시,남구,길,용소로64번길,주도로,732,6
부산광역시,남구,길,용소로7번길,주도로,577,6
부산광역시,남구,길,용소로8번길,주도로,319,3
부산광역시,남구,로,용주로,주도로,434,10
부산광역시,남구,길,용주로14번길,주도로,162,8
부산광역시,남구,길,용주로22번길,주도로,162,8
부산광역시,남구,길,용주로30번길,주도로,162,6
부산광역시,남구,길,용주로50번길,주도로,438,3
부산광역시,남구,길,용주로6번길,주도로,362,6
부산광역시,남구,로,용호로,주도로,2797,20
부산광역시,남구,길,용호로106번가길,주도로,194,4
부산광역시,남구,길,용호로106번길,주도로,297,6
부산광역시,남구,길,용호로109번길,주도로,183,8
부산광역시,남구,길,용호로110번길,주도로,247,7
부산광역시,남구,길,용호로123번가길,주도로,289,4
부산광역시,남구,길,용호로123번길,주도로,488,6
부산광역시,남구,길,용호로124번길,주도로,166,6
부산광역시,남구,길,용호로159번길,주도로,621,3
부산광역시,남구,길,용호로160번길,주도로,341,4
부산광역시,남구,길,용호로177번길,주도로,375,6
부산광역시,남구,길,용호로178번길,주도로,349,6
부산광역시,남구,길,용호로197번길,주도로,314,8
부산광역시,남구,길,용호로198번길,주도로,407,8
부산광역시,남구,길,용호로216번가길,주도로,397,8
부산광역시,남구,길,용호로216번길,주도로,191,3
부산광역시,남구,길,용호로231번길,주도로,509,6
부산광역시,남구,길,용호로232번길,주도로,427,7
부산광역시,남구,길,용호로251번길,주도로,254,7
부산광역시,남구,길,용호로252번길,주도로,129,3
부산광역시,남구,길,용호로269번길,주도로,456,3
부산광역시,남구,길,용호로42번길,주도로,766,8
부산광역시,남구,길,용호로54번길,주도로,198,6
부산광역시,남구,길,용호로76번길,주도로,425,7
부산광역시,남구,길,용호로90번길,주도로,196,8
부산광역시,남구,길,용호로97번길,주도로,250,6
부산광역시,남구,로,우암로,주도로,3933,25
부산광역시,남구,길,우암로104번길,주도로,311,8
부산광역시,남구,길,우암로154번길,주도로,323,12
부산광역시,남구,길,우암로176번길,주도로,213,3
부산광역시,남구,길,우암로191번가길,주도로,461,20
부산광역시,남구,길,우암로191번길,주도로,1000,20
부산광역시,남구,길,우암로194번길,주도로,106,3
부산광역시,남구,길,우암로198번가길,주도로,99,1
부산광역시,남구,길,우암로198번길,주도로,108,8
부산광역시,남구,길,우암로200번가길,주도로,88,1
부산광역시,남구,길,우암로200번길,주도로,321,5
부산광역시,남구,길,우암로245번길,주도로,670,20
부산광역시,남구,길,우암로256번길,주도로,154,2
부산광역시,남구,길,우암로264번길,주도로,143,1
부산광역시,남구,길,우암로26번가길,주도로,99,4
부산광역시,남구,길,우암로26번길,주도로,366,9
부산광역시,남구,길,우암로284번길,주도로,230,2
부산광역시,남구,길,우암로2번가길,주도로,180,2
부산광역시,남구,길,우암로2번길,주도로,386,2
부산광역시,남구,길,우암로2번나길,주도로,98,2
부산광역시,남구,길,우암로360번길,주도로,229,4
부산광역시,남구,길,우암로362번길,주도로,307,10
부산광역시,남구,길,우암로374번길,주도로,211,11
부산광역시,남구,길,우암로39번길,주도로,285,3
부산광역시,남구,길,우암로52번길,주도로,423,3
부산광역시,남구,길,우암로61번길,주도로,280,3
부산광역시,남구,길,우암로70번길,주도로,396,9
부산광역시,남구,길,우암로75번가길,주도로,131,5
부산광역시,남구,길,우암로75번길,주도로,368,3
부산광역시,남구,길,우암로75번나길,주도로,106,2
부산광역시,남구,길,우암로79번가길,주도로,76,2
부산광역시,남구,길,우암로79번길,주도로,206,6
부산광역시,남구,길,우암로84번길,주도로,222,5
부산광역시,남구,로,우암번영로,주도로,289,12.053
부산광역시,남구,길,우암번영로14번길,주도로,152,2
부산광역시,남구,길,우암번영로15번길,주도로,137,2
부산광역시,남구,길,우암번영로26번길,주도로,156,3
부산광역시,남구,길,우암번영로27번길,주도로,135,2
부산광역시,남구,길,우암번영로34번길,주도로,73,1
부산광역시,남구,길,우암번영로35번길,주도로,70,3
부산광역시,남구,길,우암번영로38번길,주도로,167,2
부산광역시,남구,길,우암번영로39번길,주도로,134,2
부산광역시,남구,길,우암번영로3번길,주도로,126,2
부산광역시,남구,길,우암번영로8번길,주도로,155,2
부산광역시,남구,길,우암번영로9번길,주도로,141,3
부산광역시,남구,로,우암양달로,주도로,526,12.925
부산광역시,남구,길,우암양달로16번길,주도로,363,3
부산광역시,남구,길,우암양달로75번길,주도로,193,8
부산광역시,남구,로,유엔로,주도로,2523,20
부산광역시,남구,길,유엔로108번길,주도로,144,7
부산광역시,남구,길,유엔로120번가길,주도로,612,6
부산광역시,남구,길,유엔로120번길,주도로,265,9
부산광역시,남구,길,유엔로137번길,주도로,314,6
부산광역시,남구,길,유엔로157번가길,주도로,595,10
부산광역시,남구,길,유엔로157번길,주도로,560,8
부산광역시,남구,길,유엔로157번나길,주도로,441,6
부산광역시,남구,길,유엔로169번길,주도로,507,8
부산광역시,남구,길,유엔로183번길,주도로,393,8
부산광역시,남구,길,유엔로201번길,주도로,455,8
부산광역시,남구,길,유엔로215번길,주도로,232,4
부산광역시,남구,길,유엔로25번길,주도로,479,6
부산광역시,남구,길,유엔로27번길,주도로,461,5
부산광역시,남구,길,유엔로38번길,주도로,344,8
부산광역시,남구,길,유엔로74번길,주도로,242,4
부산광역시,남구,길,유엔로75번길,주도로,287,5
부산광역시,남구,길,유엔로84번길,주도로,488,5
부산광역시,남구,길,유엔로87번길,주도로,73,4
부산광역시,남구,길,유엔로96번길,주도로,284,4
부산광역시,남구,로,유엔평화로,주도로,1749,26
부산광역시,남구,길,유엔평화로106번길,주도로,285,4
부산광역시,남구,길,유엔평화로10번길,주도로,353,7
부산광역시,남구,길,유엔평화로125번길,주도로,270,9
부산광역시,남구,길,유엔평화로126번길,주도로,322,2
부산광역시,남구,길,유엔평화로13번길,주도로,352,6
부산광역시,남구,길,유엔평화로143번길,주도로,214,11.767
부산광역시,남구,길,유엔평화로14번길,주도로,319,6
부산광역시,남구,길,유엔평화로153번길,주도로,303,6
부산광역시,남구,길,유엔평화로17번길,주도로,567,8
부산광역시,남구,길,유엔평화로22번길,주도로,254,3
부산광역시,남구,길,유엔평화로28번길,주도로,148,6
부산광역시,남구,길,유엔평화로29번길,주도로,717,6
부산광역시,남구,길,유엔평화로38번길,주도로,337,3
부산광역시,남구,길,유엔평화로3번길,주도로,238,6
부산광역시,남구,길,유엔평화로41번가길,주도로,230,6
부산광역시,남구,길,유엔평화로41번길,주도로,711,6
부산광역시,남구,길,유엔평화로42번길,주도로,222,5
부산광역시,남구,길,유엔평화로47번길,주도로,850,6
부산광역시,남구,길,유엔평화로4번길,주도로,454,6
부산광역시,남구,길,유엔평화로66번길,주도로,370,7
부산광역시,남구,길,유엔평화로70번길,주도로,245,7
부산광역시,남구,길,유엔평화로76번길,주도로,649,12
부산광역시,남구,길,유엔평화로9번길,주도로,427,8
부산광역시,남구,로,이기대공원로,주도로,4587,14
부산광역시,남구,길,이기대공원로12번길,주도로,221,6
부산광역시,남구,길,이기대공원로26번길,주도로,256,6
부산광역시,남구,로,자성로,주도로,1589,43
부산광역시,남구,로,자유평화로,주도로,575,18
부산광역시,남구,길,자유평화로57번길,주도로,259,5
부산광역시,남구,길,자유평화로59번길,주도로,391,6
부산광역시,남구,길,자유평화로60번길,주도로,512,6
부산광역시,남구,로,장고개로,주도로,1191,12
부산광역시,남구,길,장고개로101번길,주도로,164,2
부산광역시,남구,길,장고개로104번길,주도로,385,6
부산광역시,남구,길,장고개로14번길,주도로,133,2
부산광역시,남구,길,장고개로16번길,주도로,165,4
부산광역시,남구,길,장고개로33번길,주도로,274,7
부산광역시,남구,길,장고개로40번길,주도로,230,2
부산광역시,남구,길,장고개로42번길,주도로,168,2
부산광역시,남구,길,장고개로63번가길,주도로,142,4
부산광역시,남구,길,장고개로63번길,주도로,422,11
부산광역시,남구,길,장고개로67번길,주도로,170,7
부산광역시,남구,길,장고개로85번가길,주도로,185,6
부산광역시,남구,길,장고개로85번길,주도로,230,9
부산광역시,남구,길,장고개로8번길,주도로,99,2
부산광역시,남구,길,장고개로93번길,주도로,227,3
부산광역시,남구,길,장고개로9번길,주도로,189,4
부산광역시,남구,로,전선등로,주도로,393,12.11
부산광역시,남구,길,전선등로36번길,주도로,243,3
부산광역시,남구,길,전선등로37번길,주도로,176,2
부산광역시,남구,길,전선등로3번길,주도로,381,6
부산광역시,남구,길,전선등로61번길,주도로,290,4
부산광역시,남구,길,전선등로71번길,주도로,273,4
부산광역시,남구,대로,전포대로,주도로,3090,50
부산광역시,남구,길,전포대로110번길,주도로,217,10
부산광역시,남구,길,전포대로122번길,주도로,160,7
부산광역시,남구,길,전포대로20번길,주도로,260,10
부산광역시,남구,길,전포대로40번가길,주도로,272,2
부산광역시,남구,길,전포대로40번길,주도로,328,6
부산광역시,남구,길,전포대로48번길,주도로,209,2
부산광역시,남구,길,전포대로67번가길,주도로,153,3
부산광역시,남구,길,전포대로67번길,주도로,255,15
부산광역시,남구,길,전포대로68번가길,주도로,121,2
부산광역시,남구,길,전포대로68번길,주도로,158,8
부산광역시,남구,길,전포대로76번길,주도로,143,2
부산광역시,남구,길,전포대로77번길,주도로,290,10
부산광역시,남구,길,전포대로78번길,주도로,149,9
부산광역시,남구,길,전포대로91번길,주도로,292,11.653
부산광역시,남구,길,전포대로92번가길,주도로,208,4
부산광역시,남구,길,전포대로92번길,주도로,222,6
부산광역시,남구,길,전포대로92번나길,주도로,389,8
부산광역시,남구,길,전포대로92번다길,주도로,119,3
부산광역시,남구,길,전포대로92번라길,주도로,108,3
부산광역시,남구,로,조각공원로,주도로,533,24
부산광역시,남구,길,조각공원로11번길,주도로,377,10
부산광역시,남구,길,조각공원로27번길,주도로,245,11
부산광역시,남구,로,지게골로,주도로,1129,12.108
부산광역시,남구,길,지게골로10번길,주도로,153,3
부산광역시,남구,길,지게골로168번길,주도로,270,7
부산광역시,남구,로,진남로,주도로,626,15
부산광역시,남구,길,진남로110번길,주도로,230,8
부산광역시,남구,길,진남로116번가길,주도로,128,2
부산광역시,남구,길,진남로116번길,주도로,217,8
부산광역시,남구,길,진남로127번길,주도로,865,9
부산광역시,남구,길,진남로153번길,주도로,368,9
부산광역시,남구,길,진남로154번길,주도로,169,9
부산광역시,남구,길,진남로165번가길,주도로,161,8
부산광역시,남구,길,진남로165번길,주도로,241,7
부산광역시,남구,길,진남로166번길,주도로,430,5
부산광역시,남구,길,진남로188번가길,주도로,314,5
부산광역시,남구,길,진남로188번길,주도로,263,5
부산광역시,남구,길,진남로188번나길,주도로,184,5
부산광역시,남구,길,진남로18번길,주도로,133,4
부산광역시,남구,길,진남로198번가길,주도로,427,6
부산광역시,남구,길,진남로198번길,주도로,578,6
부산광역시,남구,길,진남로206번길,주도로,201,3
부산광역시,남구,길,진남로207번길,주도로,156,4
부산광역시,남구,길,진남로210번길,주도로,291,6
부산광역시,남구,길,진남로214번길,주도로,149,1
부산광역시,남구,길,진남로216번길,주도로,205,1
부산광역시,남구,길,진남로220번가길,주도로,116,3
부산광역시,남구,길,진남로220번길,주도로,288,4
부산광역시,남구,길,진남로220번나길,주도로,103,2
부산광역시,남구,길,진남로232번길,주도로,453,11
부산광역시,남구,길,진남로25번길,주도로,227,6
부산광역시,남구,길,진남로29번길,주도로,240,6
부산광역시,남구,길,진남로30번가길,주도로,235,6
부산광역시,남구,길,진남로30번길,주도로,164,6
부산광역시,남구,길,진남로34번길,주도로,162,6
부산광역시,남구,길,진남로36번길,주도로,501,6
부산광역시,남구,길,진남로46번길,주도로,581,6
부산광역시,남구,길,진남로64번길,주도로,489,6
부산광역시,남구,길,진남로69번길,주도로,263,6
부산광역시,남구,길,진남로70번길,주도로,270,8
부산광역시,남구,길,진남로96번가길,주도로,132,8
부산광역시,남구,길,진남로96번길,주도로,365,9
부산광역시,남구,길,진남로96번나길,주도로,132,8
부산광역시,남구,로,천제등로,주도로,682,14
부산광역시,남구,길,천제등로16번가길,주도로,194,2
부산광역시,남구,길,천제등로16번길,주도로,716,4
부산광역시,남구,길,천제등로24번길,주도로,133,3
부산광역시,남구,길,천제등로28번길,주도로,333,7
부산광역시,남구,길,천제등로37번길,주도로,179,3
부산광역시,남구,길,천제등로38번길,주도로,358,4
부산광역시,남구,길,천제등로46번길,주도로,499,7
부산광역시,남구,대로,충장대로,주도로,3400,50
부산광역시,남구,길,평화공원길,주도로,370,4
부산광역시,남구,로,홍곡로,주도로,1908,9
부산광역시,남구,길,홍곡로101번길,주도로,147,4
부산광역시,남구,길,홍곡로104번길,주도로,161,4
부산광역시,남구,길,홍곡로118번길,주도로,186,2
부산광역시,남구,길,홍곡로120번길,주도로,258,2
부산광역시,남구,길,홍곡로22번길,주도로,330,5
부산광역시,남구,길,홍곡로320번길,주도로,792,4
부산광역시,남구,길,홍곡로336번길,주도로,204,4
부산광역시,남구,길,홍곡로37번길,주도로,131,3
부산광역시,남구,길,홍곡로41번길,주도로,137,4
부산광역시,남구,길,홍곡로47번길,주도로,123,4
부산광역시,남구,길,홍곡로57번길,주도로,209,6
부산광역시,남구,대로,황령대로,주도로,5000,40
부산광역시,남구,대로,황령대로,주도로,5000,40
부산광역시,남구,대로,황령대로,주도로,5000,40
부산광역시,남구,대로,황령대로,주도로,5000,40
부산광역시,남구,대로,황령대로,주도로,5000,40
부산광역시,남구,길,황령대로319번가길,주도로,1031,10
부산광역시,남구,길,황령대로319번길,주도로,882,11
부산광역시,남구,길,황령대로319번나길,주도로,311,4
부산광역시,남구,길,황령대로352번가길,주도로,158,4
부산광역시,남구,길,황령대로352번길,주도로,161,3
부산광역시,남구,길,황령대로353번길,주도로,361,5
부산광역시,남구,길,황령대로492번길,주도로,362,6
부산광역시,남구,길,황령대로74번길,주도로,520,9
부산광역시,남구,길,황령대로90번가길,주도로,167,2
부산광역시,남구,길,황령대로90번길,주도로,950,8
부산광역시,남구,길,황령대로90번나길,주도로,287,6
부산광역시,남구,길,황령대로90번다길,주도로,158,2
부산광역시,남구,길,황령대로98번길,주도로,360,6
부산광역시,남구,로,황령산로,주도로,6090,12
부산광역시,북구,로,가람로,주도로,752,6
부산광역시,북구,길,가람로18번길,주도로,140,3
부산광역시,북구,길,가람로24번길,주도로,132,5
부산광역시,북구,길,가람로36번길,주도로,133,4
부산광역시,북구,길,가람로48번길,주도로,292,4
부산광역시,북구,길,가람로50번길,주도로,213,6
부산광역시,북구,길,가람로52번길,주도로,490,6
부산광역시,북구,길,가람로58번길,주도로,116,3
부산광역시,북구,길,가람로66번길,주도로,121,3
부산광역시,북구,길,가람로8번길,주도로,260,4
부산광역시,북구,대로,강변대로,주도로,19389,40
부산광역시,북구,로,구남로,주도로,482,20
부산광역시,북구,길,구남로13번길,주도로,252,5
부산광역시,북구,길,구남로14번가길,주도로,120,5
부산광역시,북구,길,구남로14번길,주도로,444,5
부산광역시,북구,길,구남로15번길,주도로,205,5
부산광역시,북구,길,구남로20번길,주도로,140,5
부산광역시,북구,길,구남로6번길,주도로,179,8
부산광역시,북구,로,구남언덕로,주도로,383,12
부산광역시,북구,길,구남언덕로16번길,주도로,202,10
부산광역시,북구,길,구남언덕로20번길,주도로,199,10
부산광역시,북구,길,구남언덕로28번가길,주도로,125,3
부산광역시,북구,길,구남언덕로28번길,주도로,210,5
부산광역시,북구,길,구남언덕로32번길,주도로,239,5
부산광역시,북구,로,구만덕로,주도로,2850,20
부산광역시,북구,길,구만덕로59번가길,주도로,111,3
부산광역시,북구,길,구만덕로59번길,주도로,430,5
부산광역시,북구,길,구만덕로60번길,주도로,430,5
부산광역시,북구,길,구만덕로80번길,주도로,209,5
부산광역시,북구,길,구포만세길,주도로,1041,6
부산광역시,북구,길,구포시장1길,주도로,96,8
부산광역시,북구,길,구포시장2길,주도로,96,8
부산광역시,북구,길,구포시장3길,주도로,96,8
부산광역시,북구,길,구포시장4길,주도로,96,8
부산광역시,북구,길,구포시장5길,주도로,96,8
부산광역시,북구,길,구포시장6길,주도로,97,8
부산광역시,북구,길,구포시장7길,주도로,95,8
부산광역시,북구,길,구포시장8길,주도로,82,4
부산광역시,북구,길,구포시장길,주도로,468,7
부산광역시,북구,대로,금곡대로,주도로,7699,40
부산광역시,북구,길,금곡대로104번길,주도로,222,4
부산광역시,북구,길,금곡대로105번길,주도로,128,4
부산광역시,북구,길,금곡대로116번길,주도로,160,4
부산광역시,북구,길,금곡대로123번길,주도로,206,4
부산광역시,북구,길,금곡대로13번길,주도로,179,12
부산광역시,북구,길,금곡대로186번길,주도로,375,15
부산광역시,북구,길,금곡대로199번길,주도로,146,6
부산광역시,북구,길,금곡대로19번길,주도로,145,6
부산광역시,북구,길,금곡대로200번길,주도로,336,6
부산광역시,북구,길,금곡대로208번길,주도로,204,2
부산광역시,북구,길,금곡대로20번길,주도로,507,7
부산광역시,북구,길,금곡대로218번길,주도로,126,2
부산광역시,북구,길,금곡대로221번길,주도로,244,6
부산광역시,북구,길,금곡대로229번길,주도로,487,12
부산광역시,북구,길,금곡대로25번길,주도로,112,6
부산광역시,북구,길,금곡대로26번길,주도로,271,6
부산광역시,북구,길,금곡대로285번길,주도로,507,15
부산광역시,북구,길,금곡대로290번길,주도로,228,4
부산광역시,북구,길,금곡대로303번길,주도로,500,15
부산광역시,북구,길,금곡대로306번길,주도로,209,4
부산광역시,북구,길,금곡대로318번길,주도로,198,6
부산광역시,북구,길,금곡대로324번길,주도로,325,13
부산광역시,북구,길,금곡대로330번가길,주도로,254,6
부산광역시,북구,길,금곡대로330번길,주도로,121,6
부산광역시,북구,길,금곡대로347번길,주도로,462,15
부산광역시,북구,길,금곡대로37번길,주도로,471,6
부산광역시,북구,길,금곡대로410번길,주도로,218,12
부산광역시,북구,길,금곡대로430번가길,주도로,240,5
부산광역시,북구,길,금곡대로430번길,주도로,213,5
부산광역시,북구,길,금곡대로441번길,주도로,145,10
부산광역시,북구,길,금곡대로46번길,주도로,279,9
부산광역시,북구,길,금곡대로470번길,주도로,249,12
부산광역시,북구,길,금곡대로550번길,주도로,197,12
부산광역시,북구,길,금곡대로616번길,주도로,810,12
부산광역시,북구,길,금곡대로61번길,주도로,300,5
부산광역시,북구,길,금곡대로636번길,주도로,130,11
부산광역시,북구,길,금곡대로638번가길,주도로,248,6
부산광역시,북구,길,금곡대로638번길,주도로,128,6
부산광역시,북구,길,금곡대로7번길,주도로,209,7
부산광역시,북구,길,금곡대로8번길,주도로,505,7
부산광역시,북구,길,금곡대로92번길,주도로,314,6
부산광역시,북구,로,기찰로,주도로,1864,13
부산광역시,북구,길,기찰로129번길,주도로,401,11
부산광역시,북구,길,낙동강자전거길,주도로,368939,2
부산광역시,북구,대로,낙동대로,주도로,17497,40
부산광역시,북구,길,낙동대로1570번가길,주도로,198,7
부산광역시,북구,길,낙동대로1570번길,주도로,249,8
부산광역시,북구,길,낙동대로1570번나길,주도로,121,7
부산광역시,북구,길,낙동대로1582번길,주도로,188,6
부산광역시,북구,길,낙동대로1694번가길,주도로,71,5
부산광역시,북구,길,낙동대로1694번길,주도로,171,3
부산광역시,북구,길,낙동대로1694번나길,주도로,438,5
부산광역시,북구,길,낙동대로1704번길,주도로,79,6
부산광역시,북구,길,낙동대로1714번길,주도로,92,8
부산광역시,북구,길,낙동대로1722번길,주도로,126,5
부산광역시,북구,길,낙동대로1724번길,주도로,135,8
부산광역시,북구,길,낙동대로1738번길,주도로,135,10
부산광역시,북구,길,낙동대로1739번길,주도로,3809,8
부산광역시,북구,길,낙동대로1750번길,주도로,95,5
부산광역시,북구,길,낙동대로1762번가길,주도로,233,7
부산광역시,북구,길,낙동대로1762번길,주도로,612,8
부산광역시,북구,길,낙동대로1762번나길,주도로,101,2
부산광역시,북구,길,낙동대로1762번다길,주도로,109,3
부산광역시,북구,길,낙동대로1766번가길,주도로,88,2
부산광역시,북구,길,낙동대로1766번길,주도로,491,8
부산광역시,북구,길,낙동대로1776번길,주도로,451,7
부산광역시,북구,길,낙동대로1778번길,주도로,309,7
부산광역시,북구,길,낙동대로1780번길,주도로,603,7
부산광역시,북구,길,낙동대로1781번길,주도로,128,8
부산광역시,북구,로,낙동북로,주도로,6500,35
부산광역시,북구,길,낙동북로647번길,주도로,155,9
부산광역시,북구,길,낙동북로648번길,주도로,134,4
부산광역시,북구,길,낙동북로663번가길,주도로,161,8
부산광역시,북구,길,낙동북로663번길,주도로,476,8
부산광역시,북구,길,낙동북로663번나길,주도로,320,6
부산광역시,북구,길,낙동북로681번가길,주도로,119,4
부산광역시,북구,길,낙동북로681번길,주도로,425,10
부산광역시,북구,길,낙동북로681번나길,주도로,187,4
부산광역시,북구,길,낙동북로772번가길,주도로,159,5
부산광역시,북구,길,낙동북로772번길,주도로,498,8
부산광역시,북구,길,남문길,주도로,248,6
부산광역시,북구,고속도로,남해고속도로,주도로,274900,30
부산광역시,북구,길,대천안길,주도로,134,4
부산광역시,북구,길,대천천길,주도로,1000,12
부산광역시,북구,길,덕천1길,주도로,510,8
부산광역시,북구,길,덕천2길,주도로,542,9
부산광역시,북구,로,덕천로,주도로,3875,20
부산광역시,북구,길,덕천로14번길,주도로,135,3
부산광역시,북구,길,덕천로160번길,주도로,161,7
부산광역시,북구,길,덕천로234번길,주도로,259,12
부산광역시,북구,길,덕천로247번길,주도로,220,10
부산광역시,북구,길,덕천로259번길,주도로,260,14
부산광역시,북구,길,덕천로25번길,주도로,158,3
부산광역시,북구,길,덕천로275번길,주도로,139,4
부산광역시,북구,길,덕천로276번길,주도로,518,12
부산광역시,북구,길,덕천로281번길,주도로,343,15
부산광역시,북구,길,덕천로28번가길,주도로,123,4
부산광역시,북구,길,덕천로28번길,주도로,266,8
부산광역시,북구,길,덕천로294번길,주도로,162,8
부산광역시,북구,길,덕천로298번길,주도로,116,4
부산광역시,북구,길,덕천로300번길,주도로,113,5
부산광역시,북구,길,덕천로304번길,주도로,151,6
부산광역시,북구,길,덕천로307번길,주도로,162,6
부산광역시,북구,길,덕천로312번가길,주도로,219,6
부산광역시,북구,길,덕천로312번길,주도로,139,7
부산광역시,북구,길,덕천로326번길,주도로,129,6
부산광역시,북구,길,덕천로336번길,주도로,86,6
부산광역시,북구,길,덕천로340번길,주도로,92,6
부산광역시,북구,길,덕천로344번길,주도로,97,6
부산광역시,북구,길,덕천로348번길,주도로,103,6
부산광역시,북구,길,덕천로34번길,주도로,153,3
부산광역시,북구,길,덕천로352번길,주도로,109,6
부산광역시,북구,길,덕천로360번길,주도로,135,6
부산광역시,북구,길,덕천로364번길,주도로,184,8
부산광역시,북구,길,덕천로370번길,주도로,258,7
부산광역시,북구,길,덕천로376번길,주도로,343,6
부산광역시,북구,길,덕천로380번길,주도로,426,6
부산광역시,북구,길,덕천로381번길,주도로,261,8
부산광역시,북구,길,덕천로386번길,주도로,494,9
부산광역시,북구,길,덕천로38번길,주도로,308,8
부산광역시,북구,길,덕천로40번길,주도로,186,5
부산광역시,북구,길,덕천로52번길,주도로,208,10
부산광역시,북구,길,덕천로58번길,주도로,166,6
부산광역시,북구,로,만덕1로,주도로,1257,20
부산광역시,북구,길,만덕1로100번길,주도로,144,4
부산광역시,북구,길,만덕1로102번길,주도로,262,4
부산광역시,북구,길,만덕1로104번가길,주도로,430,15
부산광역시,북구,길,만덕1로104번길,주도로,272,15
부산광역시,북구,길,만덕1로10번길,주도로,371,11
부산광역시,북구,길,만덕1로1번길,주도로,550,11
부산광역시,북구,길,만덕1로24번길,주도로,334,11
부산광역시,북구,길,만덕1로51번가길,주도로,133,5
부산광역시,북구,길,만덕1로51번길,주도로,410,8
부산광역시,북구,로,만덕2로,주도로,485,20
부산광역시,북구,길,만덕2로11번길,주도로,107,4
부산광역시,북구,길,만덕2로17번길,주도로,256,12
부산광역시,북구,길,만덕2로29번길,주도로,140,10
부산광역시,북구,길,만덕2로37번길,주도로,94,6
부산광역시,북구,길,만덕2로44번길,주도로,573,15
부산광역시,북구,로,만덕3로,주도로,631,22
부산광역시,북구,길,만덕3로15번길,주도로,142,5
부산광역시,북구,길,만덕3로16번길,주도로,498,8
부산광역시,북구,길,만덕3로23번길,주도로,88,6
부산광역시,북구,길,만덕3로33번길,주도로,204,4
부산광역시,북구,길,만덕3로48번가길,주도로,205,6
부산광역시,북구,길,만덕3로48번길,주도로,123,10
부산광역시,북구,길,만덕3로48번나길,주도로,234,8
부산광역시,북구,길,만덕3로48번다길,주도로,133,6
부산광역시,북구,길,만덕3로51번길,주도로,236,6
부산광역시,북구,길,만덕3로57번길,주도로,181,7
부산광역시,북구,길,만덕고개길,주도로,4731,12
부산광역시,북구,대로,만덕대로,주도로,4542,40
부산광역시,북구,길,만덕대로102번가길,주도로,231,7
부산광역시,북구,길,만덕대로102번길,주도로,251,8
부산광역시,북구,길,만덕대로115번길,주도로,122,8
부산광역시,북구,길,만덕대로116번길,주도로,253,8
부산광역시,북구,길,만덕대로127번길,주도로,77,8
부산광역시,북구,길,만덕대로128번길,주도로,300,8
부산광역시,북구,길,만덕대로139번길,주도로,119,8
부산광역시,북구,길,만덕대로142번가길,주도로,365,6
부산광역시,북구,길,만덕대로142번길,주도로,264,9
부산광역시,북구,길,만덕대로155번길,주도로,523,9
부산광역시,북구,길,만덕대로156번길,주도로,228,9
부산광역시,북구,길,만덕대로15번길,주도로,249,8
부산광역시,북구,길,만덕대로168번길,주도로,128,8
부산광역시,북구,길,만덕대로16번길,주도로,319,8
부산광역시,북구,길,만덕대로178번길,주도로,238,7
부산광역시,북구,길,만덕대로27번가길,주도로,181,6
부산광역시,북구,길,만덕대로27번길,주도로,645,8
부산광역시,북구,길,만덕대로28번길,주도로,319,8
부산광역시,북구,길,만덕대로290번길,주도로,496,12
부산광역시,북구,길,만덕대로39번길,주도로,404,9
부산광역시,북구,길,만덕대로40번길,주도로,317,8
부산광역시,북구,길,만덕대로65번길,주도로,552,15
부산광역시,북구,길,만덕대로66번길,주도로,250,12
부산광역시,북구,길,만덕대로77번길,주도로,311,10
부산광역시,북구,길,만덕대로78번길,주도로,250,8
부산광역시,북구,길,만덕대로89번길,주도로,207,8
부산광역시,북구,길,만덕대로90번길,주도로,251,8
부산광역시,북구,로,모분재로,주도로,1564,5
부산광역시,북구,길,모분재로105번가길,주도로,189,4
부산광역시,북구,길,모분재로105번길,주도로,428,8
부산광역시,북구,길,모분재로120번길,주도로,108,8
부산광역시,북구,길,모분재로132번길,주도로,108,4
부산광역시,북구,길,모분재로138번길,주도로,108,4
부산광역시,북구,길,모분재로149번길,주도로,353,6
부산광역시,북구,길,모분재로15번길,주도로,561,8
부산광역시,북구,길,모분재로16번길,주도로,172,4
부산광역시,북구,길,모분재로23번길,주도로,593,8
부산광역시,북구,길,모분재로7번가길,주도로,196,10
부산광역시,북구,길,모분재로7번길,주도로,165,10
부산광역시,북구,길,모분재로7번나길,주도로,89,4
부산광역시,북구,길,모분재로8번길,주도로,94,4
부산광역시,북구,대로,백양대로,주도로,12050,35
부산광역시,북구,길,백양대로1015번길,주도로,295,8
부산광역시,북구,길,백양대로1016번가길,주도로,183,10
부산광역시,북구,길,백양대로1016번길,주도로,603,10
부산광역시,북구,길,백양대로1016번나길,주도로,438,8
부산광역시,북구,길,백양대로1016번다길,주도로,218,10
부산광역시,북구,길,백양대로1036번길,주도로,188,10
부산광역시,북구,길,백양대로1048번가길,주도로,95,4
부산광역시,북구,길,백양대로1048번길,주도로,186,3
부산광역시,북구,길,백양대로1049번길,주도로,86,8
부산광역시,북구,길,백양대로1050번가길,주도로,139,5
부산광역시,북구,길,백양대로1050번길,주도로,187,10
부산광역시,북구,길,백양대로1051번길,주도로,271,6
부산광역시,북구,길,백양대로1063번길,주도로,101,8
부산광역시,북구,길,백양대로1064번길,주도로,331,10
부산광역시,북구,길,백양대로1071번길,주도로,106,4
부산광역시,북구,길,백양대로1074번길,주도로,269,6
부산광역시,북구,길,백양대로1083번길,주도로,101,3
부산광역시,북구,길,백양대로1091번길,주도로,128,3
부산광역시,북구,길,백양대로1097번길,주도로,126,3
부산광역시,북구,길,백양대로1102번길,주도로,346,10
부산광역시,북구,길,백양대로1103번길,주도로,100,3
부산광역시,북구,길,백양대로1124번가길,주도로,103,4
부산광역시,북구,길,백양대로1124번길,주도로,722,8
부산광역시,북구,길,백양대로1160번길,주도로,151,4
부산광역시,북구,길,백양대로1164번길,주도로,101,10
부산광역시,북구,길,백양대로1172번길,주도로,174,4
부산광역시,북구,길,백양대로1188번길,주도로,166,5
부산광역시,북구,길,백양대로995번길,주도로,234,10
부산광역시,북구,고속도로,부산외곽순환고속도로,주도로,49606,50
부산광역시,북구,로,사상로,주도로,5270,20
부산광역시,북구,길,사상로558번가길,주도로,668,6
부산광역시,북구,길,사상로558번길,주도로,318,4
부산광역시,북구,길,사상로558번나길,주도로,478,4
부산광역시,북구,길,사상로558번다길,주도로,91,4
부산광역시,북구,길,사상로577번길,주도로,241,8
부산광역시,북구,길,사상로583번길,주도로,239,6
부산광역시,북구,로,산성로,주도로,2527,12
부산광역시,북구,길,산성로12번길,주도로,444,10
부산광역시,북구,길,산성로16번길,주도로,241,3
부산광역시,북구,길,산성로47번길,주도로,171,5
부산광역시,북구,길,산성로48번길,주도로,346,12
부산광역시,북구,길,산성로65번길,주도로,147,5
부산광역시,북구,길,산성로67번길,주도로,135,4
부산광역시,북구,로,삼락천로,주도로,3465,20
부산광역시,북구,로,상리로,주도로,853,10
부산광역시,북구,길,상리로18번가길,주도로,102,4
부산광역시,북구,길,상리로18번길,주도로,387,8
부산광역시,북구,길,상리로18번나길,주도로,113,6
부산광역시,북구,길,상리로18번다길,주도로,130,4
부산광역시,북구,길,상리로18번라길,주도로,207,7
부산광역시,북구,길,상리로28번길,주도로,103,6
부산광역시,북구,길,상리로36번가길,주도로,168,6
부산광역시,북구,길,상리로36번길,주도로,345,7
부산광역시,북구,길,상리로48번길,주도로,124,7
부산광역시,북구,길,상리로58번길,주도로,239,6
부산광역시,북구,로,상학로,주도로,557,20
부산광역시,북구,길,상학로8번길,주도로,134,5
부산광역시,북구,길,상학산복길,주도로,1546,4
부산광역시,북구,길,생태공원길,주도로,2865.201,7
부산광역시,북구,로,서낙동로,주도로,13950,25
부산광역시,북구,로,시랑로,주도로,1867,20
부산광역시,북구,길,시랑로101번길,주도로,206,8
부산광역시,북구,길,시랑로106번길,주도로,151,8
부산광역시,북구,길,시랑로109번길,주도로,244,8
부산광역시,북구,길,시랑로114번길,주도로,338,8
부산광역시,북구,길,시랑로118번길,주도로,338,8
부산광역시,북구,길,시랑로125번길,주도로,238,8
부산광역시,북구,길,시랑로131번길,주도로,227,8
부산광역시,북구,길,시랑로132번길,주도로,446,8
부산광역시,북구,길,시랑로136번길,주도로,120,4
부산광역시,북구,길,시랑로138번가길,주도로,154,8
부산광역시,북구,길,시랑로138번길,주도로,193,10
부산광역시,북구,길,시랑로141번길,주도로,200,8
부산광역시,북구,길,시랑로163번길,주도로,206,8
부산광역시,북구,길,시랑로170번길,주도로,340,8
부산광역시,북구,길,시랑로171번길,주도로,230,8
부산광역시,북구,길,시랑로175번길,주도로,240,4
부산광역시,북구,길,시랑로181번길,주도로,257,8
부산광역시,북구,길,시랑로182번길,주도로,220,8
부산광역시,북구,길,시랑로185번길,주도로,335,6
부산광역시,북구,길,시랑로1번길,주도로,139,4
부산광역시,북구,길,시랑로21번가길,주도로,261,7
부산광역시,북구,길,시랑로21번길,주도로,926,10
부산광역시,북구,길,시랑로24번가길,주도로,175,5
부산광역시,북구,길,시랑로24번길,주도로,154,10
부산광역시,북구,길,시랑로35번길,주도로,160,8
부산광역시,북구,길,시랑로36번길,주도로,113,8
부산광역시,북구,길,시랑로47번가길,주도로,151,5
부산광역시,북구,길,시랑로47번길,주도로,161,10
부산광역시,북구,길,시랑로48번길,주도로,388,8
부산광역시,북구,길,시랑로61번길,주도로,163,8
부산광역시,북구,길,시랑로62번길,주도로,333,8
부산광역시,북구,길,시랑로79번길,주도로,209,14
부산광역시,북구,길,시랑로83번길,주도로,605,8
부산광역시,북구,길,시랑로94번길,주도로,614,12
부산광역시,북구,길,시장갓길,주도로,305,3
부산광역시,북구,길,시장샛길,주도로,190,3
부산광역시,북구,길,약초골목길,주도로,236,4
부산광역시,북구,로,양달로,주도로,1078,12
부산광역시,북구,길,양달로4번길,주도로,163,8
부산광역시,북구,길,양달로8번길,주도로,159,8
부산광역시,북구,길,양달로9번길,주도로,518,10
부산광역시,북구,로,와석장터로,주도로,788,20
부산광역시,북구,길,와석장터로17번길,주도로,128,6
부산광역시,북구,길,와석장터로21번길,주도로,98,6
부산광역시,북구,로,와석지하도로,주도로,829.94,10.409
부산광역시,북구,로,와석지하도로,주도로,884.085,10.425
부산광역시,북구,로,용당로,주도로,241,12
부산광역시,북구,길,용당로15번길,주도로,143,8
부산광역시,북구,길,용당로16번길,주도로,152,8
부산광역시,북구,길,용당로20번길,주도로,152,8
부산광역시,북구,길,용당로5번길,주도로,143,8
부산광역시,북구,길,용당로9번길,주도로,143,8
부산광역시,북구,로,은행나무로,주도로,650,12
부산광역시,북구,길,은행나무로23번길,주도로,247,6
부산광역시,북구,길,은행나무로35번길,주도로,294,7
부산광역시,북구,길,은행나무로36번가길,주도로,244,4
부산광역시,북구,길,은행나무로36번길,주도로,589,8
부산광역시,북구,길,은행나무로51번길,주도로,290,10
부산광역시,북구,길,은행나무로60번길,주도로,130,6
부산광역시,북구,로,의성로,주도로,1381,20
부산광역시,북구,길,의성로109번길,주도로,382,7
부산광역시,북구,길,의성로115번길,주도로,872,8
부산광역시,북구,길,의성로121번길,주도로,1087,6
부산광역시,북구,길,의성로122번길,주도로,348,7
부산광역시,북구,길,의성로127번길,주도로,844,6
부산광역시,북구,길,의성로128번길,주도로,347,6
부산광역시,북구,길,의성로33번길,주도로,1260,12
부산광역시,북구,길,의성로47번길,주도로,236,6
부산광역시,북구,길,의성로53번길,주도로,239,6
부산광역시,북구,길,의성로59번길,주도로,246,6
부산광역시,북구,길,의성로67번길,주도로,575,6
부산광역시,북구,길,의성로73번길,주도로,265,8
부산광역시,북구,길,의성로74번길,주도로,292,8
부산광역시,북구,길,의성로77번길,주도로,135,6
부산광역시,북구,길,의성로78번길,주도로,117,6
부산광역시,북구,길,의성로83번길,주도로,375,6
부산광역시,북구,길,의성로95번길,주도로,140,6
부산광역시,북구,로,중리로,주도로,1091,10
부산광역시,북구,길,중리로20번가길,주도로,202,5
부산광역시,북구,길,중리로20번길,주도로,186,4
부산광역시,북구,길,중리로3번길,주도로,160,5
부산광역시,북구,로,팽나무로,주도로,563,10
부산광역시,북구,길,팽나무로10번길,주도로,102,4
부산광역시,북구,길,팽나무로24번길,주도로,166,4
부산광역시,북구,길,팽나무로30번길,주도로,176,10
부산광역시,북구,길,팽나무로42번길,주도로,177,8
부산광역시,북구,길,팽나무로4번길,주도로,104,4
부산광역시,북구,길,팽나무로54번길,주도로,189,8
부산광역시,북구,길,팽나무로56번길,주도로,179,8
부산광역시,북구,길,팽나무로8번길,주도로,703,8
부산광역시,북구,로,학사로,주도로,3038,11
부산광역시,북구,길,학사로17번가길,주도로,152,10
부산광역시,북구,길,학사로17번길,주도로,164,12
부산광역시,북구,길,학사로17번나길,주도로,194,10
부산광역시,북구,로,함박봉로,주도로,4384,20
부산광역시,북구,길,함박봉로140번가길,주도로,263,12
부산광역시,북구,길,함박봉로140번길,주도로,642,15
부산광역시,북구,길,함박봉로7번길,주도로,259,4
부산광역시,북구,길,함박봉로9번길,주도로,217,8
부산광역시,북구,로,화명고가도로,주도로,805.43,9.018
부산광역시,북구,로,화명고가도로,주도로,805.36,8.785
부산광역시,북구,대로,화명대로,주도로,4370,40
부산광역시,북구,길,화명대로12번길,주도로,523,8
부산광역시,북구,길,화명대로64번길,주도로,260,4
부산광역시,북구,길,화명대로80번길,주도로,199,3
부산광역시,북구,길,화명대로94번길,주도로,955,12
부산광역시,북구,로,화명신도시로,주도로,2636,23
부산광역시,북구,길,화명신도시로69번길,주도로,242,10
부산광역시,북구,로,효열로,주도로,2905,22
부산광역시,북구,길,효열로162번길,주도로,1077,9
부산광역시,북구,길,효열로203번가길,주도로,325,8
부산광역시,북구,길,효열로203번길,주도로,191,8
부산광역시,북구,길,효열로219번가길,주도로,260,6
부산광역시,북구,길,효열로219번길,주도로,271,8
부산광역시,북구,길,효열로219번나길,주도로,159,4
부산광역시,북구,길,효열로219번다길,주도로,165,4
부산광역시,북구,길,효열로220번길,주도로,207,10
부산광역시,북구,길,효열로235번길,주도로,317,15
부산광역시,북구,길,효열로275번길,주도로,335,9
부산광역시,북구,길,효열로37번길,주도로,236,15
부산광역시,해운대구,로,APEC로,주도로,827,40
부산광역시,해운대구,로,구남로,주도로,514,28
부산광역시,해운대구,길,구남로11번길,주도로,158,4
부산광역시,해운대구,길,구남로12번길,주도로,340,6
부산광역시,해운대구,길,구남로18번길,주도로,303,6
부산광역시,해운대구,길,구남로21번길,주도로,203,8
부산광역시,해운대구,길,구남로24번길,주도로,254,8
부산광역시,해운대구,길,구남로29번길,주도로,225,12
부산광역시,해운대구,길,구남로30번길,주도로,148,10
부산광역시,해운대구,길,구남로41번길,주도로,257,8
부산광역시,해운대구,길,구남로8번길,주도로,471,8
부산광역시,해운대구,로,기장해안로,주도로,690,16
부산광역시,해운대구,로,기장해안로,주도로,690,16
부산광역시,해운대구,길,달맞이길,주도로,5108,15
부산광역시,해운대구,길,달맞이길104번길,주도로,261,3
부산광역시,해운대구,길,달맞이길117번가길,주도로,1137,8
부산광역시,해운대구,길,달맞이길117번길,주도로,444,8
부산광역시,해운대구,길,달맞이길117번나길,주도로,1049,10
부산광역시,해운대구,길,달맞이길117번다길,주도로,1000,6
부산광역시,해운대구,길,달맞이길117번라길,주도로,638,6
부산광역시,해운대구,길,달맞이길50번길,주도로,136,2
부산광역시,해운대구,길,달맞이길62번가길,주도로,265,3
부산광역시,해운대구,길,달맞이길62번길,주도로,756,11
부산광역시,해운대구,길,달맞이길65번길,주도로,958,8
부산광역시,해운대구,로,대천로,주도로,2330,20
부산광역시,해운대구,길,대천로103번길,주도로,731,15
부산광역시,해운대구,길,대천로106번길,주도로,167,8
부산광역시,해운대구,길,대천로42번길,주도로,289,8
부산광역시,해운대구,길,대천로53번길,주도로,285,11.818
부산광역시,해운대구,길,대천로67번길,주도로,576,11.44
부산광역시,해운대구,로,동백로,주도로,1643,20
부산광역시,해운대구,길,동백로29번길,주도로,253,12
부산광역시,해운대구,고속도로,동해고속도로,주도로,381680,40
부산광역시,해운대구,로,마린시티1로,주도로,1833,20
부산광역시,해운대구,로,마린시티2로,주도로,580,15
부산광역시,해운대구,로,마린시티3로,주도로,581,15
부산광역시,해운대구,길,명장로67번길,주도로,862,10
부산광역시,해운대구,로,반송로,주도로,16540,25
부산광역시,해운대구,길,반송로513번길,주도로,1014,10
부산광역시,해운대구,길,반송로525번길,주도로,699,4
부산광역시,해운대구,길,반송로571번길,주도로,284,4
부산광역시,해운대구,길,반송로607번길,주도로,398,4
부산광역시,해운대구,길,반송로616번길,주도로,193,4
부산광역시,해운대구,길,반송로617번길,주도로,210,4
부산광역시,해운대구,길,반송로623번길,주도로,306,6
부산광역시,해운대구,길,반송로741번길,주도로,210,4
부산광역시,해운대구,길,반송로757번길,주도로,131,4
부산광역시,해운대구,길,반송로790번길,주도로,183,8
부산광역시,해운대구,길,반송로828번길,주도로,264,12
부산광역시,해운대구,길,반송로867번길,주도로,411,6
부산광역시,해운대구,길,반송로877번가길,주도로,146,4
부산광역시,해운대구,길,반송로877번길,주도로,683,7
부산광역시,해운대구,길,반송로887번길,주도로,142,6
부산광역시,해운대구,길,반송로892번길,주도로,208,4
부산광역시,해운대구,길,반송로901번길,주도로,159,4
부산광역시,해운대구,길,반송로906번길,주도로,168,4
부산광역시,해운대구,길,반송로911번길,주도로,506,8
부산광역시,해운대구,길,반송로916번길,주도로,454,6
부산광역시,해운대구,길,반송로924번길,주도로,345,10
부산광역시,해운대구,길,반송로948번길,주도로,228,6
부산광역시,해운대구,로,반송순환로,주도로,2311,12
부산광역시,해운대구,길,반송순환로184번길,주도로,202,4
부산광역시,해운대구,길,반송순환로72번길,주도로,169,4
부산광역시,해운대구,대로,반여고가도로,주도로,838.343,11.405
부산광역시,해운대구,대로,반여고가도로,주도로,889.894,11.437
부산광역시,해운대구,로,반여로,주도로,1849,20
부산광역시,해운대구,길,반여로155번가길,주도로,306,8
부산광역시,해운대구,길,반여로155번길,주도로,384,8
부산광역시,해운대구,길,반여로155번나길,주도로,565,8
부산광역시,해운대구,길,반여로155번다길,주도로,349,8
부산광역시,해운대구,길,반여로167번가길,주도로,196,4
부산광역시,해운대구,길,반여로167번길,주도로,399,8
부산광역시,해운대구,길,반여로185번길,주도로,475,8
부산광역시,해운대구,길,반여로27번길,주도로,181,10
부산광역시,해운대구,길,반여로2번길,주도로,539,4
부산광역시,해운대구,길,반여로30번길,주도로,103,4
부산광역시,해운대구,길,반여로41번길,주도로,295,15
부산광역시,해운대구,길,반여로42번길,주도로,229,4
부산광역시,해운대구,길,백동길,주도로,967,5
부산광역시,해운대구,로,삼어로,주도로,2369,10
부산광역시,해운대구,길,삼어로133번가길,주도로,144,10
부산광역시,해운대구,길,삼어로133번길,주도로,296,10
부산광역시,해운대구,길,삼어로133번나길,주도로,89,10
부산광역시,해운대구,길,삼어로147번길,주도로,116,10
부산광역시,해운대구,길,삼어로91번길,주도로,871,10
부산광역시,해운대구,로,석대로,주도로,1970,8
부산광역시,해운대구,로,석대로,주도로,1970,8
부산광역시,해운대구,로,석대천로,주도로,2015,20
부산광역시,해운대구,로,선수촌로,주도로,3115,15
부산광역시,해운대구,길,선수촌로157번길,주도로,135,8
부산광역시,해운대구,길,선수촌로165번길,주도로,144,10
부산광역시,해운대구,길,선수촌로177번길,주도로,200,10
부산광역시,해운대구,길,선수촌로189번길,주도로,172,10
부산광역시,해운대구,길,선수촌로207번가길,주도로,370,10
부산광역시,해운대구,길,선수촌로207번길,주도로,441,10
부산광역시,해운대구,길,선수촌로207번나길,주도로,253,10
부산광역시,해운대구,길,선수촌로207번다길,주도로,182,6
부산광역시,해운대구,길,선수촌로208번가길,주도로,421,4
부산광역시,해운대구,길,선수촌로208번길,주도로,727,8
부산광역시,해운대구,길,선수촌로21번길,주도로,405,10
부산광역시,해운대구,길,선수촌로78번길,주도로,144,4
부산광역시,해운대구,로,세실로,주도로,1851,20
부산광역시,해운대구,길,세실로27번길,주도로,308,12
부산광역시,해운대구,길,세실로69번길,주도로,239,12
부산광역시,해운대구,로,센텀1로,주도로,362,20
부산광역시,해운대구,로,센텀2로,주도로,365,20
부산광역시,해운대구,로,센텀3로,주도로,370,25
부산광역시,해운대구,로,센텀4로,주도로,629,20
부산광역시,해운대구,로,센텀5로,주도로,591,25
부산광역시,해운대구,로,센텀6로,주도로,307,20
부산광역시,해운대구,로,센텀7로,주도로,345,20
부산광역시,해운대구,대로,센텀남대로,주도로,992,50
부산광역시,해운대구,로,센텀동로,주도로,2221,20
부산광역시,해운대구,대로,센텀북대로,주도로,1003,40
부산광역시,해운대구,로,센텀서로,주도로,649,20
부산광역시,해운대구,로,센텀시티지하도로,주도로,458.342,7.436
부산광역시,해운대구,로,센텀시티지하도로,주도로,478.441,7.418
부산광역시,해운대구,로,센텀중앙로,주도로,1836,35
부산광역시,해운대구,로,송정1로,주도로,547,20
부산광역시,해운대구,길,송정1로7번길,주도로,144,10
부산광역시,해운대구,길,송정1로8번길,주도로,344,10
부산광역시,해운대구,로,송정2로,주도로,726,12
부산광역시,해운대구,길,송정2로13번길,주도로,358,8
부산광역시,해운대구,길,송정2로23번길,주도로,238,8
부산광역시,해운대구,로,송정강변로,주도로,1029,14
부산광역시,해운대구,로,송정광어골로,주도로,965,30
부산광역시,해운대구,길,송정광어골로82번길,주도로,839,8
부산광역시,해운대구,길,송정구덕포길,주도로,917,6
부산광역시,해운대구,로,송정중앙로,주도로,502,20
부산광역시,해운대구,길,송정중앙로15번길,주도로,723,8
부산광역시,해운대구,길,송정중앙로21번길,주도로,369,10
부산광역시,해운대구,길,송정중앙로27번길,주도로,322,8
부산광역시,해운대구,길,송정중앙로33번길,주도로,249,8
부산광역시,해운대구,길,송정중앙로36번길,주도로,392,6
부산광역시,해운대구,길,송정중앙로39번길,주도로,142,8
부산광역시,해운대구,길,송정중앙로5번길,주도로,602,6
부산광역시,해운대구,길,송정중앙로6번길,주도로,1078,6
부산광역시,해운대구,길,송정중앙로8번길,주도로,609,6
부산광역시,해운대구,길,송정중앙로9번길,주도로,868,10
부산광역시,해운대구,로,송정해변로,주도로,1278,20
부산광역시,해운대구,대로,수영강변대로,주도로,7500,42.225
부산광역시,해운대구,로,수영강변지하도로,주도로,533.927,9
부산광역시,해운대구,로,수영강변지하도로,주도로,549.464,9
부산광역시,해운대구,길,수영강서자전거길,주도로,8372,2
부산광역시,해운대구,길,수영강서자전거길,주도로,8372,2
부산광역시,해운대구,길,수영강서자전거길,주도로,8372,2
부산광역시,해운대구,길,수영강서자전거길,주도로,8372,2
부산광역시,해운대구,로,신반송로,주도로,1593,18
부산광역시,해운대구,길,신반송로182번길,주도로,160,6
부산광역시,해운대구,로,아랫반송로,주도로,978,12
부산광역시,해운대구,길,아랫반송로1번길,주도로,220,6
부산광역시,해운대구,길,아랫반송로21번길,주도로,510,12
부산광역시,해운대구,길,아랫반송로23번길,주도로,217,7
부산광역시,해운대구,길,아랫반송로25번길,주도로,232,4
부산광역시,해운대구,길,아랫반송로26번길,주도로,205,10
부산광역시,해운대구,길,아랫반송로27번길,주도로,287,4
부산광역시,해운대구,길,아랫반송로29번길,주도로,313,10
부산광역시,해운대구,길,아랫반송로30번길,주도로,450,6
부산광역시,해운대구,길,아랫반송로39번길,주도로,127,6
부산광역시,해운대구,길,아랫반송로40번길,주도로,121,6
부산광역시,해운대구,길,아랫반송로49번길,주도로,193,6
부산광역시,해운대구,길,아랫반송로50번길,주도로,350,6
부산광역시,해운대구,길,아랫반송로59번길,주도로,237,12
부산광역시,해운대구,길,아랫반송로5번길,주도로,668,6
부산광역시,해운대구,길,아랫반송로60번길,주도로,252,12
부산광역시,해운대구,길,아랫반송로69번길,주도로,137,6
부산광역시,해운대구,길,아랫반송로6번길,주도로,181,6
부산광역시,해운대구,길,아랫반송로70번길,주도로,239,6
부산광역시,해운대구,길,아랫반송로79번길,주도로,96,8
부산광역시,해운대구,길,아랫반송로80번길,주도로,190,8
부산광역시,해운대구,길,아랫반송로89번길,주도로,57,6
부산광역시,해운대구,길,아랫반송로90번길,주도로,132,6
부산광역시,해운대구,로,양운로,주도로,2060,30
부산광역시,해운대구,길,양운로37번길,주도로,640,15
부산광역시,해운대구,길,양운로42번길,주도로,278,12
부산광역시,해운대구,길,양운로80번길,주도로,266,12
부산광역시,해운대구,로,우동1로,주도로,1297,15
부산광역시,해운대구,길,우동1로20번가길,주도로,360,10
부산광역시,해운대구,길,우동1로20번길,주도로,682,8
부산광역시,해운대구,길,우동1로29번길,주도로,199,6
부산광역시,해운대구,길,우동1로38번가길,주도로,333,4
부산광역시,해운대구,길,우동1로38번길,주도로,321,15
부산광역시,해운대구,길,우동1로49번가길,주도로,122,3
부산광역시,해운대구,길,우동1로49번길,주도로,131,4
부산광역시,해운대구,길,우동1로50번길,주도로,236,10
부산광역시,해운대구,길,우동1로71번길,주도로,173,6
부산광역시,해운대구,길,우동1로85번길,주도로,364,8
부산광역시,해운대구,로,우동2로,주도로,1144,12
부산광역시,해운대구,길,우동2로14번가길,주도로,171,5
부산광역시,해운대구,길,우동2로14번길,주도로,261,6
부산광역시,해운대구,길,우동2로30번가길,주도로,161,5
부산광역시,해운대구,길,우동2로30번길,주도로,640,10
부산광역시,해운대구,길,우동2로32번길,주도로,404,3
부산광역시,해운대구,길,우동2로60번길,주도로,195,6
부산광역시,해운대구,로,우동3로,주도로,945,12
부산광역시,해운대구,길,우동3로11번가길,주도로,299,4
부산광역시,해운대구,길,우동3로11번길,주도로,435,12
부산광역시,해운대구,길,운봉길,주도로,1623,8
부산광역시,해운대구,길,운봉길186번길,주도로,336,5
부산광역시,해운대구,로,윗반송로,주도로,1376,18
부산광역시,해운대구,길,윗반송로126번길,주도로,212,5
부산광역시,해운대구,길,윗반송로13번길,주도로,214,4
부산광역시,해운대구,길,윗반송로31번길,주도로,409,6
부산광역시,해운대구,길,윗반송로35번길,주도로,829,6
부산광역시,해운대구,길,윗반송로51번길,주도로,734,6
부산광역시,해운대구,로,장산로,주도로,5003,30
부산광역시,해운대구,길,장산로32번길,주도로,696,4
부산광역시,해운대구,로,재반로,주도로,3486,15
부산광역시,해운대구,길,재반로103번가길,주도로,421,8
부산광역시,해운대구,길,재반로103번길,주도로,277,8
부산광역시,해운대구,길,재반로104번길,주도로,138,8
부산광역시,해운대구,길,재반로112번길,주도로,184,10
부산광역시,해운대구,길,재반로118번길,주도로,542,8
부산광역시,해운대구,길,재반로11번길,주도로,408,10
부산광역시,해운대구,길,재반로125번가길,주도로,281,8
부산광역시,해운대구,길,재반로125번길,주도로,464,8
부산광역시,해운대구,길,재반로12번길,주도로,140,6
부산광역시,해운대구,길,재반로132번길,주도로,311,8
부산광역시,해운대구,길,재반로152번길,주도로,221,8
부산광역시,해운대구,길,재반로165번길,주도로,641,8
부산광역시,해운대구,길,재반로184번길,주도로,323,8
부산광역시,해운대구,길,재반로196번길,주도로,153,8
부산광역시,해운대구,길,재반로211번길,주도로,422,8
부산광역시,해운대구,길,재반로212번길,주도로,353,8
부산광역시,해운대구,길,재반로225번길,주도로,186,8
부산광역시,해운대구,길,재반로226번길,주도로,366,8
부산광역시,해운대구,길,재반로241번길,주도로,185,8
부산광역시,해운대구,길,재반로242번길,주도로,260,11
부산광역시,해운대구,길,재반로255번길,주도로,159,8
부산광역시,해운대구,길,재반로256번길,주도로,300,8
부산광역시,해운대구,길,재반로269번길,주도로,221,4
부산광역시,해운대구,길,재반로270번길,주도로,304,8
부산광역시,해운대구,길,재반로27번길,주도로,286,10
부산광역시,해운대구,길,재반로282번길,주도로,654,11
부산광역시,해운대구,길,재반로30번가길,주도로,316,4
부산광역시,해운대구,길,재반로30번길,주도로,729,8
부산광역시,해운대구,길,재반로42번길,주도로,185,8
부산광역시,해운대구,길,재반로50번길,주도로,272,6
부산광역시,해운대구,길,재반로60번길,주도로,270,6
부산광역시,해운대구,길,재반로63번길,주도로,205,8
부산광역시,해운대구,길,재반로64번가길,주도로,201,8
부산광역시,해운대구,길,재반로64번길,주도로,497,8
부산광역시,해운대구,길,재반로64번나길,주도로,179,8
부산광역시,해운대구,길,재반로64번다길,주도로,161,8
부산광역시,해운대구,길,재반로84번길,주도로,810,8
부산광역시,해운대구,로,재송1로,주도로,443,10
부산광역시,해운대구,길,재송1로14번길,주도로,188,4
부산광역시,해운대구,길,재송1로20번길,주도로,354,8
부산광역시,해운대구,길,재송1로26번길,주도로,178,4
부산광역시,해운대구,길,재송1로31번길,주도로,296,8
부산광역시,해운대구,길,재송1로32번길,주도로,326,8
부산광역시,해운대구,길,재송1로38번길,주도로,167,4
부산광역시,해운대구,길,재송1로45번길,주도로,203,8
부산광역시,해운대구,길,재송1로46번길,주도로,298,8
부산광역시,해운대구,길,재송1로60번길,주도로,266,8
부산광역시,해운대구,로,재송2로,주도로,1282,10
부산광역시,해운대구,길,재송2로11번길,주도로,240,8
부산광역시,해운대구,길,재송2로175번길,주도로,261,4
부산광역시,해운대구,길,재송2로23번길,주도로,296,8
부산광역시,해운대구,길,재송2로28번가길,주도로,231,6.175
부산광역시,해운대구,길,재송2로28번길,주도로,390,8
부산광역시,해운대구,길,재송2로74번길,주도로,257,8
부산광역시,해운대구,길,재송2로85번길,주도로,159,6
부산광역시,해운대구,길,재송2로89번길,주도로,505,8
부산광역시,해운대구,길,재송2로90번길,주도로,271,8
부산광역시,해운대구,로,좌동로,주도로,1777,30
부산광역시,해운대구,길,좌동로10번길,주도로,430,8
부산광역시,해운대구,길,좌동로14번길,주도로,417,10
부산광역시,해운대구,길,좌동로53번길,주도로,327,6
부산광역시,해운대구,길,좌동로63번길,주도로,354,6
부산광역시,해운대구,길,좌동로75번길,주도로,303,6
부산광역시,해운대구,길,좌동로91번길,주도로,292,6
부산광역시,해운대구,로,좌동순환로,주도로,5131,30
부산광역시,해운대구,길,좌동순환로15번길,주도로,410,12
부산광역시,해운대구,길,좌동순환로217번길,주도로,281,15
부산광역시,해운대구,길,좌동순환로249번길,주도로,276,9
부산광역시,해운대구,길,좌동순환로299번길,주도로,297,12
부산광역시,해운대구,길,좌동순환로311번길,주도로,261,11.264
부산광역시,해운대구,길,좌동순환로357번길,주도로,500,10
부산광역시,해운대구,길,좌동순환로402번길,주도로,388,15
부산광역시,해운대구,길,좌동순환로412번길,주도로,234,8
부산광역시,해운대구,길,좌동순환로433번길,주도로,511,15
부산광역시,해운대구,길,좌동순환로446번길,주도로,351,8
부산광역시,해운대구,길,좌동순환로468번가길,주도로,484,8
부산광역시,해운대구,길,좌동순환로468번길,주도로,447,10
부산광역시,해운대구,길,좌동순환로468번나길,주도로,403,3
부산광역시,해운대구,길,좌동순환로468번다길,주도로,232,4
부산광역시,해운대구,길,좌동순환로8번길,주도로,489,10
부산광역시,해운대구,길,좌동순환로99번길,주도로,389,15
부산광역시,해운대구,로,중동1로,주도로,498,12
부산광역시,해운대구,길,중동1로17번길,주도로,267,6
부산광역시,해운대구,길,중동1로19번길,주도로,186,10
부산광역시,해운대구,길,중동1로27번길,주도로,154,4
부산광역시,해운대구,길,중동1로37번길,주도로,136,11
부산광역시,해운대구,길,중동1로43번길,주도로,153,6
부산광역시,해운대구,로,중동2로,주도로,457,12
부산광역시,해운대구,길,중동2로10번길,주도로,155,11
부산광역시,해운대구,길,중동2로24번길,주도로,149,10
부산광역시,해운대구,길,중동2로26번길,주도로,153,3
부산광역시,해운대구,길,중동2로34번길,주도로,145,10
부산광역시,해운대구,로,청사포로,주도로,1667,20
부산광역시,해운대구,길,청사포로128번길,주도로,393,6
부산광역시,해운대구,길,청사포로133번길,주도로,239,2
부산광역시,해운대구,길,청사포로58번길,주도로,650,6
부산광역시,해운대구,길,청사포로67번길,주도로,616,10
부산광역시,해운대구,길,청사포로86번길,주도로,251,8
부산광역시,해운대구,대로,해운대로,주도로,15184,30
부산광역시,해운대구,길,해운대로108번길,주도로,202,3
부산광역시,해운대구,길,해운대로1105번길,주도로,176,10
부산광역시,해운대구,길,해운대로123번길,주도로,289,8
부산광역시,해운대구,길,해운대로143번길,주도로,379,8
부산광역시,해운대구,길,해운대로153번길,주도로,221,6
부산광역시,해운대구,길,해운대로161번길,주도로,476,20.592
부산광역시,해운대구,길,해운대로177번길,주도로,405,10
부산광역시,해운대구,길,해운대로191번길,주도로,292,10
부산광역시,해운대구,길,해운대로205번길,주도로,201,10
부산광역시,해운대구,길,해운대로219번길,주도로,536,9
부산광역시,해운대구,길,해운대로295번가길,주도로,128,4
부산광역시,해운대구,길,해운대로295번길,주도로,594,6
부산광역시,해운대구,길,해운대로349번길,주도로,248,11.34
부산광역시,해운대구,길,해운대로383번가길,주도로,584,8
부산광역시,해운대구,길,해운대로383번길,주도로,42,8.13
부산광역시,해운대구,길,해운대로38번길,주도로,523,6
부산광역시,해운대구,길,해운대로391번길,주도로,237,5
부산광역시,해운대구,길,해운대로394번길,주도로,850,11.3
부산광역시,해운대구,길,해운대로452번길,주도로,312,28.454
부산광역시,해운대구,길,해운대로469번가길,주도로,527,8
부산광역시,해운대구,길,해운대로469번길,주도로,1046,8
부산광역시,해운대구,길,해운대로469번나길,주도로,390,6
부산광역시,해운대구,길,해운대로483번가길,주도로,334,8
부산광역시,해운대구,길,해운대로483번길,주도로,250,11
부산광역시,해운대구,길,해운대로570번길,주도로,610,11.44
부산광역시,해운대구,길,해운대로573번길,주도로,233,4
부산광역시,해운대구,길,해운대로594번가길,주도로,260,6
부산광역시,해운대구,길,해운대로594번길,주도로,196,12
부산광역시,해운대구,길,해운대로608번길,주도로,371,8
부산광역시,해운대구,길,해운대로61번가길,주도로,398,10
부산광역시,해운대구,길,해운대로61번길,주도로,1099,11.99
부산광역시,해운대구,길,해운대로61번나길,주도로,315,3
부산광역시,해운대구,길,해운대로767번길,주도로,318,10
부산광역시,해운대구,길,해운대로76번길,주도로,500,10
부산광역시,해운대구,길,해운대로774번길,주도로,375,15
부산광역시,해운대구,길,해운대로779번길,주도로,313,9
부산광역시,해운대구,길,해운대로781번길,주도로,373,15
부산광역시,해운대구,길,해운대로81번가길,주도로,416,8
부산광역시,해운대구,길,해운대로81번길,주도로,735,10
부산광역시,해운대구,길,해운대로89번길,주도로,220,8
부산광역시,해운대구,길,해운대로91번길,주도로,284,10
부산광역시,해운대구,길,해운대로99번길,주도로,180,3
부산광역시,해운대구,로,해운대해변로,주도로,4024,25
부산광역시,해운대구,길,해운대해변로197번길,주도로,258,12
부산광역시,해운대구,길,해운대해변로209번가길,주도로,342,12
부산광역시,해운대구,길,해운대해변로209번길,주도로,282,12
부산광역시,해운대구,길,해운대해변로209번나길,주도로,528,6
부산광역시,해운대구,길,해운대해변로221번길,주도로,224,15
부산광역시,해운대구,길,해운대해변로237번길,주도로,159,12
부산광역시,해운대구,길,해운대해변로265번길,주도로,162,12
부산광역시,해운대구,길,해운대해변로298번길,주도로,352,11
부산광역시,해운대구,길,해운대해변로351번길,주도로,168,3
부산광역시,해운대구,길,해운대해변로357번길,주도로,558,11
부산광역시,해운대구,길,해운대해변로359번길,주도로,163,2
부산광역시,사하구,로,감내1로,주도로,1346,6
부산광역시,사하구,길,감내1로10번길,주도로,246,2
부산광역시,사하구,길,감내1로155번길,주도로,189,2
부산광역시,사하구,길,감내1로163번길,주도로,190,2
부산광역시,사하구,길,감내1로175번길,주도로,295,3
부산광역시,사하구,길,감내1로175번안길,주도로,172,2
부산광역시,사하구,길,감내1로197번길,주도로,244,3
부산광역시,사하구,길,감내1로224번길,주도로,129,2
부산광역시,사하구,길,감내1로225번길,주도로,101,2
부산광역시,사하구,길,감내1로233번길,주도로,72,3
부산광역시,사하구,길,감내1로235번길,주도로,74,3
부산광역시,사하구,길,감내1로241번길,주도로,91,2
부산광역시,사하구,길,감내1로243번길,주도로,60,3
부산광역시,사하구,길,감내1로93번길,주도로,122,2
부산광역시,사하구,로,감내2로,주도로,1031,6
부산광역시,사하구,길,감내2로115번길,주도로,104,2
부산광역시,사하구,길,감내2로119번길,주도로,116,2
부산광역시,사하구,길,감내2로143번길,주도로,70,2
부산광역시,사하구,길,감내2로151번길,주도로,212,2
부산광역시,사하구,로,감천로,주도로,2909,25
부산광역시,사하구,길,감천로103번길,주도로,197,3
부산광역시,사하구,길,감천로105번길,주도로,597,6
부산광역시,사하구,길,감천로109번길,주도로,276,5
부산광역시,사하구,길,감천로117번길,주도로,543,6
부산광역시,사하구,길,감천로133번길,주도로,163,2
부산광역시,사하구,길,감천로139번가길,주도로,249,3
부산광역시,사하구,길,감천로139번길,주도로,519,4
부산광역시,사하구,길,감천로139번나길,주도로,184,3
부산광역시,사하구,길,감천로139번다길,주도로,145,3
부산광역시,사하구,길,감천로139번라길,주도로,223,4
부산광역시,사하구,길,감천로142번길,주도로,191,3
부산광역시,사하구,길,감천로151번길,주도로,223,3
부산광역시,사하구,길,감천로157번길,주도로,280,6
부산광역시,사하구,길,감천로158번길,주도로,247,3
부산광역시,사하구,길,감천로15번길,주도로,137,5
부산광역시,사하구,길,감천로168번길,주도로,162,3
부산광역시,사하구,길,감천로178번길,주도로,218,3
부산광역시,사하구,길,감천로210번가길,주도로,148,4
부산광역시,사하구,길,감천로210번길,주도로,458,4
부산광역시,사하구,길,감천로210번나길,주도로,143,4
부산광역시,사하구,길,감천로21번길,주도로,325,10
부산광역시,사하구,길,감천로37번길,주도로,253,6
부산광역시,사하구,길,감천로38번길,주도로,286,6
부산광역시,사하구,길,감천로3번길,주도로,114,4
부산광역시,사하구,길,감천로42번길,주도로,307,6
부산광역시,사하구,길,감천로43번길,주도로,247,10
부산광역시,사하구,길,감천로67번길,주도로,305,3
부산광역시,사하구,길,감천로73번길,주도로,445,6
부산광역시,사하구,길,감천로73번안길,주도로,143,4
부산광역시,사하구,길,감천로83번길,주도로,201,5
부산광역시,사하구,길,감천로89번길,주도로,377,5
부산광역시,사하구,길,감천로93번길,주도로,227,4
부산광역시,사하구,길,감천로9번길,주도로,86,4
부산광역시,사하구,로,감천항로,주도로,5342,30
부산광역시,사하구,길,감천항로176번길,주도로,224,3
부산광역시,사하구,길,감천항로182번길,주도로,269,5
부산광역시,사하구,길,감천항로190번길,주도로,478,6
부산광역시,사하구,길,감천항로190번안길,주도로,675,8
부산광역시,사하구,길,감천항로291번길,주도로,818,20
부산광역시,사하구,길,감천항로405번길,주도로,1354,15
부산광역시,사하구,길,감천항로419번길,주도로,771,7
부산광역시,사하구,길,감천항로429번길,주도로,535,7
부산광역시,사하구,대로,강변대로,주도로,19389,40
부산광역시,사하구,로,괴정로,주도로,2971,16
부산광역시,사하구,길,괴정로100번길,주도로,229,8
부산광역시,사하구,길,괴정로15번길,주도로,339,8
부산광역시,사하구,길,괴정로219번길,주도로,134,6
부산광역시,사하구,길,괴정로231번길,주도로,136,6
부산광역시,사하구,길,괴정로232번길,주도로,343,6
부산광역시,사하구,길,괴정로244번길,주도로,335,6
부산광역시,사하구,길,괴정로245번길,주도로,133,6
부산광역시,사하구,길,괴정로246번길,주도로,106,6
부산광역시,사하구,길,괴정로25번길,주도로,115,3
부산광역시,사하구,길,괴정로260번길,주도로,408,6
부산광역시,사하구,길,괴정로270번길,주도로,232,5
부산광역시,사하구,길,괴정로271번길,주도로,162,5
부산광역시,사하구,길,괴정로284번길,주도로,181,6
부산광역시,사하구,길,괴정로31번길,주도로,116,3
부산광역시,사하구,길,괴정로33번길,주도로,141,3
부산광역시,사하구,길,괴정로37번길,주도로,111,4
부산광역시,사하구,길,괴정로43번길,주도로,173,8
부산광역시,사하구,길,괴정로57번길,주도로,293,10
부산광역시,사하구,길,괴정로71번길,주도로,87,8
부산광역시,사하구,길,괴정로73번길,주도로,127,4
부산광역시,사하구,로,구평로,주도로,433,20
부산광역시,사하구,길,구평로10번길,주도로,174,3
부산광역시,사하구,길,구평로16번길,주도로,804,5
부산광역시,사하구,로,까치고개로,주도로,2570,15
부산광역시,사하구,길,까치고개로20번길,주도로,149,5
부산광역시,사하구,길,까치고개로26번길,주도로,86,3
부산광역시,사하구,길,까치고개로47번길,주도로,145,3
부산광역시,사하구,길,까치고개로63번길,주도로,99,1
부산광역시,사하구,길,까치고개로64번길,주도로,98,3
부산광역시,사하구,길,까치고개로6번길,주도로,149,8
부산광역시,사하구,길,낙동강자전거길,주도로,368939,2
부산광역시,사하구,로,낙동남로,주도로,14200,30
부산광역시,사하구,길,낙동남로1233번길,주도로,1047,6
부산광역시,사하구,길,낙동남로1347번길,주도로,277,6
부산광역시,사하구,길,낙동남로1353번길,주도로,274,6
부산광역시,사하구,길,낙동남로1357번길,주도로,271,6
부산광역시,사하구,길,낙동남로1361번길,주도로,166,8
부산광역시,사하구,길,낙동남로1367번길,주도로,264,10
부산광역시,사하구,길,낙동남로1373번길,주도로,261,8
부산광역시,사하구,길,낙동남로1389번길,주도로,160,8
부산광역시,사하구,길,낙동남로1390번길,주도로,138,8
부산광역시,사하구,길,낙동남로1405번길,주도로,217,8
부산광역시,사하구,길,낙동남로1406번길,주도로,153,8
부산광역시,사하구,길,낙동남로1423번길,주도로,787,10
부산광역시,사하구,대로,낙동대로,주도로,17497,44
부산광역시,사하구,길,낙동대로135번길,주도로,350,10
부산광역시,사하구,길,낙동대로135번안길,주도로,143,8
부산광역시,사하구,길,낙동대로140번길,주도로,784,6
부산광역시,사하구,길,낙동대로164번길,주도로,298,4
부산광역시,사하구,길,낙동대로171번길,주도로,224,6
부산광역시,사하구,길,낙동대로179번길,주도로,262,10
부산광역시,사하구,길,낙동대로189번길,주도로,315,5
부산광역시,사하구,길,낙동대로190번길,주도로,100,10
부산광역시,사하구,길,낙동대로194번길,주도로,116,3
부산광역시,사하구,길,낙동대로199번길,주도로,293,6
부산광역시,사하구,길,낙동대로200번길,주도로,184,3
부산광역시,사하구,길,낙동대로216번길,주도로,252,10
부산광역시,사하구,길,낙동대로224번길,주도로,311,3
부산광역시,사하구,길,낙동대로233번길,주도로,354,8
부산광역시,사하구,길,낙동대로234번길,주도로,318,8
부산광역시,사하구,길,낙동대로244번길,주도로,329,6
부산광역시,사하구,길,낙동대로249번길,주도로,295,8
부산광역시,사하구,길,낙동대로250번길,주도로,122,8
부산광역시,사하구,길,낙동대로250번안길,주도로,188,2
부산광역시,사하구,길,낙동대로258번길,주도로,102,3
부산광역시,사하구,길,낙동대로264번길,주도로,199,8
부산광역시,사하구,길,낙동대로278번길,주도로,234,2
부산광역시,사하구,길,낙동대로280번길,주도로,275,4
부산광역시,사하구,길,낙동대로295번길,주도로,311,8
부산광역시,사하구,길,낙동대로302번길,주도로,373,8
부산광역시,사하구,길,낙동대로309번길,주도로,286,8
부산광역시,사하구,길,낙동대로318번길,주도로,182,4
부산광역시,사하구,길,낙동대로323번길,주도로,471,8
부산광역시,사하구,길,낙동대로324번길,주도로,141,3
부산광역시,사하구,길,낙동대로326번길,주도로,197,3
부산광역시,사하구,길,낙동대로327번길,주도로,176,5
부산광역시,사하구,길,낙동대로343번길,주도로,242,8
부산광역시,사하구,길,낙동대로355번길,주도로,190,8
부산광역시,사하구,길,낙동대로356번길,주도로,322,8
부산광역시,사하구,길,낙동대로372번길,주도로,127,12
부산광역시,사하구,길,낙동대로390번길,주도로,157,8
부산광역시,사하구,길,낙동대로398번길,주도로,195,12
부산광역시,사하구,길,낙동대로407번길,주도로,183,8
부산광역시,사하구,길,낙동대로410번길,주도로,211,8
부산광역시,사하구,길,낙동대로436번길,주도로,283,8
부산광역시,사하구,길,낙동대로450번길,주도로,147,10
부산광역시,사하구,길,낙동대로451번길,주도로,272,8
부산광역시,사하구,길,낙동대로451번안길,주도로,201,8
부산광역시,사하구,길,낙동대로457번길,주도로,352,9
부산광역시,사하구,길,낙동대로457번안길,주도로,211,4
부산광역시,사하구,길,낙동대로474번길,주도로,127,8
부산광역시,사하구,길,낙동대로485번길,주도로,187,8
부산광역시,사하구,길,낙동대로486번길,주도로,167,8
부산광역시,사하구,길,낙동대로504번길,주도로,128,8
부산광역시,사하구,길,낙동대로516번길,주도로,383,10
부산광역시,사하구,길,낙동대로519번길,주도로,441,8
부산광역시,사하구,길,낙동대로520번길,주도로,398,9
부산광역시,사하구,길,낙동대로535번길,주도로,511,8
부산광역시,사하구,길,낙동대로536번길,주도로,167,8
부산광역시,사하구,길,낙동대로549번길,주도로,399,10
부산광역시,사하구,길,낙동대로550번길,주도로,203,15
부산광역시,사하구,길,낙동대로563번길,주도로,257,8
부산광역시,사하구,길,낙동대로563번안길,주도로,385,8
부산광역시,사하구,길,낙동대로575번길,주도로,483,10
부산광역시,사하구,길,다대낙조1길,주도로,588,20
부산광역시,사하구,길,다대낙조2길,주도로,2281,15
부산광역시,사하구,로,다대동로,주도로,1005,15
부산광역시,사하구,길,다대동로29번길,주도로,176,5
부산광역시,사하구,길,다대동로53번길,주도로,97,8
부산광역시,사하구,길,다대동로6번길,주도로,218,8
부산광역시,사하구,길,다대동로70번길,주도로,222,3
부산광역시,사하구,길,다대동로71번길,주도로,175,4
부산광역시,사하구,길,다대동로72번길,주도로,280,3
부산광역시,사하구,길,다대동로88번길,주도로,103,2
부산광역시,사하구,길,다대동로8번길,주도로,787,10
부산광역시,사하구,로,다대로,주도로,11604,30
부산광역시,사하구,길,다대로1066번길,주도로,645,15
부산광역시,사하구,길,다대로116번길,주도로,185,4
부산광역시,사하구,길,다대로119번길,주도로,206,4
부산광역시,사하구,길,다대로120번길,주도로,219,4
부산광역시,사하구,길,다대로120번안길,주도로,154,2
부산광역시,사하구,길,다대로124번길,주도로,246,4
부산광역시,사하구,길,다대로126번길,주도로,272,4
부산광역시,사하구,길,다대로130번길,주도로,503,6
부산광역시,사하구,길,다대로130번안길,주도로,253,6
부산광역시,사하구,길,다대로134번길,주도로,362,4
부산광역시,사하구,길,다대로135번길,주도로,728,5
부산광역시,사하구,길,다대로136번길,주도로,411,4
부산광역시,사하구,길,다대로137번길,주도로,208,4
부산광역시,사하구,길,다대로140번길,주도로,451,4
부산광역시,사하구,길,다대로142번길,주도로,488,6
부산광역시,사하구,길,다대로144번길,주도로,527,4
부산광역시,사하구,길,다대로170번길,주도로,976,15
부산광역시,사하구,길,다대로227번길,주도로,324,8
부산광역시,사하구,길,다대로22번길,주도로,274,10
부산광역시,사하구,길,다대로257번길,주도로,235,3
부산광역시,사하구,길,다대로271번길,주도로,220,5
부산광역시,사하구,길,다대로277번길,주도로,832,8
부산광역시,사하구,길,다대로297번길,주도로,210,5
부산광역시,사하구,길,다대로300번길,주도로,520,6
부산광역시,사하구,길,다대로320번길,주도로,317,15
부산광역시,사하구,길,다대로354번길,주도로,486,5
부산광역시,사하구,길,다대로354번안길,주도로,568,5
부산광역시,사하구,길,다대로381번길,주도로,1661,16
부산광역시,사하구,길,다대로382번길,주도로,980,10
부산광역시,사하구,길,다대로385번길,주도로,349,6
부산광역시,사하구,길,다대로385번안길,주도로,226,6
부산광역시,사하구,길,다대로429번길,주도로,362,15
부산광역시,사하구,길,다대로497번길,주도로,244,5
부산광역시,사하구,길,다대로504번길,주도로,248,3
부산광역시,사하구,길,다대로524번길,주도로,139,4
부산광역시,사하구,길,다대로529번길,주도로,253,8
부산광역시,사하구,길,다대로530번길,주도로,198,8
부산광역시,사하구,길,다대로539번길,주도로,221,3
부산광역시,사하구,길,다대로543번길,주도로,144,8
부산광역시,사하구,길,다대로554번길,주도로,307,8
부산광역시,사하구,길,다대로568번길,주도로,194,2
부산광역시,사하구,길,다대로577번길,주도로,185,3
부산광역시,사하구,길,다대로586번길,주도로,203,4
부산광역시,사하구,길,다대로5번길,주도로,311,6
부산광역시,사하구,길,다대로605번길,주도로,1185,15
부산광역시,사하구,길,다대로83번길,주도로,690,8
부산광역시,사하구,길,다대로83번안길,주도로,370,3
부산광역시,사하구,로,다산로,주도로,2867,20
부산광역시,사하구,길,다산로105번길,주도로,785,10
부산광역시,사하구,길,다산로106번길,주도로,789,10
부산광역시,사하구,길,다산로175번길,주도로,731,10
부산광역시,사하구,길,다산로176번길,주도로,732,10
부산광역시,사하구,길,다산로208번길,주도로,434,15
부산광역시,사하구,길,다산로225번길,주도로,737,10
부산광역시,사하구,길,다산로226번길,주도로,373,10
부산광역시,사하구,길,다산로260번길,주도로,314,5
부산광역시,사하구,길,다산로53번길,주도로,723,10
부산광역시,사하구,길,다산로78번길,주도로,492,15
부산광역시,사하구,길,다산로78번안길,주도로,186,4
부산광역시,사하구,로,다송로,주도로,947,16
부산광역시,사하구,길,다송로68번길,주도로,187,8
부산광역시,사하구,길,다송로72번길,주도로,471,10
부산광역시,사하구,길,다송로84번길,주도로,690,10
부산광역시,사하구,길,당리길,주도로,361,8
부산광역시,사하구,로,대티로,주도로,1875,14
부산광역시,사하구,길,대티로107번길,주도로,107,2
부산광역시,사하구,길,대티로17번길,주도로,476,8
부산광역시,사하구,길,대티로1번길,주도로,291,8
부산광역시,사하구,길,대티로22번길,주도로,185,2
부산광역시,사하구,길,대티로41번길,주도로,293,5
부산광역시,사하구,길,대티로59번길,주도로,256,6
부산광역시,사하구,길,대티로63번가길,주도로,136,2
부산광역시,사하구,길,대티로63번길,주도로,426,6
부산광역시,사하구,길,대티로63번나길,주도로,168,2
부산광역시,사하구,길,대티로63번다길,주도로,183,3
부산광역시,사하구,길,대티로77번길,주도로,118,2
부산광역시,사하구,길,대티로80번길,주도로,141,3
부산광역시,사하구,길,대티로81번길,주도로,190,2
부산광역시,사하구,로,동매로,주도로,1685,16
부산광역시,사하구,길,동매로104번길,주도로,95,8
부산광역시,사하구,길,동매로158번길,주도로,149,5
부산광역시,사하구,길,동매로15번길,주도로,124,8
부산광역시,사하구,길,동매로19번길,주도로,124,6
부산광역시,사하구,길,동매로23번길,주도로,127,10
부산광역시,사하구,길,동매로29번길,주도로,135,8
부산광역시,사하구,길,동매로44번길,주도로,124,3
부산광역시,사하구,길,동매로50번길,주도로,201,4
부산광역시,사하구,길,동매로57번길,주도로,127,4
부산광역시,사하구,길,동매로5번길,주도로,122,6
부산광역시,사하구,길,동매로65번길,주도로,121,8
부산광역시,사하구,길,동매로66번길,주도로,241,8
부산광역시,사하구,길,동매로81번길,주도로,106,8
부산광역시,사하구,길,동매로92번길,주도로,243,6
부산광역시,사하구,길,동매로9번길,주도로,123,6
부산광역시,사하구,로,동주대학로,주도로,211,7
부산광역시,사하구,로,두송로,주도로,2809,12
부산광역시,사하구,길,두송로123번길,주도로,641,5
부산광역시,사하구,길,두송로144번길,주도로,823,6
부산광역시,사하구,길,두송로146번길,주도로,547,6
부산광역시,사하구,길,두송로188번길,주도로,381,5
부산광역시,사하구,길,두송로194번길,주도로,486,5
부산광역시,사하구,길,두송로195번길,주도로,404,5
부산광역시,사하구,길,두송로210번길,주도로,399,5
부산광역시,사하구,길,두송로26번길,주도로,330,8
부산광역시,사하구,로,마하로,주도로,863,12
부산광역시,사하구,길,마하로12번길,주도로,295,8
부산광역시,사하구,길,마하로25번길,주도로,124,8
부산광역시,사하구,길,마하로31번길,주도로,323,8
부산광역시,사하구,길,마하로43번길,주도로,113,8
부산광역시,사하구,길,마하로48번길,주도로,139,8
부산광역시,사하구,길,마하로5번길,주도로,168,8
부산광역시,사하구,길,몰운대1길,주도로,460,15
부산광역시,사하구,길,몰운대2길,주도로,495,5
부산광역시,사하구,길,보덕포1길,주도로,1164,7
부산광역시,사하구,길,보덕포2길,주도로,312,3
부산광역시,사하구,로,비봉로,주도로,1055,12
부산광역시,사하구,길,비봉로21번길,주도로,208,10
부산광역시,사하구,길,비봉로54번길,주도로,299,4
부산광역시,사하구,길,비봉로54번안길,주도로,413,4
부산광역시,사하구,로,사리로,주도로,1156,12
부산광역시,사하구,길,사리로18번길,주도로,257,8
부산광역시,사하구,길,사리로27번길,주도로,422,5
부산광역시,사하구,길,사리로45번길,주도로,90,6
부산광역시,사하구,길,사리로46번길,주도로,70,7
부산광역시,사하구,길,사리로4번길,주도로,151,4
부산광역시,사하구,길,사리로55번길,주도로,86,6
부산광역시,사하구,길,사리로57번길,주도로,83,3
부산광역시,사하구,길,사리로67번길,주도로,151,2
부산광역시,사하구,길,사리로70번길,주도로,324,3
부산광역시,사하구,길,사리로7번길,주도로,323,12
부산광역시,사하구,길,사리로8번길,주도로,292,8
부산광역시,사하구,로,사하로,주도로,2082,30
부산광역시,사하구,길,사하로125번길,주도로,196,5
부산광역시,사하구,길,사하로141번가길,주도로,115,6
부산광역시,사하구,길,사하로141번길,주도로,753,8
부산광역시,사하구,길,사하로141번나길,주도로,647,6
부산광역시,사하구,길,사하로142번길,주도로,352,6
부산광역시,사하구,길,사하로155번길,주도로,208,6
부산광역시,사하구,길,사하로156번길,주도로,119,6
부산광역시,사하구,길,사하로166번길,주도로,298,6
부산광역시,사하구,길,사하로175번길,주도로,191,10
부산광역시,사하구,길,사하로185번길,주도로,294,5
부산광역시,사하구,길,사하로186번가길,주도로,122,3
부산광역시,사하구,길,사하로186번길,주도로,390,8
부산광역시,사하구,길,사하로186번나길,주도로,129,4
부산광역시,사하구,길,사하로186번다길,주도로,102,3
부산광역시,사하구,길,사하로186번라길,주도로,113,4
부산광역시,사하구,길,사하로197번길,주도로,288,8
부산광역시,사하구,길,사하로198번길,주도로,580,8
부산광역시,사하구,길,사하로68번길,주도로,404,4
부산광역시,사하구,길,사하로70번길,주도로,310,6
부산광역시,사하구,로,서포로,주도로,696,25
부산광역시,사하구,길,서포로30번길,주도로,855.569,15
부산광역시,사하구,로,승학로,주도로,2882,12
부산광역시,사하구,길,승학로108번길,주도로,134,8
부산광역시,사하구,길,승학로10번길,주도로,219,8
부산광역시,사하구,길,승학로131번길,주도로,333,8
부산광역시,사하구,길,승학로161번길,주도로,454,6
부산광역시,사하구,길,승학로161번안길,주도로,301,4
부산광역시,사하구,길,승학로165번길,주도로,179,4
부산광역시,사하구,길,승학로17번길,주도로,458,7
부산광역시,사하구,길,승학로19번길,주도로,132,8
부산광역시,사하구,길,승학로20번길,주도로,182,8
부산광역시,사하구,길,승학로224번길,주도로,634,6
부산광역시,사하구,길,승학로229번길,주도로,192,6
부산광역시,사하구,길,승학로233번길,주도로,581,6
부산광역시,사하구,길,승학로239번길,주도로,230,6
부산광역시,사하구,길,승학로239번안길,주도로,199,2
부산광역시,사하구,길,승학로281번길,주도로,684,8
부산광역시,사하구,길,승학로281번안길,주도로,235,3
부산광역시,사하구,길,승학로284번길,주도로,225,4
부산광역시,사하구,길,승학로2번길,주도로,242,8
부산광역시,사하구,길,승학로31번길,주도로,269,8
부산광역시,사하구,길,승학로3번길,주도로,571,8
부산광역시,사하구,길,승학로71번길,주도로,770,6
부산광역시,사하구,길,승학로71번안길,주도로,617,6
부산광역시,사하구,로,신산로,주도로,2040,25
부산광역시,사하구,길,신산로13번길,주도로,676,15
부산광역시,사하구,길,신산로29번길,주도로,666,10
부산광역시,사하구,로,신산북로,주도로,1011,10
부산광역시,사하구,길,신산북로33번길,주도로,114,6
부산광역시,사하구,길,신산북로43번길,주도로,341,8
부산광역시,사하구,길,신산북로49번길,주도로,187,4
부산광역시,사하구,길,신산북로57번길,주도로,240,5
부산광역시,사하구,길,신산북로67번길,주도로,238,5
부산광역시,사하구,로,암남공원로,주도로,5190,12
부산광역시,사하구,길,암남공원로521번길,주도로,199,6
부산광역시,사하구,길,암남공원로522번길,주도로,76,8
부산광역시,사하구,로,오작로,주도로,1896,12
부산광역시,사하구,길,오작로122번길,주도로,148,5
부산광역시,사하구,길,오작로162번길,주도로,121,3
부산광역시,사하구,길,오작로166번길,주도로,186,3
부산광역시,사하구,길,오작로168번길,주도로,193,1
부산광역시,사하구,길,오작로176번길,주도로,129,4
부산광역시,사하구,길,오작로184번길,주도로,288,3
부산광역시,사하구,길,오작로3번길,주도로,224,4
부산광역시,사하구,길,오작로67번길,주도로,60,3
부산광역시,사하구,길,오작로73번길,주도로,116,3
부산광역시,사하구,길,오작로76번길,주도로,332,7
부산광역시,사하구,길,오작로78번길,주도로,155,3
부산광역시,사하구,길,오작로83번길,주도로,142,3
부산광역시,사하구,길,오작로88번길,주도로,173,4
부산광역시,사하구,길,오작로8번길,주도로,409,6
부산광역시,사하구,길,오작로8번안길,주도로,241,4
부산광역시,사하구,로,옥천로,주도로,1735,12
부산광역시,사하구,길,옥천로101번길,주도로,132,3
부산광역시,사하구,길,옥천로104번길,주도로,159,3
부산광역시,사하구,길,옥천로104번안길,주도로,148,3
부산광역시,사하구,길,옥천로111번길,주도로,100,2
부산광역시,사하구,길,옥천로139번길,주도로,110,2
부산광역시,사하구,길,옥천로24번길,주도로,252,3
부산광역시,사하구,길,옥천로50번길,주도로,96,2
부산광역시,사하구,길,옥천로54번길,주도로,298,3
부산광역시,사하구,길,옥천로57번길,주도로,165,2
부산광역시,사하구,길,옥천로60번길,주도로,229,3
부산광역시,사하구,길,옥천로60번안길,주도로,141,2
부산광역시,사하구,길,옥천로62번길,주도로,98,3
부산광역시,사하구,길,옥천로64번길,주도로,186,2
부산광역시,사하구,길,옥천로67번길,주도로,94,3
부산광역시,사하구,길,옥천로70번가길,주도로,71,3
부산광역시,사하구,길,옥천로70번길,주도로,330,3
부산광역시,사하구,길,옥천로70번나길,주도로,189,3
부산광역시,사하구,길,옥천로75번길,주도로,251,6
부산광역시,사하구,길,옥천로75번안길,주도로,109,3
부산광역시,사하구,길,옥천로76번길,주도로,259,3
부산광역시,사하구,길,옥천로82번길,주도로,103,3
부산광역시,사하구,길,옥천로88번길,주도로,148,3
부산광역시,사하구,길,옥천로93번길,주도로,127,3
부산광역시,사하구,길,옥천로95번길,주도로,125,2
부산광역시,사하구,로,원양로,주도로,3471,24
부산광역시,사하구,길,원양로350번길,주도로,237,2
부산광역시,사하구,길,원양로356번길,주도로,729,5
부산광역시,사하구,길,원양로356번안길,주도로,254,4
부산광역시,사하구,길,원양로398번길,주도로,799,8
부산광역시,사하구,로,윤공단로,주도로,1494,12
부산광역시,사하구,길,윤공단로132번길,주도로,146,6
부산광역시,사하구,길,윤공단로14번길,주도로,684,12
부산광역시,사하구,길,윤공단로17번길,주도로,670,10
부산광역시,사하구,길,윤공단로18번길,주도로,444,6
부산광역시,사하구,길,윤공단로22번길,주도로,199,6
부산광역시,사하구,길,윤공단로51번길,주도로,171,6
부산광역시,사하구,길,윤공단로56번길,주도로,412,6
부산광역시,사하구,길,윤공단로62번길,주도로,371,6
부산광역시,사하구,길,윤공단로75번길,주도로,811,5
부산광역시,사하구,대로,을숙도대로,주도로,8790,35
부산광역시,사하구,길,을숙도대로480번길,주도로,439,10
부산광역시,사하구,길,을숙도대로569번길,주도로,540,10
부산광역시,사하구,길,을숙도대로677번길,주도로,284,10
부산광역시,사하구,길,을숙도대로701번길,주도로,190,5
부산광역시,사하구,길,을숙도대로709번길,주도로,329,12
부산광역시,사하구,길,을숙도대로724번길,주도로,240,6
부산광역시,사하구,길,을숙도대로745번길,주도로,123,6
부산광역시,사하구,길,을숙도대로747번길,주도로,298,2
부산광역시,사하구,길,을숙도대로748번길,주도로,522,6
부산광역시,사하구,길,을숙도대로755번길,주도로,637,4
부산광역시,사하구,길,을숙도대로873번길,주도로,314,7
부산광역시,사하구,로,장림로,주도로,3146,25
부산광역시,사하구,길,장림로161번길,주도로,178,10
부산광역시,사하구,길,장림로184번길,주도로,203,6
부산광역시,사하구,길,장림로196번길,주도로,198,8
부산광역시,사하구,길,장림로93번길,주도로,907,7
부산광역시,사하구,로,장림번영로,주도로,1101,16
부산광역시,사하구,길,장림번영로103번길,주도로,241,12
부산광역시,사하구,길,장림번영로104번길,주도로,660,6
부산광역시,사하구,길,장림번영로28번길,주도로,419,6
부산광역시,사하구,길,장림번영로37번길,주도로,129,4
부산광역시,사하구,길,장림번영로84번길,주도로,241,4
부산광역시,사하구,길,장림시장10길,주도로,382,4
부산광역시,사하구,길,장림시장11길,주도로,317,3
부산광역시,사하구,길,장림시장1길,주도로,133,4
부산광역시,사하구,길,장림시장2길,주도로,192,4
부산광역시,사하구,길,장림시장3길,주도로,222,4
부산광역시,사하구,길,장림시장4길,주도로,369,4
부산광역시,사하구,길,장림시장5길,주도로,790,6
부산광역시,사하구,길,장림시장6길,주도로,394,4
부산광역시,사하구,길,장림시장7길,주도로,635,3
부산광역시,사하구,길,장림시장8길,주도로,629,3
부산광역시,사하구,길,장림시장9길,주도로,602,5
부산광역시,사하구,로,장평로,주도로,4627,20
부산광역시,사하구,길,장평로121번길,주도로,179,2
부산광역시,사하구,길,장평로125번길,주도로,479,3
부산광역시,사하구,길,장평로127번길,주도로,153,3
부산광역시,사하구,길,장평로131번길,주도로,124,2
부산광역시,사하구,길,장평로132번길,주도로,330,6
부산광역시,사하구,길,장평로133번길,주도로,323,4
부산광역시,사하구,길,장평로135번길,주도로,92,1
부산광역시,사하구,길,장평로138번길,주도로,282,6
부산광역시,사하구,길,장평로139번길,주도로,200,4
부산광역시,사하구,길,장평로145번길,주도로,423,6
부산광역시,사하구,길,장평로146번길,주도로,176,6
부산광역시,사하구,길,장평로15번길,주도로,155,6
부산광역시,사하구,길,장평로190번길,주도로,227,6
부산광역시,사하구,길,장평로195번길,주도로,636,8
부산광역시,사하구,길,장평로278번길,주도로,233,4
부산광역시,사하구,길,장평로292번길,주도로,145,4
부산광역시,사하구,길,장평로299번길,주도로,206,8
부산광역시,사하구,길,장평로299번안길,주도로,325,5
부산광역시,사하구,길,장평로301번길,주도로,293,5
부산광역시,사하구,길,장평로320번길,주도로,118,3
부산광역시,사하구,길,장평로322번길,주도로,118,3
부산광역시,사하구,길,장평로326번길,주도로,112,3
부산광역시,사하구,길,장평로409번길,주도로,553,4
부산광역시,사하구,길,장평로411번길,주도로,291,2
부산광역시,사하구,길,장평로41번길,주도로,597,8
부산광역시,사하구,길,장평로420번길,주도로,452,6
부산광역시,사하구,길,장평로443번길,주도로,683,6
부산광역시,사하구,길,장평로449번길,주도로,711,8
부산광역시,사하구,길,장평로450번길,주도로,407,6
부산광역시,사하구,길,장평로71번길,주도로,300,6
부산광역시,사하구,길,장평로76번길,주도로,166,6
부산광역시,사하구,길,장평로83번길,주도로,204,6
부산광역시,사하구,로,제석로,주도로,2436,12
부산광역시,사하구,길,제석로114번길,주도로,147,6
부산광역시,사하구,길,제석로12번길,주도로,208,3
부산광역시,사하구,길,제석로17번길,주도로,131,8
부산광역시,사하구,길,제석로18번길,주도로,408,8
부산광역시,사하구,길,제석로31번길,주도로,122,4
부산광역시,사하구,길,제석로59번길,주도로,173,8
부산광역시,사하구,길,제석로59번안길,주도로,141,3
부산광역시,사하구,길,제석로62번길,주도로,114,4
부산광역시,사하구,길,제석로65번길,주도로,135,3
부산광역시,사하구,길,제석로66번길,주도로,133,4
부산광역시,사하구,길,제석로69번길,주도로,79,3
부산광역시,사하구,길,제석로79번길,주도로,176,6
부산광역시,사하구,길,제석로79번안길,주도로,105,4
부산광역시,사하구,길,제석로80번길,주도로,156,3
부산광역시,사하구,길,제석로84번길,주도로,115,3
부산광역시,사하구,길,제석로86번길,주도로,116,3
부산광역시,사하구,길,제석로93번길,주도로,130,3
부산광역시,사하구,길,제석로93번안길,주도로,97,3
부산광역시,사하구,길,제석로95번길,주도로,608,8
부산광역시,사하구,로,천해로,주도로,1875,10
부산광역시,사하구,길,천해로80번길,주도로,152,2
부산광역시,사하구,로,하신번영로,주도로,4867,20
부산광역시,사하구,길,하신번영로107번길,주도로,445,15
부산광역시,사하구,길,하신번영로127번길,주도로,392,15
부산광역시,사하구,길,하신번영로151번길,주도로,417,15
부산광역시,사하구,길,하신번영로153번길,주도로,391,4
부산광역시,사하구,길,하신번영로157번길,주도로,386,4
부산광역시,사하구,길,하신번영로159번길,주도로,382,4
부산광역시,사하구,길,하신번영로161번길,주도로,380,4
부산광역시,사하구,길,하신번영로163번길,주도로,379,4
부산광역시,사하구,길,하신번영로167번길,주도로,377,10
부산광역시,사하구,길,하신번영로169번길,주도로,378,4
부산광역시,사하구,길,하신번영로171번길,주도로,378,4
부산광역시,사하구,길,하신번영로173번길,주도로,378,4
부산광역시,사하구,길,하신번영로177번길,주도로,376,4
부산광역시,사하구,길,하신번영로179번길,주도로,376,4
부산광역시,사하구,길,하신번영로201번길,주도로,218,14
부산광역시,사하구,길,하신번영로207번길,주도로,151,7
부산광역시,사하구,길,하신번영로261번길,주도로,165,8
부산광역시,사하구,길,하신번영로300번길,주도로,689,8
부산광역시,사하구,길,하신번영로312번길,주도로,458,6
부산광역시,사하구,길,하신번영로320번길,주도로,120,8
부산광역시,사하구,길,하신번영로328번길,주도로,233,4
부산광역시,사하구,길,하신번영로350번길,주도로,120,8
부산광역시,사하구,길,하신번영로380번길,주도로,713,10
부산광역시,사하구,길,하신번영로73번길,주도로,468,15
부산광역시,사하구,로,하신중앙로,주도로,3524,25
부산광역시,사하구,길,하신중앙로17번길,주도로,484,10
부산광역시,사하구,길,하신중앙로18번길,주도로,446,4
부산광역시,사하구,길,하신중앙로22번길,주도로,239,10
부산광역시,사하구,길,하신중앙로239번길,주도로,399,6
부산광역시,사하구,길,하신중앙로27번길,주도로,360,10
부산광역시,사하구,길,하신중앙로307번길,주도로,543,6
부산광역시,사하구,길,하신중앙로313번길,주도로,588,6
부산광역시,사하구,길,하신중앙로335번길,주도로,479,10
부산광역시,사하구,길,하신중앙로3번가길,주도로,424,5
부산광역시,사하구,길,하신중앙로3번길,주도로,1161,8
부산광역시,사하구,길,하신중앙로3번나길,주도로,190,6
부산광역시,사하구,길,하신중앙로3번다길,주도로,190,5
부산광역시,사하구,길,하신중앙로53번길,주도로,692,15
부산광역시,사하구,길,하신중앙로54번길,주도로,723,15
부산광역시,사하구,로,홍티로,주도로,2054,25
부산광역시,사하구,길,홍티로74번길,주도로,441,2
부산광역시,사하구,길,회화나무길,주도로,624,8
부산광역시,금정구,로,가마실로,주도로,936,8
부산광역시,금정구,로,개좌로,주도로,7294,10
부산광역시,금정구,길,개좌로239번길,주도로,311,8
부산광역시,금정구,길,개좌로272번길,주도로,187,5
부산광역시,금정구,길,개좌로27번길,주도로,216,8
부산광역시,금정구,고속도로,경부고속도로,주도로,423200,50
부산광역시,금정구,로,고분로,주도로,1580,14
부산광역시,금정구,길,고분로93번길,주도로,930,6
부산광역시,금정구,로,공단동로,주도로,954,10
부산광역시,금정구,길,공단동로29번길,주도로,349,10
부산광역시,금정구,길,공단동로41번길,주도로,287,10
부산광역시,금정구,길,공단동로55번길,주도로,225,10
부산광역시,금정구,로,공단로,주도로,847,10
부산광역시,금정구,길,공단로33번길,주도로,158,8
부산광역시,금정구,길,공단로39번길,주도로,165,10
부산광역시,금정구,길,공단로49번길,주도로,163,10
부산광역시,금정구,길,공단로50번길,주도로,215,8
부산광역시,금정구,길,공단로61번길,주도로,162,10
부산광역시,금정구,길,공단로8번길,주도로,170,8
부산광역시,금정구,로,공단서로,주도로,343,10
부산광역시,금정구,길,공단서로18번길,주도로,589,10
부산광역시,금정구,길,공단서로8번길,주도로,550,8
부산광역시,금정구,길,공해1길,주도로,586,5
부산광역시,금정구,길,공해2길,주도로,517,5
부산광역시,금정구,길,공해3길,주도로,566,5
부산광역시,금정구,길,공해4길,주도로,228,4
부산광역시,금정구,길,공해5길,주도로,307,5
부산광역시,금정구,로,구서로,주도로,320,12
부산광역시,금정구,로,구서온천천로,주도로,482,10
부산광역시,금정구,로,구서중앙로,주도로,592,8
부산광역시,금정구,길,구서중앙로15번길,주도로,156,8
부산광역시,금정구,길,구서중앙로40번길,주도로,268,8
부산광역시,금정구,길,구서중앙로44번길,주도로,271,8
부산광역시,금정구,길,구서지하도로,주도로,509.1,8
부산광역시,금정구,길,구서지하도로,주도로,585.9,8
부산광역시,금정구,로,금강로,주도로,7560,12
부산광역시,금정구,길,금강로194번길,주도로,100,4
부산광역시,금정구,길,금강로279번길,주도로,576,9
부산광역시,금정구,길,금강로279번안길,주도로,188,10
부산광역시,금정구,길,금강로291번길,주도로,140,8
부산광역시,금정구,길,금강로321번길,주도로,648,8
부산광역시,금정구,길,금강로321번안길,주도로,576,9
부산광역시,금정구,길,금강로335번길,주도로,651,10
부산광역시,금정구,길,금강로347번길,주도로,452,8
부산광역시,금정구,길,금강로369번길,주도로,160,8
부산광역시,금정구,길,금강로379번길,주도로,363,10
부산광역시,금정구,길,금강로380번길,주도로,335,8
부산광역시,금정구,길,금강로391번길,주도로,241,8
부산광역시,금정구,길,금강로403번길,주도로,130,10
부산광역시,금정구,길,금강로415번길,주도로,101,8
부산광역시,금정구,길,금강로423번길,주도로,111,10
부산광역시,금정구,길,금강로445번길,주도로,128,6
부산광역시,금정구,길,금강로446번길,주도로,241,6
부산광역시,금정구,길,금강로453번길,주도로,333,10
부산광역시,금정구,길,금강로468번길,주도로,161,8
부산광역시,금정구,길,금강로513번길,주도로,305,8
부산광역시,금정구,길,금강로541번길,주도로,279,8
부산광역시,금정구,길,금강로555번길,주도로,287,8
부산광역시,금정구,길,금강로565번길,주도로,361,10
부산광역시,금정구,길,금강로578번길,주도로,178,5
부산광역시,금정구,길,금강로611번길,주도로,366,8
부산광역시,금정구,길,금강로633번길,주도로,347,8
부산광역시,금정구,길,금강로647번길,주도로,304,10
부산광역시,금정구,길,금강로681번길,주도로,347,8
부산광역시,금정구,길,금강로693번길,주도로,347,10
부산광역시,금정구,길,금강로709번길,주도로,350,8
부산광역시,금정구,길,금강로740번길,주도로,182,7
부산광역시,금정구,길,금강로754번길,주도로,157,8
부산광역시,금정구,로,금단로,주도로,2157,15
부산광역시,금정구,길,금단로101번길,주도로,120,4
부산광역시,금정구,길,금단로170번길,주도로,326,8
부산광역시,금정구,길,금단로175번길,주도로,216,4
부산광역시,금정구,길,금단로210번길,주도로,230,4
부산광역시,금정구,길,금단로99번길,주도로,129,4
부산광역시,금정구,로,금사로,주도로,2243,15
부산광역시,금정구,길,금사로107번길,주도로,175,8
부산광역시,금정구,길,금사로189번길,주도로,124,4
부산광역시,금정구,길,금사로211번길,주도로,177,4
부산광역시,금정구,길,금사로29번길,주도로,350,4
부산광역시,금정구,길,금사로33번길,주도로,346,8
부산광역시,금정구,길,금사로37번길,주도로,304,4
부산광역시,금정구,길,금사로41번길,주도로,283,4
부산광역시,금정구,길,금사로43번길,주도로,202,4
부산광역시,금정구,길,금사로51번길,주도로,342,8
부산광역시,금정구,길,금사로57번길,주도로,358,8
부산광역시,금정구,길,금사로67번길,주도로,343,6
부산광역시,금정구,길,금사로85번길,주도로,245,4
부산광역시,금정구,길,금사로87번길,주도로,194,4
부산광역시,금정구,길,금사로97번길,주도로,148,4
부산광역시,금정구,로,금샘로,주도로,3848,20
부산광역시,금정구,길,금샘로17번길,주도로,289,8
부산광역시,금정구,길,금샘로17번안길,주도로,221,8
부산광역시,금정구,길,금샘로18번길,주도로,409,10
부산광역시,금정구,길,금샘로229번길,주도로,159,8
부산광역시,금정구,길,금샘로245번길,주도로,86,6
부산광역시,금정구,길,금샘로246번길,주도로,168,6
부산광역시,금정구,길,금샘로386번길,주도로,133,8
부산광역시,금정구,길,금샘로420번길,주도로,220,8
부산광역시,금정구,길,금샘로42번길,주도로,162,6
부산광역시,금정구,길,금샘로438번길,주도로,199,8
부산광역시,금정구,길,금샘로485번길,주도로,974,12
부산광역시,금정구,길,금샘로488번길,주도로,152,8
부산광역시,금정구,길,금샘로566번길,주도로,278,6
부산광역시,금정구,길,금샘로577번길,주도로,238,2
부산광역시,금정구,길,금샘로578번길,주도로,312,6
부산광역시,금정구,길,금샘로582번길,주도로,283,8
부산광역시,금정구,길,금샘로7번길,주도로,234,10
부산광역시,금정구,로,금정도서관로,주도로,1653,20
부산광역시,금정구,길,금정도서관로157번길,주도로,913,4
부산광역시,금정구,길,금정도서관로157번안길,주도로,128,4
부산광역시,금정구,로,금정로,주도로,2595,16
부산광역시,금정구,길,금정로103번길,주도로,121,8
부산광역시,금정구,길,금정로119번길,주도로,125,10
부산광역시,금정구,길,금정로149번길,주도로,124,10
부산광역시,금정구,길,금정로149번안길,주도로,153,4
부산광역시,금정구,길,금정로161번길,주도로,128,8
부산광역시,금정구,길,금정로185번길,주도로,148,10
부산광역시,금정구,길,금정로193번길,주도로,183,8
부산광역시,금정구,길,금정로19번길,주도로,228,6
부산광역시,금정구,길,금정로207번길,주도로,193,10
부산광역시,금정구,길,금정로219번길,주도로,204,8
부산광역시,금정구,길,금정로231번길,주도로,226,10
부산광역시,금정구,길,금정로233번길,주도로,463,10
부산광역시,금정구,길,금정로237번길,주도로,422,10
부산광역시,금정구,길,금정로52번길,주도로,303,4
부산광역시,금정구,길,금정로60번길,주도로,275,8
부산광역시,금정구,길,금정로68번길,주도로,237,6
부산광역시,금정구,길,금정로91번길,주도로,121,8
부산광역시,금정구,길,금정로9번길,주도로,82,4
부산광역시,금정구,로,기찰로,주도로,1354,8
부산광역시,금정구,길,기찰로102번길,주도로,412,6
부산광역시,금정구,길,기찰로108번길,주도로,280,6
부산광역시,금정구,길,기찰로22번길,주도로,297,4
부산광역시,금정구,길,기찰로96번길,주도로,323,6
부산광역시,금정구,로,남문로,주도로,2347,6
부산광역시,금정구,길,남산냇길,주도로,695,6
부산광역시,금정구,로,남산로,주도로,775,15
부산광역시,금정구,길,남산로37번길,주도로,486,8
부산광역시,금정구,길,남산로43번길,주도로,186,8
부산광역시,금정구,길,남산로51번길,주도로,176,8
부산광역시,금정구,길,노포마을1길,주도로,311,4
부산광역시,금정구,길,노포마을2길,주도로,366,4
부산광역시,금정구,로,노포사송로,주도로,9164,25
부산광역시,금정구,로,놀이마당로,주도로,418,8
부산광역시,금정구,길,놀이마당로36번길,주도로,248,4
부산광역시,금정구,로,대두로,주도로,766,3
부산광역시,금정구,길,대두로19번길,주도로,432,3
부산광역시,금정구,길,대두로20번길,주도로,188,3
부산광역시,금정구,길,대두로29번길,주도로,192,3
부산광역시,금정구,길,대두로30번길,주도로,162,3
부산광역시,금정구,길,대두로39번길,주도로,186,3
부산광역시,금정구,길,대두로42번길,주도로,203,3
부산광역시,금정구,길,대룡1길,주도로,961,3
부산광역시,금정구,길,대룡2길,주도로,231,4
부산광역시,금정구,길,대룡3길,주도로,112,4
부산광역시,금정구,로,동대로,주도로,457,8
부산광역시,금정구,길,동대로7번길,주도로,444,8
부산광역시,금정구,길,동문1길,주도로,178,4
부산광역시,금정구,로,동문로,주도로,1138,6
부산광역시,금정구,로,동부곡로,주도로,629,8
부산광역시,금정구,길,동부곡로10번길,주도로,139,6
부산광역시,금정구,길,동부곡로12번길,주도로,612,5
부산광역시,금정구,길,동부곡로15번길,주도로,551,8
부산광역시,금정구,길,동부곡로19번길,주도로,295,6
부산광역시,금정구,길,동부곡로23번길,주도로,296,6
부산광역시,금정구,길,동부곡로27번가길,주도로,259,5
부산광역시,금정구,길,동부곡로27번길,주도로,434,6
부산광역시,금정구,길,동부곡로27번나길,주도로,122,4
부산광역시,금정구,길,동부곡로27번다길,주도로,165,6
부산광역시,금정구,길,동부곡로27번라길,주도로,113,12
부산광역시,금정구,길,동부곡로42번길,주도로,289,4
부산광역시,금정구,길,동부곡로43번길,주도로,112,3
부산광역시,금정구,길,동부곡로47번길,주도로,131,4
부산광역시,금정구,길,동부곡로5번길,주도로,785,8
부산광역시,금정구,길,동부곡로6번길,주도로,413,8
부산광역시,금정구,길,동부곡로9번길,주도로,557,6
부산광역시,금정구,로,동천로,주도로,731,8
부산광역시,금정구,길,동천로7번길,주도로,443,8
부산광역시,금정구,로,동현로,주도로,1553,10
부산광역시,금정구,길,동현로16번길,주도로,490,8
부산광역시,금정구,길,동현로39번길,주도로,273,8
부산광역시,금정구,길,동현로43번길,주도로,270,6
부산광역시,금정구,길,동현로47번길,주도로,267,6
부산광역시,금정구,로,두구로,주도로,808,9
부산광역시,금정구,길,두구로19번길,주도로,451,4
부산광역시,금정구,길,두구로33번길,주도로,1020,3
부산광역시,금정구,길,두구로51번길,주도로,828,5
부산광역시,금정구,길,두구죽전1길,주도로,590,4
부산광역시,금정구,길,두구죽전2길,주도로,179,4
부산광역시,금정구,길,두구중리1길,주도로,545,4
부산광역시,금정구,길,두구중리2길,주도로,301,4
부산광역시,금정구,로,두실로,주도로,756,20
부산광역시,금정구,길,두실로15번길,주도로,467,8
부산광역시,금정구,길,두실로16번길,주도로,136,8
부산광역시,금정구,길,두실로23번길,주도로,162,8
부산광역시,금정구,길,두실로24번길,주도로,133,8
부산광역시,금정구,길,두실로37번길,주도로,448,8
부산광역시,금정구,길,두실로37번안길,주도로,162,4
부산광역시,금정구,길,두실로45번길,주도로,517,8
부산광역시,금정구,길,두실로7번길,주도로,626,8
부산광역시,금정구,길,두실로8번길,주도로,138,8
부산광역시,금정구,길,땅곡길,주도로,655,5
부산광역시,금정구,로,명서로,주도로,1733,10
부산광역시,금정구,길,명서로31번길,주도로,520,4
부산광역시,금정구,길,명서로45번길,주도로,597,7
부산광역시,금정구,길,명서로85번길,주도로,100,4
부산광역시,금정구,로,무학송로,주도로,1615,15
부산광역시,금정구,길,무학송로138번길,주도로,174,6
부산광역시,금정구,로,반송로,주도로,16540,25
부산광역시,금정구,길,반송로354번길,주도로,249,6
부산광역시,금정구,길,반송로388번길,주도로,160,4
부산광역시,금정구,길,반송로489번길,주도로,357,8
부산광역시,금정구,길,반송로490번길,주도로,245,8
부산광역시,금정구,로,벅구산로,주도로,297,8
부산광역시,금정구,길,벅구산로8번길,주도로,249,6
부산광역시,금정구,로,범어사로,주도로,4308,14
부산광역시,금정구,로,범어천로,주도로,725,15
부산광역시,금정구,길,범어천로21번길,주도로,171,8
부산광역시,금정구,길,범어천로28번길,주도로,133,8
부산광역시,금정구,길,범어천로31번길,주도로,248,8
부산광역시,금정구,길,범어천로38번길,주도로,176,10
부산광역시,금정구,길,범어천로46번길,주도로,204,8
부산광역시,금정구,길,범어천로52번길,주도로,224,8
부산광역시,금정구,로,부곡로,주도로,1853,12
부산광역시,금정구,길,부곡로126번길,주도로,267,8
부산광역시,금정구,길,부곡로12번길,주도로,84,4
부산광역시,금정구,길,부곡로141번길,주도로,138,8
부산광역시,금정구,길,부곡로142번길,주도로,262,8
부산광역시,금정구,길,부곡로155번길,주도로,96,10
부산광역시,금정구,길,부곡로156번길,주도로,158,10
부산광역시,금정구,길,부곡로168번길,주도로,593,8
부산광역시,금정구,길,부곡로18번길,주도로,159,6
부산광역시,금정구,길,부곡로18번안길,주도로,507,3
부산광역시,금정구,길,부곡로42번길,주도로,448,8
부산광역시,금정구,길,부곡로42번안길,주도로,75,4
부산광역시,금정구,로,부곡온천천로,주도로,2177,10
부산광역시,금정구,로,부산대학로,주도로,640,15
부산광역시,금정구,길,부산대학로38번길,주도로,447,8
부산광역시,금정구,길,부산대학로49번길,주도로,299,8
부산광역시,금정구,길,부산대학로50번길,주도로,595,8
부산광역시,금정구,길,부산대학로63번길,주도로,262,10
부산광역시,금정구,길,부산대학로64번길,주도로,843,10
부산광역시,금정구,길,부산대학로64번안길,주도로,186,9
부산광역시,금정구,고속도로,부산외곽순환고속도로,주도로,49606,50
부산광역시,금정구,길,북문1길,주도로,2294,6
부산광역시,금정구,길,북문2길,주도로,383,5
부산광역시,금정구,로,북문로,주도로,1775,10
부산광역시,금정구,로,사천로,주도로,142,12
부산광역시,금정구,길,사천로3번길,주도로,147,8
부산광역시,금정구,길,사천로7번길,주도로,308,8
부산광역시,금정구,로,산성로,주도로,2527,12
부산광역시,금정구,로,삼어로,주도로,2369,12
부산광역시,금정구,로,삼차로,주도로,967,7
부산광역시,금정구,길,상마1길,주도로,537,6
부산광역시,금정구,길,상마2길,주도로,168,4
부산광역시,금정구,로,상현로,주도로,1839,8
부산광역시,금정구,길,상현로105번길,주도로,460,4
부산광역시,금정구,길,상현로67번길,주도로,192,3
부산광역시,금정구,길,상현로79번길,주도로,1307,3
부산광역시,금정구,로,서곡로,주도로,671,8
부산광역시,금정구,길,서곡로20번길,주도로,658,8
부산광역시,금정구,길,서곡로33번길,주도로,180,3
부산광역시,금정구,길,서곡로34번길,주도로,504,8
부산광역시,금정구,길,서곡로52번길,주도로,170,6
부산광역시,금정구,길,서곡로52번안길,주도로,195,4
부산광역시,금정구,길,서곡로8번길,주도로,380,8
부산광역시,금정구,로,서금로,주도로,1242,12
부산광역시,금정구,길,서금로25번길,주도로,229,4
부산광역시,금정구,길,서금로25번안길,주도로,194,4
부산광역시,금정구,길,서금로30번길,주도로,429,4
부산광역시,금정구,길,서금로67번길,주도로,207,4
부산광역시,금정구,길,서금로70번길,주도로,118,4
부산광역시,금정구,길,서금로86번길,주도로,138,3
부산광역시,금정구,로,서동로,주도로,2010,12
부산광역시,금정구,길,서동로100번길,주도로,597,7
부산광역시,금정구,길,서동로103번길,주도로,501,7
부산광역시,금정구,길,서동로104번길,주도로,248,5
부산광역시,금정구,길,서동로112번길,주도로,117,4
부산광역시,금정구,길,서동로118번길,주도로,191,4
부산광역시,금정구,길,서동로124번길,주도로,204,4
부산광역시,금정구,길,서동로130번길,주도로,150,4
부산광역시,금정구,길,서동로134번길,주도로,260,4
부산광역시,금정구,길,서동로140번길,주도로,140,4
부산광역시,금정구,길,서동로141번길,주도로,156,6
부산광역시,금정구,길,서동로146번길,주도로,97,4
부산광역시,금정구,길,서동로149번길,주도로,113,8
부산광역시,금정구,길,서동로14번길,주도로,217,6
부산광역시,금정구,길,서동로175번길,주도로,337,10
부산광역시,금정구,길,서동로176번길,주도로,167,10
부산광역시,금정구,길,서동로186번길,주도로,270,8
부산광역시,금정구,길,서동로194번길,주도로,459,8
부산광역시,금정구,길,서동로31번길,주도로,177,6
부산광역시,금정구,길,서동로34번길,주도로,186,6
부산광역시,금정구,길,서동로49번길,주도로,142,4
부산광역시,금정구,길,서동로50번길,주도로,208,6
부산광역시,금정구,길,서동로57번길,주도로,303,3
부산광역시,금정구,길,서동로5번길,주도로,372,6
부산광역시,금정구,길,서동로60번길,주도로,220,4
부산광역시,금정구,길,서동로66번가길,주도로,265,4
부산광역시,금정구,길,서동로66번길,주도로,265,4
부산광역시,금정구,길,서동로66번나길,주도로,104,3
부산광역시,금정구,길,서동로72번길,주도로,293,4
부산광역시,금정구,길,서동로73번길,주도로,247,6
부산광역시,금정구,길,서동로78번길,주도로,214,4
부산광역시,금정구,길,서동로79번길,주도로,291,6
부산광역시,금정구,길,서동로7번길,주도로,174,4
부산광역시,금정구,길,서동로84번길,주도로,85,4
부산광역시,금정구,길,서동로87번길,주도로,142,4
부산광역시,금정구,길,서동로88번길,주도로,186,4
부산광역시,금정구,길,서동로91번길,주도로,169,4
부산광역시,금정구,길,서동로92번길,주도로,185,4
부산광역시,금정구,길,서동로99번길,주도로,185,4
부산광역시,금정구,길,서동시장길,주도로,377,4
부산광역시,금정구,길,서동시장뒷길,주도로,540,4
부산광역시,금정구,로,서동중심로,주도로,712,8
부산광역시,금정구,길,서동중심로32번길,주도로,155,8
부산광역시,금정구,길,서동중심로43번길,주도로,282,4
부산광역시,금정구,길,서동중심로45번길,주도로,276,4
부산광역시,금정구,길,서동중심로49번길,주도로,319,4
부산광역시,금정구,길,서동중심로51번길,주도로,198,4
부산광역시,금정구,길,서동중심로53번길,주도로,308,4
부산광역시,금정구,길,서동중심로55번길,주도로,259,4
부산광역시,금정구,길,서동중심로57번길,주도로,299,4
부산광역시,금정구,로,서명로,주도로,306,11
부산광역시,금정구,길,서명로11번길,주도로,355,6
부산광역시,금정구,길,서명로11번안길,주도로,319,4
부산광역시,금정구,로,서부곡로,주도로,237,10
부산광역시,금정구,길,서부곡로11번길,주도로,421,8
부산광역시,금정구,길,서부곡로15번길,주도로,309,8
부산광역시,금정구,길,서부곡로16번길,주도로,424,8
부산광역시,금정구,길,서부곡로5번길,주도로,287,8
부산광역시,금정구,로,서부로,주도로,1232,11
부산광역시,금정구,길,서부로10번길,주도로,166,8
부산광역시,금정구,길,서부로16번길,주도로,165,8
부산광역시,금정구,길,서부로30번길,주도로,156,8
부산광역시,금정구,길,서부로42번길,주도로,156,8
부산광역시,금정구,길,서부로46번길,주도로,156,8
부산광역시,금정구,길,서부로4번길,주도로,167,8
부산광역시,금정구,길,서부로52번길,주도로,156,8
부산광역시,금정구,길,서부로58번길,주도로,170,8
부산광역시,금정구,길,서부로64번길,주도로,264,8
부산광역시,금정구,길,서부로69번길,주도로,178,8
부산광역시,금정구,길,서부로76번길,주도로,196,6
부산광역시,금정구,로,석대로,주도로,1970,8
부산광역시,금정구,길,석지못길,주도로,369,3
부산광역시,금정구,로,소정로,주도로,463,12
부산광역시,금정구,길,수내1길,주도로,1043,3
부산광역시,금정구,길,수내1길23번길,주도로,201,3
부산광역시,금정구,길,수내2길,주도로,192,3
부산광역시,금정구,길,수내3길,주도로,493,3
부산광역시,금정구,로,수림로,주도로,1422,15
부산광역시,금정구,길,수림로19번길,주도로,185,10
부산광역시,금정구,길,수림로20번길,주도로,300,15
부산광역시,금정구,길,수림로45번길,주도로,216,8
부산광역시,금정구,길,수림로49번길,주도로,217,10
부산광역시,금정구,길,수림로50번길,주도로,1023,10
부산광역시,금정구,길,수림로61번길,주도로,338,8
부산광역시,금정구,길,수림로62번길,주도로,312,8
부산광역시,금정구,길,수림로66번길,주도로,625,8
부산광역시,금정구,길,수림로71번길,주도로,331,8
부산광역시,금정구,길,수림로72번길,주도로,848,8
부산광역시,금정구,길,수림로75번길,주도로,332,6
부산광역시,금정구,길,수림로81번길,주도로,332,6
부산광역시,금정구,길,수림로85번길,주도로,330,6
부산광역시,금정구,길,수림로91번길,주도로,330,4
부산광역시,금정구,길,수림로93번길,주도로,335,4
부산광역시,금정구,길,수영강서자전거길,주도로,8372,2
부산광역시,금정구,길,수영강서자전거길,주도로,8372,2
부산광역시,금정구,로,수원지로,주도로,604,10
부산광역시,금정구,길,수원지로22번길,주도로,329,4
부산광역시,금정구,길,스포원길,주도로,2147,10
부산광역시,금정구,로,시실로,주도로,2433,10
부산광역시,금정구,로,식물원로,주도로,988,25
부산광역시,금정구,길,식물원로17번길,주도로,165,3
부산광역시,금정구,길,식물원로27번길,주도로,307,4
부산광역시,금정구,길,식물원로29번길,주도로,209,4
부산광역시,금정구,길,식물원로39번길,주도로,184,10
부산광역시,금정구,길,식물원로40번길,주도로,203,8
부산광역시,금정구,길,식물원로44번길,주도로,256,12
부산광역시,금정구,길,식물원로75번길,주도로,270,10
부산광역시,금정구,길,식물원로9번길,주도로,239,4
부산광역시,금정구,로,신천로,주도로,1353,14
부산광역시,금정구,길,신천로35번길,주도로,1279,4
부산광역시,금정구,로,안뜰로,주도로,252,8
부산광역시,금정구,길,안뜰로15번길,주도로,213,8
부산광역시,금정구,길,안뜰로19번길,주도로,282,6
부산광역시,금정구,길,안뜰로20번길,주도로,263,4
부산광역시,금정구,길,안뜰로2번길,주도로,154,4
부산광역시,금정구,길,안뜰로7번길,주도로,274,8
부산광역시,금정구,길,안뜰로8번길,주도로,142,8
부산광역시,금정구,로,영천로,주도로,1200,12
부산광역시,금정구,로,오륜대로,주도로,2790,8
부산광역시,금정구,길,오륜대로118번길,주도로,254,6
부산광역시,금정구,길,오륜대로126번길,주도로,721,8
부산광역시,금정구,로,오시게로,주도로,934,10
부산광역시,금정구,길,오시게로12번길,주도로,135,8
부산광역시,금정구,길,오시게로28번길,주도로,118,8
부산광역시,금정구,길,오시게로42번길,주도로,124,10
부산광역시,금정구,길,오시게로54번길,주도로,160,8
부산광역시,금정구,길,오시게로58번길,주도로,122,6
부산광역시,금정구,길,오시게로66번길,주도로,201,8
부산광역시,금정구,로,옥봉로,주도로,146,8
부산광역시,금정구,길,옥봉로10번길,주도로,176,4
부산광역시,금정구,길,옥봉로13번길,주도로,147,8
부산광역시,금정구,길,옥봉로14번길,주도로,175,6
부산광역시,금정구,길,옥봉로3번길,주도로,149,8
부산광역시,금정구,길,옥봉로8번길,주도로,176,8
부산광역시,금정구,로,온천장로,주도로,1585,16
부산광역시,금정구,길,온천장로125번길,주도로,384,10
부산광역시,금정구,길,온천장로125번안길,주도로,130,4
부산광역시,금정구,길,온천천자전거길,주도로,10541,2
부산광역시,금정구,로,윤산로,주도로,2960,8
부산광역시,금정구,길,윤산로13번길,주도로,431,4
부산광역시,금정구,길,윤산로13번안길,주도로,110,6
부산광역시,금정구,길,임석1길,주도로,256,3
부산광역시,금정구,길,임석2길,주도로,206,3
부산광역시,금정구,길,임석3길,주도로,356,3
부산광역시,금정구,길,작장1길,주도로,837,4
부산광역시,금정구,길,작장2길,주도로,294,4
부산광역시,금정구,길,작장3길,주도로,229,4
부산광역시,금정구,로,장전로,주도로,598,12
부산광역시,금정구,길,장전로12번길,주도로,364,5
부산광역시,금정구,길,장전로18번길,주도로,129,4
부산광역시,금정구,길,장전로20번길,주도로,192,4
부산광역시,금정구,로,장전온천천로,주도로,1456,10
부산광역시,금정구,길,장전온천천로101번길,주도로,125,6
부산광역시,금정구,길,장전온천천로105번길,주도로,106,6
부산광역시,금정구,길,장전온천천로113번길,주도로,130,10
부산광역시,금정구,길,장전온천천로119번길,주도로,95,6
부산광역시,금정구,길,장전온천천로73번길,주도로,140,6
부산광역시,금정구,길,장전온천천로79번길,주도로,129,6
부산광역시,금정구,길,장전온천천로83번길,주도로,127,8
부산광역시,금정구,길,장전온천천로89번길,주도로,133,6
부산광역시,금정구,길,장전온천천로95번길,주도로,125,6
부산광역시,금정구,로,정관산업로,주도로,11600,20
부산광역시,금정구,길,조리1길,주도로,367,4
부산광역시,금정구,길,조리2길,주도로,415,4
부산광역시,금정구,길,조리3길,주도로,356,6
부산광역시,금정구,길,죽전1길,주도로,235,4
부산광역시,금정구,길,죽전2길,주도로,313,4
부산광역시,금정구,로,중군진로,주도로,417,8
부산광역시,금정구,길,중군진로31번길,주도로,154,6
부산광역시,금정구,길,중리1길,주도로,392,4
부산광역시,금정구,길,중리2길,주도로,197,5
부산광역시,금정구,길,중리3길,주도로,226,4
부산광역시,금정구,대로,중앙대로,주도로,25900,35
부산광역시,금정구,길,중앙대로1531번길,주도로,152,8
부산광역시,금정구,길,중앙대로1541번길,주도로,167,3
부산광역시,금정구,길,중앙대로1545번길,주도로,160,3
부산광역시,금정구,길,중앙대로1629번길,주도로,151,10
부산광역시,금정구,길,중앙대로1660번길,주도로,152,10
부산광역시,금정구,길,중앙대로1667번길,주도로,164,15
부산광역시,금정구,길,중앙대로1685번길,주도로,197,10
부산광역시,금정구,길,중앙대로1706번길,주도로,358,8
부산광역시,금정구,길,중앙대로1719번길,주도로,341,10
부산광역시,금정구,길,중앙대로1720번길,주도로,151,8
부산광역시,금정구,길,중앙대로1742번길,주도로,237,8
부산광역시,금정구,길,중앙대로1763번길,주도로,232,10
부산광역시,금정구,길,중앙대로1766번길,주도로,225,8
부산광역시,금정구,길,중앙대로1778번길,주도로,375,10
부산광역시,금정구,길,중앙대로1793번길,주도로,395,13
부산광역시,금정구,길,중앙대로1805번길,주도로,248,4
부산광역시,금정구,길,중앙대로1826번길,주도로,337,8
부산광역시,금정구,길,중앙대로1841번길,주도로,671,20
부산광역시,금정구,길,중앙대로1841번안길,주도로,290,8
부산광역시,금정구,길,중앙대로1873번길,주도로,289,8
부산광역시,금정구,길,중앙대로1893번길,주도로,327,8
부산광역시,금정구,길,중앙대로1901번길,주도로,330,8
부산광역시,금정구,길,중앙대로1926번길,주도로,168,8
부산광역시,금정구,길,중앙대로1929번길,주도로,331,10
부산광역시,금정구,길,중앙대로1930번길,주도로,199,6
부산광역시,금정구,길,중앙대로1944번길,주도로,209,8
부산광역시,금정구,길,중앙대로1945번길,주도로,327,10
부산광역시,금정구,길,중앙대로1959번길,주도로,162,4
부산광역시,금정구,길,중앙대로1985번길,주도로,334,8
부산광역시,금정구,길,중앙대로1999번길,주도로,221,5
부산광역시,금정구,길,중앙대로2001번길,주도로,337,6
부산광역시,금정구,길,중앙대로2007번길,주도로,332,8
부산광역시,금정구,길,중앙대로2035번길,주도로,329,8
부산광역시,금정구,길,중앙대로2097번길,주도로,249,8
부산광역시,금정구,길,중앙대로2327번길,주도로,1220,10
부산광역시,금정구,길,중앙대로2327번안길,주도로,230,4
부산광역시,금정구,길,중앙대로2349번길,주도로,223,5
부산광역시,금정구,로,철마로,주도로,10880,10
부산광역시,금정구,로,청룡로,주도로,694,20
부산광역시,금정구,길,청룡로34번길,주도로,170,6
부산광역시,금정구,길,청룡로43번길,주도로,395,8
부산광역시,금정구,길,청룡로45번길,주도로,380,8
부산광역시,금정구,길,청룡로53번길,주도로,231,8
부산광역시,금정구,길,청룡로54번길,주도로,157,8
부산광역시,금정구,길,청룡로61번길,주도로,171,8
부산광역시,금정구,길,청룡로62번길,주도로,157,8
부산광역시,금정구,로,청룡예전로,주도로,1122,9
부산광역시,금정구,길,청룡예전로43번길,주도로,394,6
부산광역시,금정구,길,청룡예전로92번길,주도로,151,3
부산광역시,금정구,길,청룡예전로96번길,주도로,176,3
부산광역시,금정구,길,청룡예전로99번길,주도로,115,6
부산광역시,금정구,길,청룡예전로99번안길,주도로,104,6
부산광역시,금정구,로,체육공원로,주도로,7128,15
부산광역시,금정구,길,체육공원로101번길,주도로,264,4
부산광역시,금정구,길,체육공원로176번길,주도로,250,5
부산광역시,금정구,길,체육공원로19번길,주도로,373,8
부산광역시,금정구,길,체육공원로298번길,주도로,232,3
부산광역시,금정구,길,체육공원로29번길,주도로,295,8
부산광역시,금정구,길,체육공원로399번길,주도로,1645,8
부산광역시,금정구,길,체육공원로447번길,주도로,1249,6
부산광역시,금정구,길,체육공원로44번길,주도로,284,10
부산광역시,금정구,길,체육공원로537번길,주도로,403,3
부산광역시,금정구,길,체육공원로637번길,주도로,139,3
부산광역시,금정구,길,체육공원로673번길,주도로,270,4
부산광역시,금정구,로,팔송로,주도로,688,8
부산광역시,금정구,길,팔송로12번길,주도로,161,7
부산광역시,금정구,길,팔송로18번길,주도로,288,8
부산광역시,금정구,길,팔송로23번길,주도로,132,8
부산광역시,금정구,길,팔송로24번길,주도로,298,8
부산광역시,금정구,길,팔송로39번길,주도로,561,8
부산광역시,금정구,길,팔송로45번길,주도로,562,8
부산광역시,금정구,길,팔송로53번길,주도로,558,8
부산광역시,금정구,길,팔송로59번길,주도로,404,8
부산광역시,금정구,길,팔송로7번길,주도로,488,8
부산광역시,금정구,길,하마1길,주도로,302,3
부산광역시,금정구,길,하마2길,주도로,308,3
부산광역시,금정구,로,하정로,주도로,1380,10
부산광역시,금정구,길,하정로10번길,주도로,276,3
부산광역시,금정구,길,하정로30번길,주도로,528,4
부산광역시,금정구,길,하정로50번길,주도로,144,3
부산광역시,금정구,로,학산로,주도로,286,8
부산광역시,금정구,길,학산로13번길,주도로,246,8
부산광역시,금정구,길,학산로21번길,주도로,169,8
부산광역시,금정구,길,학산로7번길,주도로,171,8
부산광역시,금정구,로,회천로,주도로,546,8
부산광역시,금정구,길,회천로13번길,주도로,489,8
부산광역시,금정구,길,회천로14번길,주도로,249,8
부산광역시,금정구,길,회천로14번안길,주도로,143,8
부산광역시,금정구,길,회천로19번길,주도로,164,8
부산광역시,금정구,길,회천로25번길,주도로,163,8
부산광역시,금정구,길,회천로26번길,주도로,181,8
부산광역시,금정구,길,회천로32번길,주도로,179,8
부산광역시,금정구,길,회천로5번길,주도로,472,8
부산광역시,강서구,로,가달1로,주도로,832.927,18.943
부산광역시,강서구,로,가달2로,주도로,713.293,20.509
부산광역시,강서구,길,가달2로16번길,주도로,431.386,8.941
부산광역시,강서구,로,가달2로55번길,주도로,739.283,15.06
부산광역시,강서구,로,가덕해안로,주도로,568.068,13
부산광역시,강서구,길,가덕해안로1169번길,주도로,548,8
부산광역시,강서구,길,가덕해안로1207번길,주도로,215,3
부산광역시,강서구,길,가덕해안로1208번가길,주도로,289,2
부산광역시,강서구,길,가덕해안로1208번길,주도로,243,3
부산광역시,강서구,길,가덕해안로1212번길,주도로,236,4
부산광역시,강서구,길,가덕해안로1325번길,주도로,187,3
부산광역시,강서구,길,가덕해안로2번가길,주도로,702,2
부산광역시,강서구,길,가덕해안로2번길,주도로,3285,5
부산광역시,강서구,길,가덕해안로2번나길,주도로,812,2
부산광역시,강서구,길,가덕해안로315번길,주도로,103,2
부산광역시,강서구,길,가덕해안로321번길,주도로,270,2
부산광역시,강서구,길,가덕해안로665번길,주도로,354,2
부산광역시,강서구,길,가덕해안로669번길,주도로,123,2
부산광역시,강서구,길,가덕해안로751번길,주도로,633.165,2
부산광역시,강서구,길,가덕해안로773번길,주도로,1249,2
부산광역시,강서구,길,가덕해안로821번길,주도로,792,2
부산광역시,강서구,대로,가락대로,주도로,14807,40
부산광역시,강서구,길,가락대로1087번길,주도로,974,4
부산광역시,강서구,길,가락대로1182번길,주도로,826,2
부산광역시,강서구,길,가락대로1191번가길,주도로,396,3
부산광역시,강서구,길,가락대로1191번길,주도로,1405,3
부산광역시,강서구,길,가락대로1243번길,주도로,1925,11.417
부산광역시,강서구,길,가락대로1265번길,주도로,734,2
부산광역시,강서구,길,가락대로1283번길,주도로,714,2
부산광역시,강서구,길,가락대로1303번길,주도로,671,2
부산광역시,강서구,길,가락대로1397번길,주도로,1690,7
부산광역시,강서구,길,가락대로1433번가길,주도로,341,2
부산광역시,강서구,길,가락대로1433번길,주도로,262,3
부산광역시,강서구,길,가락대로1433번나길,주도로,139,2
부산광역시,강서구,길,가락대로1449번길,주도로,166,2
부산광역시,강서구,길,가락대로1481번길,주도로,201,2
부산광역시,강서구,길,가락대로210번길,주도로,635,8
부산광역시,강서구,길,가락대로373번가길,주도로,179,2
부산광역시,강서구,길,가락대로373번길,주도로,1016,3
부산광역시,강서구,길,가락대로373번나길,주도로,216,4
부산광역시,강서구,길,가락대로900번가길,주도로,319,8
부산광역시,강서구,로,가락대로900번길,주도로,571,12
부산광역시,강서구,로,가락대로900번나길,주도로,326,12
부산광역시,강서구,로,가락대로912번길,주도로,214,12
부산광역시,강서구,길,가락대로961번길,주도로,550,5
부산광역시,강서구,로,가리새1로,주도로,503.313,21.078
부산광역시,강서구,로,가리새1로17번길,주도로,262.154,12.091
부산광역시,강서구,로,가리새1로25번길,주도로,481.239,12.217
부산광역시,강서구,로,가리새2로,주도로,610.787,21.15
부산광역시,강서구,로,가리새2로13번길,주도로,451.704,18.266
부산광역시,강서구,로,가리새3로,주도로,765.27,12.378
부산광역시,강서구,길,강동신덕1길,주도로,775,2
부산광역시,강서구,길,강동신덕2길,주도로,864,2
부산광역시,강서구,길,강동신덕3길,주도로,460,2
부산광역시,강서구,길,강동중곡1길,주도로,648,2
부산광역시,강서구,길,강동중곡2길,주도로,2260,2
부산광역시,강서구,길,강동중곡3길,주도로,397,2
부산광역시,강서구,대로,거가대로,주도로,32924,20
부산광역시,강서구,길,경등중앙길,주도로,1524,6.465
부산광역시,강서구,로,경전철로,주도로,4088,12
부산광역시,강서구,길,경전철로188번길,주도로,804,7
부산광역시,강서구,길,경전철로24번길,주도로,430,6
부산광역시,강서구,길,경전철로25번길,주도로,1587,9
부산광역시,강서구,길,경전철로31번길,주도로,256,9
부산광역시,강서구,길,경전철로39번가길,주도로,382,5
부산광역시,강서구,길,경전철로39번길,주도로,408,6
부산광역시,강서구,길,경전철로39번나길,주도로,513,5
부산광역시,강서구,길,공작길,주도로,1617,2
부산광역시,강서구,로,공항로,주도로,15305,36.12
부산광역시,강서구,길,공항로1181번길,주도로,226,3
부산광역시,강서구,길,공항로1207번길,주도로,262,4
부산광역시,강서구,길,공항로1281번길,주도로,250,3
부산광역시,강서구,길,공항로1309번가길,주도로,302,4
부산광역시,강서구,길,공항로1309번길,주도로,1075,2
부산광역시,강서구,길,공항로1347번길,주도로,578,2
부산광역시,강서구,길,공항로1409번길,주도로,428,2
부산광역시,강서구,길,공항로153번길,주도로,492,5
부산광역시,강서구,길,공항로15번길,주도로,334,12
부산광역시,강서구,길,공항로239번길,주도로,867,2
부산광역시,강서구,길,공항로265번길,주도로,244,6
부산광역시,강서구,길,공항로283번길,주도로,235,5
부산광역시,강서구,길,공항로301번가길,주도로,350,3
부산광역시,강서구,길,공항로301번길,주도로,347,3
부산광역시,강서구,길,공항로339번길,주도로,1404,3
부산광역시,강서구,길,공항로361번가길,주도로,435,3
부산광역시,강서구,길,공항로361번길,주도로,175,3
부산광역시,강서구,길,공항로383번길,주도로,843,3
부산광역시,강서구,길,공항로393번가길,주도로,825,4
부산광역시,강서구,길,공항로393번길,주도로,162,8.064
부산광역시,강서구,길,공항로447번길,주도로,298,4
부산광역시,강서구,길,공항로533번가길,주도로,666,6
부산광역시,강서구,길,공항로533번길,주도로,2604,3
부산광역시,강서구,길,공항로533번나길,주도로,564,4
부산광역시,강서구,길,공항로539번길,주도로,346,3
부산광역시,강서구,길,공항로569번길,주도로,1833,4
부산광역시,강서구,길,공항로743번길,주도로,544,3
부산광역시,강서구,길,공항로767번가길,주도로,230,6
부산광역시,강서구,길,공항로767번길,주도로,624,3
부산광역시,강서구,길,공항로767번나길,주도로,241,5
부산광역시,강서구,길,공항로767번다길,주도로,228,6
부산광역시,강서구,길,공항로791번길,주도로,429,6
부산광역시,강서구,길,공항로811번가길,주도로,305,14.304
부산광역시,강서구,길,공항로811번길,주도로,459,3
부산광역시,강서구,길,공항로811번나길,주도로,701,5
부산광역시,강서구,길,공항로811번다길,주도로,495,2
부산광역시,강서구,길,공항로87번길,주도로,816,2
부산광역시,강서구,길,공항로919번길,주도로,530,6
부산광역시,강서구,길,공항앞길,주도로,1361,10
부산광역시,강서구,길,공항앞길13번길,주도로,316,6
부산광역시,강서구,길,공항앞길163번길,주도로,552,3
부산광역시,강서구,길,공항앞길177번길,주도로,195,8
부산광역시,강서구,길,공항앞길187번길,주도로,196,8
부산광역시,강서구,길,공항앞길221번길,주도로,286.85,12
부산광역시,강서구,길,공항앞길33번길,주도로,504,4
부산광역시,강서구,길,공항앞길51번길,주도로,291,4
부산광역시,강서구,길,공항앞길85번길,주도로,722,2
부산광역시,강서구,로,공항진입로,주도로,2569,30
부산광역시,강서구,길,공항진입로12번길,주도로,585,5
부산광역시,강서구,로,공항진입로42번길,주도로,549,15
부산광역시,강서구,로,과학산단1로,주도로,1707,20
부산광역시,강서구,길,과학산단1로103번길,주도로,699,12
부산광역시,강서구,로,과학산단1로60번길,주도로,309,12
부산광역시,강서구,로,과학산단2로,주도로,400,20
부산광역시,강서구,길,과학산단2로10번길,주도로,396,10
부산광역시,강서구,로,과학산단2로19번길,주도로,2024,15
부산광역시,강서구,로,과학산단2로20번길,주도로,988,20
부산광역시,강서구,로,과학산단2로3번길,주도로,1790,12
부산광역시,강서구,길,과학산단2로42번길,주도로,544.92,10.163
부산광역시,강서구,길,과학산단2로43번길,주도로,600.93,10.135
부산광역시,강서구,로,과학산단로,주도로,5471,35
부산광역시,강서구,길,과학산단로203번길,주도로,738,6
부산광역시,강서구,로,과학산단로305번길,주도로,607,15
부산광역시,강서구,로,과학산단로306번길,주도로,762,12
부산광역시,강서구,로,과학산단로333번길,주도로,1146,15
부산광역시,강서구,길,과학산단로334번가길,주도로,289,8
부산광역시,강서구,로,과학산단로334번길,주도로,195,15
부산광역시,강서구,길,과학산단로334번나길,주도로,315,8
부산광역시,강서구,길,과학산단로334번다길,주도로,316,8
부산광역시,강서구,로,과학산단로369번길,주도로,365,15
부산광역시,강서구,길,군라1길,주도로,453,3
부산광역시,강서구,길,군라2길,주도로,3877,2
부산광역시,강서구,길,금호순서길,주도로,1396,3
부산광역시,강서구,길,금호순서길281번길,주도로,353,4
부산광역시,강서구,길,금호순서길282번가길,주도로,1011,4
부산광역시,강서구,길,금호순서길282번길,주도로,580,4
부산광역시,강서구,길,금호순서길282번나길,주도로,1049,4
부산광역시,강서구,길,금호순서길7번길,주도로,625,3
부산광역시,강서구,길,금호순서길89번가길,주도로,484,2
부산광역시,강서구,길,금호순서길89번길,주도로,429,2
부산광역시,강서구,로,금호지하도로,주도로,727.352,12
부산광역시,강서구,로,금호지하도로,주도로,751.813,13
부산광역시,강서구,로,낙동남로,주도로,14200,30
부산광역시,강서구,길,낙동남로1013번가길,주도로,380,3
부산광역시,강서구,길,낙동남로1013번길,주도로,861,5.598
부산광역시,강서구,길,낙동남로1051번길,주도로,539,3
부산광역시,강서구,길,낙동남로456번길,주도로,924,2
부산광역시,강서구,길,낙동남로483번가길,주도로,290,2
부산광역시,강서구,길,낙동남로483번길,주도로,596,4
부산광역시,강서구,로,낙동남로511번길,주도로,677.595,15.299
부산광역시,강서구,로,낙동남로533번길,주도로,1021.925,16.283
부산광역시,강서구,로,낙동남로549번길,주도로,341.31,15.027
부산광역시,강서구,로,낙동남로582번가길,주도로,250,12
부산광역시,강서구,길,낙동남로582번길,주도로,503,8
부산광역시,강서구,길,낙동남로583번길,주도로,520,4
부산광역시,강서구,로,낙동남로588번길,주도로,201,10
부산광역시,강서구,길,낙동남로601번길,주도로,279,2
부산광역시,강서구,길,낙동남로604번길,주도로,387,3
부산광역시,강서구,길,낙동남로605번길,주도로,350,4
부산광역시,강서구,길,낙동남로622번길,주도로,425,4
부산광역시,강서구,길,낙동남로644번길,주도로,401,4
부산광역시,강서구,길,낙동남로666번길,주도로,359,5
부산광역시,강서구,길,낙동남로682번가길,주도로,320,3
부산광역시,강서구,길,낙동남로682번길,주도로,1621,3
부산광역시,강서구,길,낙동남로683번길,주도로,428,2
부산광역시,강서구,길,낙동남로991번길,주도로,1004,2
부산광역시,강서구,로,낙동북로,주도로,6500,35
부산광역시,강서구,길,낙동북로102번가길,주도로,203,2
부산광역시,강서구,길,낙동북로102번길,주도로,433,2
부산광역시,강서구,길,낙동북로108번길,주도로,433,3
부산광역시,강서구,길,낙동북로125번길,주도로,789,2
부산광역시,강서구,길,낙동북로126번길,주도로,575,6
부산광역시,강서구,길,낙동북로135번길,주도로,375,2
부산광역시,강서구,길,낙동북로138번길,주도로,787,4
부산광역시,강서구,길,낙동북로13번길,주도로,790,3
부산광역시,강서구,길,낙동북로153번길,주도로,712,3
부산광역시,강서구,길,낙동북로161번길,주도로,775,2
부산광역시,강서구,길,낙동북로162번길,주도로,332,4
부산광역시,강서구,길,낙동북로166번길,주도로,202,2
부산광역시,강서구,길,낙동북로187번길,주도로,131,4
부산광역시,강서구,길,낙동북로188번길,주도로,286,5
부산광역시,강서구,길,낙동북로194번길,주도로,264,4
부산광역시,강서구,길,낙동북로212번길,주도로,233,3
부산광역시,강서구,길,낙동북로219번길,주도로,237,4
부산광역시,강서구,길,낙동북로21번길,주도로,360,3
부산광역시,강서구,길,낙동북로31번길,주도로,245,2
부산광역시,강서구,길,낙동북로43번길,주도로,283,2
부산광역시,강서구,길,낙동북로60번길,주도로,320,2
부산광역시,강서구,길,낙동북로63번길,주도로,376,4
부산광역시,강서구,길,낙동북로73번가길,주도로,1560,3
부산광역시,강서구,길,낙동북로73번길,주도로,710,2
부산광역시,강서구,길,낙동북로76번길,주도로,258,3
부산광역시,강서구,고속도로,남해2지선고속도로,주도로,20600,30
부산광역시,강서구,고속도로,남해고속도로,주도로,274900,30
부산광역시,강서구,대로,남해안대로,주도로,95766,20
부산광역시,강서구,로,녹산산단153로,주도로,1000,15
부산광역시,강서구,로,녹산산단165로,주도로,1001,15
부산광역시,강서구,로,녹산산단165로14번길,주도로,354,15
부산광역시,강서구,로,녹산산단178로,주도로,647,15
부산광역시,강서구,로,녹산산단17로,주도로,1637,15
부산광역시,강서구,로,녹산산단17로14번길,주도로,501,15
부산광역시,강서구,로,녹산산단17로78번길,주도로,430,15
부산광역시,강서구,로,녹산산단231로,주도로,1000,20
부산광역시,강서구,로,녹산산단232로,주도로,500,20
부산광역시,강서구,로,녹산산단261로,주도로,1000,25
부산광역시,강서구,로,녹산산단261로13번길,주도로,600,15
부산광역시,강서구,로,녹산산단261로14번길,주도로,600,15
부산광역시,강서구,로,녹산산단261로23번길,주도로,300,15
부산광역시,강서구,로,녹산산단261로31번길,주도로,300,15
부산광역시,강서구,로,녹산산단261로39번길,주도로,300,15
부산광역시,강서구,로,녹산산단261로40번길,주도로,600,15
부산광역시,강서구,로,녹산산단261로59번길,주도로,475,15
부산광역시,강서구,로,녹산산단261로60번길,주도로,483,15
부산광역시,강서구,로,녹산산단261로73번길,주도로,600,20
부산광역시,강서구,로,녹산산단261로74번길,주도로,600,20
부산광역시,강서구,로,녹산산단261로87번길,주도로,299,15
부산광역시,강서구,로,녹산산단261로88번길,주도로,290,15
부산광역시,강서구,로,녹산산단262로,주도로,596,25
부산광역시,강서구,로,녹산산단262로13번길,주도로,601,15
부산광역시,강서구,로,녹산산단262로14번길,주도로,601,15
부산광역시,강서구,로,녹산산단262로49번길,주도로,599,15
부산광역시,강서구,로,녹산산단262로50번길,주도로,578,15
부산광역시,강서구,로,녹산산단262로59번길,주도로,600,10
부산광역시,강서구,로,녹산산단262로60번길,주도로,584,10
부산광역시,강서구,로,녹산산단27로,주도로,1558,20
부산광역시,강서구,로,녹산산단289로,주도로,1001,20
부산광역시,강서구,로,녹산산단290로,주도로,500,20
부산광역시,강서구,로,녹산산단321로,주도로,1003,30
부산광역시,강서구,로,녹산산단322로,주도로,604,30
부산광역시,강서구,로,녹산산단335로,주도로,503,15
부산광역시,강서구,로,녹산산단361로,주도로,499,15
부산광역시,강서구,로,녹산산단362로,주도로,502,20
부산광역시,강서구,로,녹산산단381로,주도로,998,25
부산광역시,강서구,로,녹산산단381로12번길,주도로,927,15
부산광역시,강서구,로,녹산산단381로40번길,주도로,897,15
부산광역시,강서구,로,녹산산단381로86번길,주도로,600,15
부산광역시,강서구,로,녹산산단382로,주도로,608,25
부산광역시,강서구,로,녹산산단382로14번가길,주도로,368,15
부산광역시,강서구,로,녹산산단382로14번길,주도로,601,15
부산광역시,강서구,로,녹산산단382로49번길,주도로,599,15
부산광역시,강서구,로,녹산산단382로50번길,주도로,600,15
부산광역시,강서구,로,녹산산단382로59번길,주도로,600,10
부산광역시,강서구,로,녹산산단382로60번길,주도로,599,10
부산광역시,강서구,로,녹산산단407로,주도로,999,20
부산광역시,강서구,로,녹산산단408로,주도로,502,20
부산광역시,강서구,로,녹산산단442로,주도로,605,30
부산광역시,강서구,로,녹산산단46로,주도로,1137,10
부산광역시,강서구,로,녹산산단484로,주도로,900,10
부산광역시,강서구,로,녹산산단77로,주도로,594,15
부산광역시,강서구,로,녹산산단77로22번길,주도로,542,15
부산광역시,강서구,대로,녹산산업대로,주도로,4836,40.078
부산광역시,강서구,로,녹산산업북로,주도로,2853,20
부산광역시,강서구,로,녹산산업북로193번길,주도로,416,15
부산광역시,강서구,길,녹산산업북로221번가길,주도로,306,6
부산광역시,강서구,로,녹산산업북로221번길,주도로,434,15
부산광역시,강서구,로,녹산산업북로313번길,주도로,1017,15
부산광역시,강서구,로,녹산산업중로,주도로,4929,25
부산광역시,강서구,로,녹산산업중로167번길,주도로,501,15
부산광역시,강서구,로,녹산산업중로168번길,주도로,376,15
부산광역시,강서구,로,녹산산업중로192번길,주도로,376,15
부산광역시,강서구,로,녹산산업중로61번길,주도로,498,15
부산광역시,강서구,로,녹산화전로,주도로,2831,30
부산광역시,강서구,길,녹산화전로117번길,주도로,720,3
부산광역시,강서구,로,대상지하도로,주도로,613.879,8.291
부산광역시,강서구,로,대상지하도로,주도로,566.785,8.291
부산광역시,강서구,로,대저동서로,주도로,2523,12
부산광역시,강서구,길,대저동서로211번길,주도로,808,4
부산광역시,강서구,길,대저동서로212번길,주도로,287,4
부산광역시,강서구,길,대저동서로21번길,주도로,696,4
부산광역시,강서구,길,대저동서로222번길,주도로,194,8
부산광역시,강서구,길,대저동서로229번가길,주도로,388,3
부산광역시,강서구,길,대저동서로229번길,주도로,845,5
부산광역시,강서구,길,대저동서로249번길,주도로,341,4
부산광역시,강서구,길,대저동서로41번길,주도로,1007,5
부산광역시,강서구,길,대저동서로61번길,주도로,1463,4
부산광역시,강서구,길,대저동서로79번길,주도로,1420,2
부산광역시,강서구,길,대저들길,주도로,2319,3
부산광역시,강서구,길,대저들길17번가길,주도로,1796,3
부산광역시,강서구,길,대저들길17번길,주도로,1684,2
부산광역시,강서구,로,대저로,주도로,3043,18
부산광역시,강서구,길,대저로109번길,주도로,410,2
부산광역시,강서구,길,대저로135번길,주도로,283,4
부산광역시,강서구,길,대저로141번길,주도로,307,2
부산광역시,강서구,길,대저로155번가길,주도로,247,2
부산광역시,강서구,길,대저로155번길,주도로,618,4
부산광역시,강서구,길,대저로171번가길,주도로,369,2
부산광역시,강서구,길,대저로171번길,주도로,1153,3
부산광역시,강서구,길,대저로171번나길,주도로,367,3
부산광역시,강서구,길,대저로197번길,주도로,337,5
부산광역시,강서구,길,대저로221번가길,주도로,351,6
부산광역시,강서구,길,대저로221번길,주도로,697,3
부산광역시,강서구,길,대저로221번나길,주도로,612,2
부산광역시,강서구,길,대저로221번다길,주도로,243,2
부산광역시,강서구,길,대저로235번길,주도로,774,2
부산광역시,강서구,길,대저로255번길,주도로,166,5.82
부산광역시,강서구,길,대저로273번길,주도로,287,3
부산광역시,강서구,길,대저로274번길,주도로,306,7
부산광역시,강서구,길,대저로277번길,주도로,182,3
부산광역시,강서구,길,대저로299번길,주도로,482,2
부산광역시,강서구,길,대저로29번길,주도로,398,4
부산광역시,강서구,길,대저로3번길,주도로,988,2
부산광역시,강서구,길,대저로49번길,주도로,409,2
부산광역시,강서구,길,대저로63번길,주도로,439,4
부산광역시,강서구,길,대저로89번가길,주도로,659,2
부산광역시,강서구,길,대저로89번길,주도로,477,2
부산광역시,강서구,길,대저로89번나길,주도로,52,3
부산광역시,강서구,길,대저로89번다길,주도로,639,4
부산광역시,강서구,로,대저중앙로,주도로,4040,12
부산광역시,강서구,길,대저중앙로113번길,주도로,446,2
부산광역시,강서구,길,대저중앙로147번길,주도로,460,2
부산광역시,강서구,길,대저중앙로172번길,주도로,407,2
부산광역시,강서구,길,대저중앙로177번길,주도로,498,3
부산광역시,강서구,길,대저중앙로215번가길,주도로,525,2
부산광역시,강서구,길,대저중앙로215번길,주도로,333,3
부산광역시,강서구,길,대저중앙로233번길,주도로,383,2
부산광역시,강서구,길,대저중앙로237번길,주도로,411,3
부산광역시,강서구,길,대저중앙로263번길,주도로,433,2
부산광역시,강서구,길,대저중앙로277번길,주도로,426,3
부산광역시,강서구,길,대저중앙로285번길,주도로,854,2
부산광역시,강서구,길,대저중앙로286번길,주도로,762,3
부산광역시,강서구,길,대저중앙로29번길,주도로,297,5
부산광역시,강서구,길,대저중앙로309번길,주도로,509,2
부산광역시,강서구,길,대저중앙로347번가길,주도로,488,4
부산광역시,강서구,길,대저중앙로347번길,주도로,581,2
부산광역시,강서구,길,대저중앙로348번길,주도로,616,2
부산광역시,강서구,길,대저중앙로357번길,주도로,609,2
부산광역시,강서구,길,대저중앙로375번길,주도로,363,2
부산광역시,강서구,길,대저중앙로393번길,주도로,747,2
부산광역시,강서구,길,대저중앙로394번가길,주도로,740,2
부산광역시,강서구,길,대저중앙로394번길,주도로,813,2
부산광역시,강서구,길,대저중앙로51번길,주도로,321,2
부산광역시,강서구,길,대저중앙로71번가길,주도로,281,2
부산광역시,강서구,길,대저중앙로71번길,주도로,1689,2
부산광역시,강서구,길,대저중앙로71번나길,주도로,225,3
부산광역시,강서구,길,덕포길,주도로,2355,2
부산광역시,강서구,로,델타1로,주도로,707,25
부산광역시,강서구,길,델타1로20번길,주도로,634,18
부산광역시,강서구,길,델타1로5번길,주도로,272,18
부산광역시,강서구,로,델타2로,주도로,957,18
부산광역시,강서구,로,델타3로,주도로,1434,22
부산광역시,강서구,로,델타4로,주도로,316,15
부산광역시,강서구,길,델타4로12번길,주도로,210,15
부산광역시,강서구,로,델타5로,주도로,940,22
부산광역시,강서구,대로,델타대로,주도로,1650,45
부산광역시,강서구,길,도도본리길,주도로,878,2
부산광역시,강서구,대로,동서대로,주도로,16469,21
부산광역시,강서구,길,동선1길,주도로,712.087,8
부산광역시,강서구,길,동선2길,주도로,446,2
부산광역시,강서구,길,동선3길,주도로,246,3
부산광역시,강서구,길,동선3안길,주도로,305,3
부산광역시,강서구,길,동선길,주도로,2235.23,2
부산광역시,강서구,길,동선새바지길,주도로,3279,3
부산광역시,강서구,길,둔치강변길,주도로,6688,4
부산광역시,강서구,길,둔치동서길,주도로,1248,2
부산광역시,강서구,길,둔치본리길,주도로,521,2
부산광역시,강서구,길,둔치중앙길,주도로,1342,2
부산광역시,강서구,길,득천1길,주도로,1143,2
부산광역시,강서구,길,득천2길,주도로,114,2
부산광역시,강서구,대로,르노삼성대로,주도로,7170,45.005
부산광역시,강서구,길,마음길,주도로,169,2
부산광역시,강서구,길,맥도강변길,주도로,4840,2
부산광역시,강서구,길,맥도강변길171번길,주도로,301,2
부산광역시,강서구,길,맥도강변길835번길,주도로,257,2
부산광역시,강서구,길,맥도강변길90번길,주도로,407,3
부산광역시,강서구,길,맥도길,주도로,3166,2
부산광역시,강서구,길,맥도길117번길,주도로,204,3
부산광역시,강서구,길,맥도길205번길,주도로,845,3
부산광역시,강서구,길,맥도길243번길,주도로,908,2
부산광역시,강서구,길,맥도길265번길,주도로,1080,3
부산광역시,강서구,길,맥도길319번길,주도로,906,2
부산광역시,강서구,길,맥도길355번길,주도로,817,2
부산광역시,강서구,길,맥도길376번길,주도로,534,2
부산광역시,강서구,길,맥도길377번길,주도로,856,3
부산광역시,강서구,길,맥도길415번길,주도로,768,2
부산광역시,강서구,길,맥도길453번길,주도로,730,3
부산광역시,강서구,길,맥도길473번길,주도로,694,2
부산광역시,강서구,길,맥도길474번길,주도로,531,2
부산광역시,강서구,길,맥도길509번길,주도로,624,2
부산광역시,강서구,길,맥도길545번길,주도로,544,2
부산광역시,강서구,길,맥도길585번길,주도로,372,3
부산광역시,강서구,길,맥도길81번길,주도로,428,2
부산광역시,강서구,길,맥도길83번길,주도로,325,2
부산광역시,강서구,길,명동길,주도로,1899,2
부산광역시,강서구,로,명지국제10로,주도로,717.876,27.771
부산광역시,강서구,로,명지국제11로,주도로,924.42,36.758
부산광역시,강서구,로,명지국제11로71번길,주도로,166.501,13.074
부산광역시,강서구,로,명지국제12로,주도로,763.676,13.055
부산광역시,강서구,길,명지국제12로11번길,주도로,223.134,10.14
부산광역시,강서구,길,명지국제12로19번길,주도로,225.731,10.226
부산광역시,강서구,길,명지국제12로29번길,주도로,121.347,10.038
부산광역시,강서구,길,명지국제12로47번길,주도로,245.303,9.799
부산광역시,강서구,로,명지국제13로,주도로,489.753,24.691
부산광역시,강서구,로,명지국제13로38번길,주도로,207.884,12.74
부산광역시,강서구,길,명지국제13로가길,주도로,186,10
부산광역시,강서구,길,명지국제13로나길,주도로,158,10
부산광역시,강서구,길,명지국제13로다길,주도로,142,10
부산광역시,강서구,로,명지국제1로,주도로,3188.256,35.015
부산광역시,강서구,로,명지국제2로,주도로,860.908,24.222
부산광역시,강서구,로,명지국제2로28번길,주도로,390.057,17.796
부산광역시,강서구,로,명지국제3로,주도로,1076.612,36.889
부산광역시,강서구,로,명지국제4로,주도로,2330.278,36.981
부산광역시,강서구,로,명지국제4로208번길,주도로,296.467,12.118
부산광역시,강서구,길,명지국제4로가길,주도로,495,10
부산광역시,강서구,길,명지국제4로나길,주도로,205,10
부산광역시,강서구,로,명지국제5로,주도로,1809,18.463
부산광역시,강서구,로,명지국제5로136번길,주도로,315.003,15.061
부산광역시,강서구,길,명지국제5로148번길,주도로,515.35,10.855
부산광역시,강서구,로,명지국제6로,주도로,2458.443,28.324
부산광역시,강서구,길,명지국제6로1번가길,주도로,270.699,9.552
부산광역시,강서구,로,명지국제6로1번길,주도로,782.819,12.99
부산광역시,강서구,로,명지국제6로220번길,주도로,405.856,12.697
부산광역시,강서구,로,명지국제6로232번길,주도로,181.331,12.641
부산광역시,강서구,로,명지국제6로242번길,주도로,185.694,15.872
부산광역시,강서구,로,명지국제6로302번길,주도로,241.954,12.091
부산광역시,강서구,로,명지국제6로318번길,주도로,883.368,12.547
부산광역시,강서구,로,명지국제6로34번길,주도로,424.174,14.987
부산광역시,강서구,로,명지국제7로,주도로,1878.871,21.62
부산광역시,강서구,로,명지국제8로,주도로,3099.053,35.766
부산광역시,강서구,로,명지국제8로10번길,주도로,541.282,15.438
부산광역시,강서구,로,명지국제9로,주도로,690.863,15.468
부산광역시,강서구,대로,명지동진지하도로,주도로,724.143,7.897
부산광역시,강서구,대로,명지동진지하도로,주도로,725.224,8.499
부산광역시,강서구,길,명지새동네길,주도로,142,8
부산광역시,강서구,길,명지새동네길13번길,주도로,195,8
부산광역시,강서구,길,명지새동네길14번길,주도로,185,8
부산광역시,강서구,길,명지새동네길19번길,주도로,195,4
부산광역시,강서구,길,명지새동네길1번길,주도로,461,12
부산광역시,강서구,길,명지새동네길20번길,주도로,185,4
부산광역시,강서구,길,명지새동네길2번길,주도로,466,12
부산광역시,강서구,길,명지새동네길7번길,주도로,116,4
부산광역시,강서구,길,명지새동네길8번길,주도로,160,4
부산광역시,강서구,로,명지오션시티10로,주도로,1437,15
부산광역시,강서구,로,명지오션시티11로,주도로,1411,20
부산광역시,강서구,로,명지오션시티12로,주도로,1412,15
부산광역시,강서구,로,명지오션시티13로,주도로,420,20
부산광역시,강서구,로,명지오션시티1로,주도로,3399,25
부산광역시,강서구,로,명지오션시티2로,주도로,1047,20
부산광역시,강서구,로,명지오션시티3로,주도로,522,15
부산광역시,강서구,로,명지오션시티4로,주도로,1035,30
부산광역시,강서구,로,명지오션시티5로,주도로,523,15
부산광역시,강서구,로,명지오션시티6로,주도로,751,20
부산광역시,강서구,로,명지오션시티7로,주도로,609,10
부산광역시,강서구,로,명지오션시티8로,주도로,448,8
부산광역시,강서구,길,명지오션시티8로12번길,주도로,92,8
부산광역시,강서구,길,명지오션시티8로16번길,주도로,181,8
부산광역시,강서구,길,명지오션시티8로22번길,주도로,169,8
부산광역시,강서구,길,명지오션시티8로30번길,주도로,152,8
부산광역시,강서구,길,명지오션시티8로34번길,주도로,149,8
부산광역시,강서구,길,명지오션시티8로42번길,주도로,149,8
부산광역시,강서구,길,명지오션시티8로6번길,주도로,189,8
부산광역시,강서구,로,명지오션시티9로,주도로,614,15
부산광역시,강서구,로,미음국제1로,주도로,1523,30
부산광역시,강서구,길,미음국제1로가길,주도로,186,15
부산광역시,강서구,로,미음국제2로,주도로,1232,15
부산광역시,강서구,길,미음국제2로가길,주도로,310,15
부산광역시,강서구,길,미음국제2로나길,주도로,578,15
부산광역시,강서구,로,미음국제3로,주도로,1303,21
부산광역시,강서구,로,미음국제4로,주도로,1026,15
부산광역시,강서구,로,미음국제5로,주도로,1700,21
부산광역시,강서구,길,미음국제5로가길,주도로,311,15
부산광역시,강서구,길,미음국제5로나길,주도로,533,15
부산광역시,강서구,길,미음국제5로다길,주도로,407,15
부산광역시,강서구,길,미음국제5로라길,주도로,464,15
부산광역시,강서구,길,미음국제5로마길,주도로,480,15
부산광역시,강서구,로,미음국제6로,주도로,1188,15
부산광역시,강서구,로,미음국제7로,주도로,951,15
부산광역시,강서구,길,미음국제7로가길,주도로,133,15
부산광역시,강서구,로,미음국제8로,주도로,1426,15
부산광역시,강서구,길,미음국제8로가길,주도로,322,15
부산광역시,강서구,로,미음국제9로,주도로,840,15
부산광역시,강서구,길,미음국제9로가길,주도로,188,12
부산광역시,강서구,로,미음산단1로,주도로,599.193,25
부산광역시,강서구,로,미음산단1로15번길,주도로,1175.024,20
부산광역시,강서구,로,미음산단1로16번길,주도로,917.041,20
부산광역시,강서구,로,미음산단2로,주도로,650.458,20
부산광역시,강서구,로,미음산단2로16번길,주도로,527.482,15
부산광역시,강서구,로,미음산단2로24번길,주도로,522.285,20
부산광역시,강서구,로,미음산단3로,주도로,1761.619,25
부산광역시,강서구,로,미음산단4로,주도로,2079,25
부산광역시,강서구,길,미음산단4로62번길,주도로,320.384,10
부산광역시,강서구,로,미음산단5로,주도로,866.798,25
부산광역시,강서구,로,미음산단5로12번길,주도로,161.264,20
부산광역시,강서구,로,미음산단5로41번길,주도로,816.858,20
부산광역시,강서구,로,미음산단5로42번길,주도로,605.39,12
부산광역시,강서구,로,미음산단5로60번길,주도로,169.882,12
부산광역시,강서구,로,미음산단6로,주도로,584.815,20
부산광역시,강서구,로,미음산단로,주도로,4340.903,35
부산광역시,강서구,로,미음산단로105번길,주도로,587.123,15
부산광역시,강서구,로,미음산단로127번길,주도로,255.304,12
부산광역시,강서구,길,미음산단로139번가길,주도로,373.26,10
부산광역시,강서구,로,미음산단로139번길,주도로,474.698,20
부산광역시,강서구,로,미음산단로199번길,주도로,1214.087,20
부산광역시,강서구,로,미음산단로295번길,주도로,184.08,20
부산광역시,강서구,로,미음산단로34번길,주도로,317.506,20
부산광역시,강서구,로,미음산단로377번길,주도로,186.702,20
부산광역시,강서구,로,미음산단로37번길,주도로,276.538,15
부산광역시,강서구,로,미음산단로403번길,주도로,192.28,20
부산광역시,강서구,길,미음산단로61번길,주도로,137.483,10
부산광역시,강서구,로,미음산단로76번길,주도로,442.532,20
부산광역시,강서구,로,미음산단로8번길,주도로,991.346,20
부산광역시,강서구,로,미음산단로92번길,주도로,404.062,20
부산광역시,강서구,로,범방1로,주도로,696.164,33.642
부산광역시,강서구,로,범방2로,주도로,1083.893,20.806
부산광역시,강서구,길,범방2로9번길,주도로,197.626,9.185
부산광역시,강서구,로,범방3로,주도로,1154.036,14.65
부산광역시,강서구,로,범방3로29번길,주도로,412.351,14.73
부산광역시,강서구,로,범방3로30번길,주도로,539.716,14.523
부산광역시,강서구,로,범방3로46번길,주도로,290.391,14.73
부산광역시,강서구,길,범방3로59번길,주도로,478.094,8.378
부산광역시,강서구,길,범방3로60번길,주도로,406.953,9.212
부산광역시,강서구,길,범방3로63번길,주도로,139.262,7.957
부산광역시,강서구,길,범방3로64번길,주도로,392.325,8.062
부산광역시,강서구,길,범방3로67번길,주도로,132.13,8.014
부산광역시,강서구,길,범방3로68번길,주도로,382.165,8.01
부산광역시,강서구,길,범방3로71번길,주도로,148.652,9.819
부산광역시,강서구,길,범방3로72번길,주도로,372.712,10.027
부산광역시,강서구,길,범방3로77번길,주도로,115.002,8.227
부산광역시,강서구,길,범방3로78번길,주도로,235.868,8.289
부산광역시,강서구,로,범방4로,주도로,1453.507,14.614
부산광역시,강서구,길,범방5로,주도로,866.134,12
부산광역시,강서구,길,봉림길,주도로,2193,4
부산광역시,강서구,길,봉림길126번길,주도로,390,3
부산광역시,강서구,길,봉림길203번가길,주도로,717,3
부산광역시,강서구,길,봉림길203번길,주도로,1220,2
부산광역시,강서구,길,봉림길233번길,주도로,452,4
부산광역시,강서구,길,봉림길234번길,주도로,372,5
부산광역시,강서구,길,봉림길277번길,주도로,547,2
부산광역시,강서구,길,봉림길278번길,주도로,359,2
부산광역시,강서구,길,봉림길324번길,주도로,363,3
부산광역시,강서구,길,봉림길93번길,주도로,1335,3
부산광역시,강서구,길,봉림길94번가길,주도로,439,8
부산광역시,강서구,길,봉림길94번길,주도로,485,4
부산광역시,강서구,로,봉림지하도로,주도로,624.826,13.192
부산광역시,강서구,로,봉림지하도로,주도로,575.623,13.192
부산광역시,강서구,길,봉죽길,주도로,2452,8
부산광역시,강서구,길,봉죽길151번길,주도로,1227,3
부산광역시,강서구,길,봉죽길193번길,주도로,1182,3
부산광역시,강서구,길,봉죽길235번길,주도로,1139,4
부산광역시,강서구,길,봉죽길238번길,주도로,965,8
부산광역시,강서구,길,봉죽길243번가길,주도로,738,3
부산광역시,강서구,길,봉죽길243번길,주도로,1282,3
부산광역시,강서구,길,봉죽길243번나길,주도로,686,3
부산광역시,강서구,길,봉죽길243번다길,주도로,857,3
부산광역시,강서구,길,봉죽길339번길,주도로,502,3
부산광역시,강서구,길,봉죽길340번길,주도로,336,2
부산광역시,강서구,길,봉죽길379번길,주도로,359,3
부산광역시,강서구,길,봉죽길386번길,주도로,1266,2
부산광역시,강서구,길,봉죽길443번길,주도로,768,4
부산광역시,강서구,길,봉죽길482번길,주도로,1855,5
부산광역시,강서구,길,봉죽길91번길,주도로,1126,5
부산광역시,강서구,길,빌리지길,주도로,228.824,6
부산광역시,강서구,로,사덕신장로,주도로,484.245,20
부산광역시,강서구,길,사취등1길,주도로,398,2
부산광역시,강서구,길,상납청길,주도로,1851,2
부산광역시,강서구,로,상덕로,주도로,1699,16
부산광역시,강서구,길,상덕로119번가길,주도로,405,3
부산광역시,강서구,길,상덕로119번길,주도로,1421,2
부산광역시,강서구,길,상덕로49번길,주도로,2228,3
부산광역시,강서구,길,상덕로97번가길,주도로,312,2
부산광역시,강서구,길,상덕로97번길,주도로,1232,3
부산광역시,강서구,길,상덕로97번나길,주도로,137,3
부산광역시,강서구,길,상덕로97번다길,주도로,231,2
부산광역시,강서구,길,상덕로97번라길,주도로,230,2
부산광역시,강서구,길,새진목길,주도로,475,4
부산광역시,강서구,길,새진목길11번길,주도로,954,3
부산광역시,강서구,길,새진목길18번길,주도로,250,6
부산광역시,강서구,길,새진목길26번길,주도로,274,6
부산광역시,강서구,길,생곡길,주도로,1012,10.425
부산광역시,강서구,길,생곡길10번길,주도로,226.275,6.065
부산광역시,강서구,길,생곡길26번길,주도로,187.396,5.995
부산광역시,강서구,로,생곡로,주도로,3920,30
부산광역시,강서구,로,생곡로189번길,주도로,268.827,16.617
부산광역시,강서구,로,생곡산단1로,주도로,746.508,14.91
부산광역시,강서구,로,생곡산단1로24번길,주도로,650.387,11.509
부산광역시,강서구,길,생곡산단1로5번길,주도로,200.916,11.558
부산광역시,강서구,로,생곡산단2로,주도로,546.914,15.017
부산광역시,강서구,로,생곡산단2로11번길,주도로,583.003,12.55
부산광역시,강서구,로,생곡산단로,주도로,897.715,20.034
부산광역시,강서구,로,생곡산단로39번길,주도로,242.05,15.121
부산광역시,강서구,길,생곡산단로52번길,주도로,311.283,10.011
부산광역시,강서구,로,생곡산단로55번길,주도로,92.301,15.365
부산광역시,강서구,길,생곡산단로61번가길,주도로,225.526,8.137
부산광역시,강서구,길,생곡산단로61번길,주도로,191.237,10.005
부산광역시,강서구,길,생곡산단로61번나길,주도로,145.722,8.511
부산광역시,강서구,길,생곡산단로61번다길,주도로,361.793,8.035
부산광역시,강서구,길,서낙동1길,주도로,1885.976,3
부산광역시,강서구,길,서낙동2길,주도로,1076.584,3
부산광역시,강서구,로,서낙동로,주도로,13950,25
부산광역시,강서구,로,서낙동로,주도로,13950,25
부산광역시,강서구,로,서천로,주도로,1068,11
부산광역시,강서구,길,서천로42번길,주도로,1770.098,2
부산광역시,강서구,길,선창1길,주도로,185,3
부산광역시,강서구,길,선창길,주도로,993.932,2
부산광역시,강서구,길,설만길,주도로,411,2
부산광역시,강서구,길,설만신평길,주도로,909,2
부산광역시,강서구,길,성북1길,주도로,372,3
부산광역시,강서구,길,성북2길,주도로,294,2
부산광역시,강서구,길,성북3길,주도로,286,2
부산광역시,강서구,로,성북로,주도로,361,11
부산광역시,강서구,길,세물10길,주도로,352.87,8
부산광역시,강서구,길,세물11길,주도로,403.82,8
부산광역시,강서구,길,세물1길,주도로,367.39,8
부산광역시,강서구,길,세물2길,주도로,376.84,8
부산광역시,강서구,길,세물3길,주도로,124.64,8
부산광역시,강서구,길,세물4길,주도로,329.4,8
부산광역시,강서구,길,세물5길,주도로,204,8
부산광역시,강서구,길,세물6길,주도로,204,8
부산광역시,강서구,길,세물7길,주도로,168.74,8
부산광역시,강서구,길,세물8길,주도로,158.76,8
부산광역시,강서구,길,세물9길,주도로,347.35,8
부산광역시,강서구,로,세물로,주도로,527.74,12
부산광역시,강서구,로,세물중심10로,주도로,301.98,15
부산광역시,강서구,로,세물중심1로,주도로,651.54,15
부산광역시,강서구,로,세물중심2로,주도로,414.51,15
부산광역시,강서구,로,세물중심3로,주도로,896.04,22
부산광역시,강서구,로,세물중심4로,주도로,269.77,15
부산광역시,강서구,로,세물중심5로,주도로,380.48,15
부산광역시,강서구,로,세물중심6로,주도로,512.16,15
부산광역시,강서구,로,세물중심7로,주도로,632.66,15
부산광역시,강서구,로,세물중심8로,주도로,298.73,15
부산광역시,강서구,로,세물중심9로,주도로,258.25,15
부산광역시,강서구,로,세물중심로,주도로,2352.19,17
부산광역시,강서구,대로,세산고가도로,주도로,787.354,9.122
부산광역시,강서구,대로,세산고가도로,주도로,765.72,9.122
부산광역시,강서구,길,송동길,주도로,2799,2
부산광역시,강서구,로,송정국제1로,주도로,2030,20
부산광역시,강서구,로,송정국제2로,주도로,1540,15
부산광역시,강서구,길,송정국제2로가길,주도로,460,15
부산광역시,강서구,길,송정길,주도로,866,6
부산광역시,강서구,길,송정길100번가길,주도로,230,2
부산광역시,강서구,길,송정길100번길,주도로,449,4
부산광역시,강서구,길,송정길100번나길,주도로,372,4
부산광역시,강서구,길,송정길43번길,주도로,387,5
부산광역시,강서구,로,수가로,주도로,8363,7
부산광역시,강서구,길,수가로716번길,주도로,216,2
부산광역시,강서구,길,수가로748번길,주도로,189,3
부산광역시,강서구,길,순아1구길,주도로,459,2
부산광역시,강서구,길,순아3구길,주도로,608,3
부산광역시,강서구,길,순아강변길,주도로,2243,2
부산광역시,강서구,길,스마트1길,주도로,89.577,9
부산광역시,강서구,길,스마트2길,주도로,121.36,7
부산광역시,강서구,길,스마트3길,주도로,88.961,9
부산광역시,강서구,길,스마트4길,주도로,116.709,6.5
부산광역시,강서구,길,스마트5길,주도로,85.303,2.1
부산광역시,강서구,길,스마트길,주도로,285.82,8
부산광역시,강서구,길,스마트빌리지길,주도로,168.611,5.34
부산광역시,강서구,로,식만로,주도로,4008,8
부산광역시,강서구,길,식만로179번가길,주도로,517,2
부산광역시,강서구,길,식만로179번길,주도로,346,7
부산광역시,강서구,길,식만로189번길,주도로,308,2
부산광역시,강서구,길,식만로217번길,주도로,2154,4
부산광역시,강서구,길,식만로233번길,주도로,1009,3
부산광역시,강서구,길,식만로247번길,주도로,262,2
부산광역시,강서구,길,식만로259번길,주도로,458,2
부산광역시,강서구,길,식만로279번길,주도로,1516,4
부산광역시,강서구,길,식만로280번길,주도로,1706,2
부산광역시,강서구,길,식만로63번길,주도로,222,4
부산광역시,강서구,길,식만로85번길,주도로,268,5
부산광역시,강서구,길,식만로93번길,주도로,259,4
부산광역시,강서구,길,신노전1길,주도로,326,2
부산광역시,강서구,길,신노전2길,주도로,147,2
부산광역시,강서구,길,신노전3길,주도로,1919,3
부산광역시,강서구,길,신노전4길,주도로,576,2
부산광역시,강서구,길,신노전5길,주도로,243,3
부산광역시,강서구,로,신노전로,주도로,4189,8
부산광역시,강서구,길,신덕길,주도로,148,3
부산광역시,강서구,길,신덕길18번길,주도로,130,3
부산광역시,강서구,길,신덕길1번길,주도로,177,7
부산광역시,강서구,길,신덕길2번길,주도로,767,7
부산광역시,강서구,길,신촌소류지길,주도로,797,2
부산광역시,강서구,길,신포경등길,주도로,1725,2
부산광역시,강서구,길,신포길,주도로,1584,4
부산광역시,강서구,길,신포길17번길,주도로,187,3
부산광역시,강서구,길,신포길39번길,주도로,244,2
부산광역시,강서구,길,신포길83번길,주도로,251,2
부산광역시,강서구,로,신항남로,주도로,7683,35
부산광역시,강서구,로,신항동로,주도로,2814,30
부산광역시,강서구,로,신항로,주도로,7642,20
부산광역시,강서구,로,신항북로,주도로,6362,35
부산광역시,강서구,로,신호산단1로,주도로,2454,30
부산광역시,강서구,길,신호산단1로140번길,주도로,404,8
부산광역시,강서구,길,신호산단1로144번길,주도로,311,8
부산광역시,강서구,길,신호산단1로18번가길,주도로,206,8
부산광역시,강서구,로,신호산단1로18번길,주도로,454,10
부산광역시,강서구,로,신호산단1로217번길,주도로,411,12
부산광역시,강서구,로,신호산단1로72번길,주도로,640,15
부산광역시,강서구,길,신호산단1로98번길,주도로,631,8
부산광역시,강서구,로,신호산단2로,주도로,850,25
부산광역시,강서구,로,신호산단2로27번길,주도로,416,12
부산광역시,강서구,길,신호산단2로49번길,주도로,410,8
부산광역시,강서구,길,신호산단2로75번길,주도로,393,8
부산광역시,강서구,로,신호산단3로,주도로,1037,20
부산광역시,강서구,로,신호산단3로87번길,주도로,355,10
부산광역시,강서구,로,신호산단3로88번길,주도로,708,10
부산광역시,강서구,로,신호산단4로,주도로,966,25
부산광역시,강서구,길,신호산단4로64번가길,주도로,682,6
부산광역시,강서구,로,신호산단4로64번길,주도로,481,12
부산광역시,강서구,길,신호산단4로76번길,주도로,499,6
부산광역시,강서구,로,신호산단5로,주도로,829,20
부산광역시,강서구,로,에코1로,주도로,1005,22
부산광역시,강서구,길,에코1로62번길,주도로,244,15
부산광역시,강서구,로,에코2로,주도로,1327,18
부산광역시,강서구,길,에코2로83번길,주도로,446,15
부산광역시,강서구,로,에코3로,주도로,446,15
부산광역시,강서구,길,에코3로14번길,주도로,107,15
부산광역시,강서구,길,에코3로30번길,주도로,248,15
부산광역시,강서구,로,에코4로,주도로,998,25
부산광역시,강서구,로,에코5로,주도로,640,18
부산광역시,강서구,로,에코6로,주도로,1689,18
부산광역시,강서구,로,에코7로,주도로,927,22
부산광역시,강서구,로,에코8로,주도로,272,18
부산광역시,강서구,길,에코8로6번길,주도로,322,18
부산광역시,강서구,대로,에코대로,주도로,4957.91,42
부산광역시,강서구,길,에코대로37번길,주도로,471,18
부산광역시,강서구,로,에코델타1로,주도로,2297.95,15
부산광역시,강서구,로,에코델타2로,주도로,2413.43,22
부산광역시,강서구,로,에코델타3로,주도로,2229.46,25
부산광역시,강서구,로,에코델타3서로,주도로,443,15
부산광역시,강서구,로,에코델타4로,주도로,1409.06,28
부산광역시,강서구,로,에코델타5로,주도로,1044.52,25
부산광역시,강서구,로,에코델타6로,주도로,916.24,20
부산광역시,강서구,로,에코델타6북로,주도로,547.4,15
부산광역시,강서구,로,에코델타7로,주도로,1271.63,26
부산광역시,강서구,대로,에코델타대로,주도로,1590,40
부산광역시,강서구,길,에코델타대로59번길,주도로,221,15
부산광역시,강서구,길,에코델타대로95번길,주도로,300,15
부산광역시,강서구,로,에코델타스마트1로,주도로,125,15
부산광역시,강서구,로,에코델타스마트2로,주도로,310,15
부산광역시,강서구,로,에코델타스마트3로,주도로,626,15
부산광역시,강서구,로,에코델타스마트4로,주도로,197,15
부산광역시,강서구,로,에코델타스마트5로,주도로,236,15
부산광역시,강서구,로,에코델타스마트로,주도로,2438,15
부산광역시,강서구,길,에코델타스마트로10길,주도로,96,10
부산광역시,강서구,길,에코델타스마트로11길,주도로,175,10
부산광역시,강서구,길,에코델타스마트로12길,주도로,226,10
부산광역시,강서구,길,에코델타스마트로1길,주도로,1240,10
부산광역시,강서구,길,에코델타스마트로2길,주도로,177,10
부산광역시,강서구,길,에코델타스마트로3길,주도로,167,10
부산광역시,강서구,길,에코델타스마트로4길,주도로,216,10
부산광역시,강서구,길,에코델타스마트로5길,주도로,156,10
부산광역시,강서구,길,에코델타스마트로6길,주도로,146,10
부산광역시,강서구,길,에코델타스마트로7길,주도로,197,10
부산광역시,강서구,길,에코델타스마트로8길,주도로,124,10
부산광역시,강서구,길,에코델타스마트로9길,주도로,171,10
부산광역시,강서구,길,에코서10길,주도로,131.99,8
부산광역시,강서구,길,에코서11길,주도로,1688.98,8
부산광역시,강서구,길,에코서12길,주도로,114.45,8
부산광역시,강서구,길,에코서13길,주도로,401.08,8
부산광역시,강서구,길,에코서14길,주도로,250.03,8
부산광역시,강서구,길,에코서1길,주도로,2538.98,8
부산광역시,강서구,길,에코서2길,주도로,104.14,8
부산광역시,강서구,길,에코서3길,주도로,106,8
부산광역시,강서구,길,에코서4길,주도로,110.95,8
부산광역시,강서구,길,에코서5길,주도로,140.98,8
부산광역시,강서구,길,에코서6길,주도로,254.63,8
부산광역시,강서구,길,에코서7길,주도로,93.74,8
부산광역시,강서구,길,에코서8길,주도로,116.54,8
부산광역시,강서구,길,에코서9길,주도로,124.76,8
부산광역시,강서구,로,에코서로,주도로,1873.86,20
부산광역시,강서구,로,에코중앙1로,주도로,905.24,15
부산광역시,강서구,로,에코중앙2로,주도로,329.79,14
부산광역시,강서구,대로,에코중앙대로,주도로,1403.88,40
부산광역시,강서구,길,에코평강10길,주도로,144.88,8
부산광역시,강서구,길,에코평강11길,주도로,162.5,8
부산광역시,강서구,길,에코평강12길,주도로,199.28,8
부산광역시,강서구,길,에코평강13길,주도로,774.96,10
부산광역시,강서구,길,에코평강14길,주도로,172.55,10
부산광역시,강서구,길,에코평강15길,주도로,226.31,10
부산광역시,강서구,길,에코평강16길,주도로,80.31,10
부산광역시,강서구,길,에코평강17길,주도로,84.54,10
부산광역시,강서구,길,에코평강18길,주도로,102.76,10
부산광역시,강서구,길,에코평강19길,주도로,115.26,10
부산광역시,강서구,길,에코평강1길,주도로,1452.52,8
부산광역시,강서구,길,에코평강20길,주도로,119.64,10
부산광역시,강서구,길,에코평강2길,주도로,371,8
부산광역시,강서구,길,에코평강3길,주도로,151,8
부산광역시,강서구,길,에코평강4길,주도로,97.09,8
부산광역시,강서구,길,에코평강5길,주도로,123.43,8
부산광역시,강서구,길,에코평강6길,주도로,103.15,8
부산광역시,강서구,길,에코평강7길,주도로,142.95,8
부산광역시,강서구,길,에코평강8길,주도로,133.66,8
부산광역시,강서구,길,에코평강9길,주도로,163.14,8
부산광역시,강서구,길,에코평강길,주도로,2611.85,8
부산광역시,강서구,길,영강길,주도로,976,3
부산광역시,강서구,길,영강길15번길,주도로,289,3
부산광역시,강서구,길,영강길172번길,주도로,226,2
부산광역시,강서구,길,영강길17번가길,주도로,298,5
부산광역시,강서구,길,영강길17번길,주도로,1124,8
부산광역시,강서구,길,영강길17번나길,주도로,258,2
부산광역시,강서구,길,영강길19번길,주도로,289,3
부산광역시,강서구,길,영강길81번길,주도로,209,5
부산광역시,강서구,길,영강길91번길,주도로,340,10
부산광역시,강서구,길,영강조동길,주도로,1592,2
부산광역시,강서구,길,외양포로,주도로,1340.581,8
부산광역시,강서구,로,울만로,주도로,5264,12
부산광역시,강서구,길,울만로25번길,주도로,973,6
부산광역시,강서구,길,울만로322번길,주도로,288,5
부산광역시,강서구,로,웅장로,주도로,10765,25
부산광역시,강서구,길,원앙길,주도로,481,2
부산광역시,강서구,길,월상길,주도로,1234,2
부산광역시,강서구,로,유통단지1로,주도로,1323.658,35
부산광역시,강서구,로,유통단지1로131번길,주도로,463.187,15
부산광역시,강서구,로,유통단지1로132번길,주도로,399.651,20
부산광역시,강서구,로,유통단지1로40번길,주도로,642.102,20
부산광역시,강서구,로,유통단지1로49번길,주도로,314.645,20
부산광역시,강서구,로,유통단지1로57번가길,주도로,751.013,25
부산광역시,강서구,로,유통단지1로57번길,주도로,432.633,35
부산광역시,강서구,로,유통단지1로58번길,주도로,641.859,35
부산광역시,강서구,로,유통단지1로65번길,주도로,229.186,15
부산광역시,강서구,로,유통단지1로97번길,주도로,432.38,25
부산광역시,강서구,로,유통단지2로,주도로,1039.195,22
부산광역시,강서구,대로,을숙도대로,주도로,8790,35
부산광역시,강서구,길,입소길,주도로,194,2
부산광역시,강서구,길,입소신평길,주도로,2001,2
부산광역시,강서구,길,입소정관길,주도로,1559,2
부산광역시,강서구,길,장락길,주도로,733,2
부산광역시,강서구,길,정관길,주도로,2026,3
부산광역시,강서구,로,정주산단로,주도로,1040,15
부산광역시,강서구,로,제도로,주도로,12106,12
부산광역시,강서구,길,제도로1002번가길,주도로,234,4
부산광역시,강서구,길,제도로1002번길,주도로,231,3
부산광역시,강서구,길,제도로1022번길,주도로,332,3
부산광역시,강서구,길,제도로1040번길,주도로,941,5
부산광역시,강서구,길,제도로1041번가길,주도로,1713,4
부산광역시,강서구,길,제도로1041번길,주도로,2853,3
부산광역시,강서구,길,제도로1041번나길,주도로,257,3
부산광역시,강서구,길,제도로1041번다길,주도로,306,2
부산광역시,강서구,길,제도로1092번가길,주도로,479,4
부산광역시,강서구,길,제도로1092번길,주도로,2000,5
부산광역시,강서구,길,제도로1092번나길,주도로,1213,2
부산광역시,강서구,길,제도로1092번다길,주도로,599,3
부산광역시,강서구,길,제도로1175번길,주도로,662,3
부산광역시,강서구,로,조만로,주도로,1923.323,35
부산광역시,강서구,길,조정경기장길,주도로,1195,4
부산광역시,강서구,길,죽동길,주도로,4328,4
부산광역시,강서구,길,죽동길106번길,주도로,1494,3
부산광역시,강서구,길,죽동길196번길,주도로,1174,3
부산광역시,강서구,길,죽동길3번길,주도로,288,2
부산광역시,강서구,길,죽동길405번길,주도로,295,3
부산광역시,강서구,길,죽동길424번길,주도로,543,2
부산광역시,강서구,길,죽동길54번길,주도로,191,2
부산광역시,강서구,고속도로,중앙고속도로,주도로,370850,40
부산광역시,강서구,길,중앙새싹1길,주도로,792,3
부산광역시,강서구,길,중앙새싹2길,주도로,152,3
부산광역시,강서구,로,지사글로벌1로,주도로,1579,20
부산광역시,강서구,로,지사글로벌2로,주도로,1474,15
부산광역시,강서구,로,지사글로벌3로,주도로,1340.735,15
부산광역시,강서구,길,지사글로벌안길,주도로,339,11
부산광역시,강서구,길,진우해안길,주도로,5545.208,5
부산광역시,강서구,길,천성대항길,주도로,2112.546,10.599
부산광역시,강서구,로,천성로,주도로,403.703,12
부산광역시,강서구,길,천성로39번길,주도로,94.007,10
부산광역시,강서구,로,체육공원로,주도로,1193,25
부산광역시,강서구,길,체육공원로26번길,주도로,784,2
부산광역시,강서구,길,체육공원로52번길,주도로,506,4
부산광역시,강서구,길,체육공원로6번길,주도로,1104,4
부산광역시,강서구,로,테크센터로,주도로,552.344,15
부산광역시,강서구,로,평강로,주도로,4518,10
부산광역시,강서구,길,평강로171번길,주도로,1369,3
부산광역시,강서구,길,평강로187번길,주도로,264,4
부산광역시,강서구,길,평강로193번길,주도로,290,4
부산광역시,강서구,길,평강로211번길,주도로,236,3
부산광역시,강서구,길,평강로229번가길,주도로,221,3
부산광역시,강서구,길,평강로229번길,주도로,769,4
부산광역시,강서구,길,평강로260번길,주도로,719,3
부산광역시,강서구,길,평강로302번길,주도로,618,3
부산광역시,강서구,길,평강로345번길,주도로,801,2
부산광역시,강서구,길,평강로35번길,주도로,569,2
부산광역시,강서구,길,평강로385번길,주도로,439,2
부산광역시,강서구,길,평강로397번길,주도로,218,2
부산광역시,강서구,길,평강로434번가길,주도로,205,3
부산광역시,강서구,길,평강로434번길,주도로,914,2
부산광역시,강서구,길,평강로434번나길,주도로,825,4
부산광역시,강서구,길,평성길,주도로,750,2
부산광역시,강서구,길,해척남북길,주도로,1834,2
부산광역시,강서구,길,해척동서길,주도로,1140,2
부산광역시,강서구,길,해포2길,주도로,429,2
부산광역시,강서구,길,해포3길,주도로,384,2
부산광역시,강서구,길,허왕후길,주도로,1067,2
부산광역시,강서구,로,호계로,주도로,5672,20
부산광역시,강서구,길,호계로103번길,주도로,375,4
부산광역시,강서구,길,호계로125번길,주도로,308,5
부산광역시,강서구,길,호계로135번길,주도로,365,2
부산광역시,강서구,길,호계로145번길,주도로,249,3
부산광역시,강서구,길,호계로57번길,주도로,326,4
부산광역시,강서구,길,호계로79번길,주도로,454,8
부산광역시,강서구,로,화전산단1로,주도로,1785,25
부산광역시,강서구,로,화전산단1로63번길,주도로,526,20
부산광역시,강서구,로,화전산단2로,주도로,1449,30
부산광역시,강서구,로,화전산단2로133번길,주도로,492,15
부산광역시,강서구,로,화전산단2로134번길,주도로,472,15
부산광역시,강서구,로,화전산단3로,주도로,1381,20
부산광역시,강서구,로,화전산단4로,주도로,849,20
부산광역시,강서구,길,화전산단4로19번길,주도로,169,8
부산광역시,강서구,길,화전산단4로20번길,주도로,213,8
부산광역시,강서구,길,화전산단4로25번길,주도로,339,12
부산광역시,강서구,길,화전산단4로30번길,주도로,213,12
부산광역시,강서구,길,화전산단4로6번길,주도로,214,8
부산광역시,강서구,길,화전산단4로7번길,주도로,167,10
부산광역시,강서구,로,화전산단5로,주도로,1551,30
부산광역시,강서구,로,화전산단5로117번길,주도로,523,15
부산광역시,강서구,로,화전산단5로118번길,주도로,437,15
부산광역시,강서구,로,화전산단5로132번길,주도로,436,12
부산광역시,강서구,로,화전산단5로14번길,주도로,436,15
부산광역시,강서구,로,화전산단5로37번길,주도로,308,15
부산광역시,강서구,로,화전산단5로38번길,주도로,436,15
부산광역시,강서구,로,화전산단5로48번길,주도로,436,15
부산광역시,강서구,로,화전산단5로74번길,주도로,436,15
부산광역시,강서구,로,화전산단5로84번길,주도로,435,15
부산광역시,강서구,로,화전산단5로98번길,주도로,435,15
부산광역시,강서구,로,화전산단6로,주도로,1721,25
부산광역시,강서구,로,화전산단6로102번길,주도로,304,15
부산광역시,강서구,로,화전산단6로114번길,주도로,304,15
부산광역시,강서구,로,화전산단6로136번길,주도로,405,15
부산광역시,강서구,로,화전산단6로32번길,주도로,389,15
부산광역시,강서구,로,화전산단6로54번길,주도로,303,15
부산광역시,강서구,로,화전산단6로66번길,주도로,304,15
부산광역시,강서구,로,화전산단6로6번길,주도로,369,15
부산광역시,강서구,로,화전산단6로90번길,주도로,302,15
부산광역시,강서구,대로,화전산업대로,주도로,2792,40
부산광역시,연제구,대로,거제대로,주도로,3070,50
부산광역시,연제구,길,거제대로108번길,주도로,289,8
부산광역시,연제구,길,거제대로114번길,주도로,304,6
부산광역시,연제구,길,거제대로118번길,주도로,309,6
부산광역시,연제구,길,거제대로124번길,주도로,256,8
부산광역시,연제구,길,거제대로136번길,주도로,259,8
부산광역시,연제구,길,거제대로138번길,주도로,202,3
부산광역시,연제구,길,거제대로178번길,주도로,380,8
부산광역시,연제구,길,거제대로188번길,주도로,185,2
부산광역시,연제구,길,거제대로214번길,주도로,334,12
부산광역시,연제구,길,거제대로230번길,주도로,312,8
부산광역시,연제구,길,거제대로252번길,주도로,245,8
부산광역시,연제구,길,거제대로267번길,주도로,155,2
부산광역시,연제구,길,거제대로272번길,주도로,178,8
부산광역시,연제구,길,거제대로275번길,주도로,147.782,19.904
부산광역시,연제구,길,거제대로285번길,주도로,120,10
부산광역시,연제구,길,거제대로286번길,주도로,130,8
부산광역시,연제구,길,거제대로289번길,주도로,100,3
부산광역시,연제구,길,거제대로74번길,주도로,660,6
부산광역시,연제구,길,거제대로96번길,주도로,259,6
부산광역시,연제구,로,거제시장로,주도로,442,14
부산광역시,연제구,길,거제시장로11번길,주도로,227,6
부산광역시,연제구,길,거제시장로14번길,주도로,333,6
부산광역시,연제구,길,거제시장로21번길,주도로,311,9
부산광역시,연제구,길,거제시장로22번길,주도로,386,10
부산광역시,연제구,로,거제천로,주도로,3370,12
부산광역시,연제구,길,거제천로104번길,주도로,168,6
부산광역시,연제구,길,거제천로117번길,주도로,96,8
부산광역시,연제구,길,거제천로118번길,주도로,348,6
부산광역시,연제구,길,거제천로124번길,주도로,349,6
부산광역시,연제구,길,거제천로136번길,주도로,235,6
부산광역시,연제구,길,거제천로146번길,주도로,360,6
부산광역시,연제구,길,거제천로152번길,주도로,362,6
부산광역시,연제구,길,거제천로154번길,주도로,320,6
부산광역시,연제구,길,거제천로182번길,주도로,327,8
부산광역시,연제구,길,거제천로225번길,주도로,272,8
부산광역시,연제구,길,거제천로230번길,주도로,522,8
부산광역시,연제구,길,거제천로23번길,주도로,143,6
부산광역시,연제구,길,거제천로255번가길,주도로,311,6
부산광역시,연제구,길,거제천로255번길,주도로,293,8
부산광역시,연제구,길,거제천로258번길,주도로,295,8
부산광역시,연제구,길,거제천로269번길,주도로,232,8
부산광역시,연제구,길,거제천로270번길,주도로,174,8
부산광역시,연제구,길,거제천로287번길,주도로,179,8
부산광역시,연제구,길,거제천로87번길,주도로,232,8
부산광역시,연제구,길,거제천로9번길,주도로,124,6
부산광역시,연제구,로,경기장로,주도로,283,12
부산광역시,연제구,로,고분로,주도로,2945,20
부산광역시,연제구,길,고분로100번길,주도로,165,4
부산광역시,연제구,길,고분로104번길,주도로,148,3
부산광역시,연제구,길,고분로105번길,주도로,196,6
부산광역시,연제구,길,고분로112번가길,주도로,226,4
부산광역시,연제구,길,고분로112번길,주도로,177,8
부산광역시,연제구,길,고분로113번길,주도로,215,3
부산광역시,연제구,길,고분로123번길,주도로,293,6
부산광역시,연제구,길,고분로13번길,주도로,487,10
부산광역시,연제구,길,고분로143번길,주도로,264,10
부산광역시,연제구,길,고분로170번길,주도로,160,8
부산광역시,연제구,길,고분로191번길,주도로,155,8
부산광역시,연제구,길,고분로20번가길,주도로,207,3
부산광역시,연제구,길,고분로20번길,주도로,501,6
부산광역시,연제구,길,고분로235번길,주도로,363,10
부산광역시,연제구,길,고분로236번길,주도로,457,10
부산광역시,연제구,길,고분로241번길,주도로,310,8
부산광역시,연제구,길,고분로242번길,주도로,424,8
부산광역시,연제구,길,고분로247번길,주도로,315,8
부산광역시,연제구,길,고분로248번길,주도로,420,8
부산광역시,연제구,길,고분로253번길,주도로,253,6
부산광역시,연제구,길,고분로254번길,주도로,484,6
부산광역시,연제구,길,고분로259번길,주도로,132,4
부산광역시,연제구,길,고분로31번길,주도로,242,10
부산광역시,연제구,길,고분로32번길,주도로,474,10
부산광역시,연제구,길,고분로55번길,주도로,157,8
부산광역시,연제구,길,고분로56번길,주도로,226,8
부산광역시,연제구,길,고분로67번길,주도로,400,6
부산광역시,연제구,길,고분로68번길,주도로,259,6
부산광역시,연제구,길,고분로72번길,주도로,79,6
부산광역시,연제구,길,고분로93번길,주도로,96,6
부산광역시,연제구,길,고분로98번길,주도로,83,6
부산광역시,연제구,로,과정로,주도로,2310,20
부산광역시,연제구,길,과정로114번길,주도로,247,8
부산광역시,연제구,길,과정로132번길,주도로,351,10
부산광역시,연제구,길,과정로164번길,주도로,219,8
부산광역시,연제구,길,과정로191번가길,주도로,372,8
부산광역시,연제구,길,과정로191번길,주도로,329,8
부산광역시,연제구,길,과정로191번나길,주도로,177,8
부산광역시,연제구,길,과정로191번다길,주도로,319,8
부산광역시,연제구,길,과정로192번길,주도로,256,8
부산광역시,연제구,길,과정로208번길,주도로,286,8
부산광역시,연제구,길,과정로225번길,주도로,269,10
부산광역시,연제구,길,과정로226번길,주도로,318,8
부산광역시,연제구,길,과정로237번길,주도로,612,8
부산광역시,연제구,길,과정로251번가길,주도로,79,3
부산광역시,연제구,길,과정로251번길,주도로,450,8
부산광역시,연제구,길,과정로260번길,주도로,196,8
부산광역시,연제구,길,과정로265번가길,주도로,80,3
부산광역시,연제구,길,과정로265번길,주도로,464,8
부산광역시,연제구,길,과정로265번나길,주도로,125,3
부산광역시,연제구,길,과정로265번다길,주도로,135,3
부산광역시,연제구,길,과정로273번길,주도로,132,6
부산광역시,연제구,길,과정로276번가길,주도로,158,8
부산광역시,연제구,길,과정로276번길,주도로,223,8
부산광역시,연제구,길,과정로278번길,주도로,407,8
부산광역시,연제구,길,과정로283번가길,주도로,99,8
부산광역시,연제구,길,과정로283번길,주도로,216,6
부산광역시,연제구,길,과정로283번나길,주도로,193,8
부산광역시,연제구,길,과정로287번길,주도로,272,3
부산광역시,연제구,길,과정로290번길,주도로,121,4
부산광역시,연제구,길,과정로291번길,주도로,155,8
부산광역시,연제구,길,과정로294번가길,주도로,151,8
부산광역시,연제구,길,과정로294번길,주도로,213,8
부산광역시,연제구,길,과정로322번길,주도로,170,8
부산광역시,연제구,길,과정로327번길,주도로,131,8
부산광역시,연제구,길,과정로343번길,주도로,311,10
부산광역시,연제구,길,과정로344번길,주도로,336,10
부산광역시,연제구,길,과정로348번길,주도로,281,8
부산광역시,연제구,길,과정로93번길,주도로,171,4
부산광역시,연제구,로,교대로,주도로,612,10
부산광역시,연제구,길,교대로11번길,주도로,102,4
부산광역시,연제구,길,교대로16번길,주도로,396,9
부산광역시,연제구,길,교대로22번길,주도로,272,3
부산광역시,연제구,길,교대로24번길,주도로,369,10
부산광역시,연제구,길,교대로54번길,주도로,186,4
부산광역시,연제구,길,구락로153번길,주도로,427,7
부산광역시,연제구,로,금련로,주도로,800,10
부산광역시,연제구,길,금련로11번길,주도로,95,3
부산광역시,연제구,길,금련로12번길,주도로,169,5
부산광역시,연제구,길,금련로15번길,주도로,160,3
부산광역시,연제구,길,금련로16번길,주도로,146,6
부산광역시,연제구,길,금련로17번길,주도로,205,3
부산광역시,연제구,길,금련로18번가길,주도로,93,3
부산광역시,연제구,길,금련로18번길,주도로,142,6
부산광역시,연제구,길,금련로21번길,주도로,93,3
부산광역시,연제구,길,금련로22번길,주도로,153,4
부산광역시,연제구,길,금련로23번길,주도로,140,3
부산광역시,연제구,길,금련로24번길,주도로,182,4
부산광역시,연제구,길,금련로25번길,주도로,115,3
부산광역시,연제구,길,금련로26번가길,주도로,104,4
부산광역시,연제구,길,금련로26번길,주도로,195,4
부산광역시,연제구,길,금련로26번나길,주도로,108,4
부산광역시,연제구,길,금련로27번길,주도로,95,3
부산광역시,연제구,길,금련로30번길,주도로,82,6
부산광역시,연제구,길,금련로32번길,주도로,82,6
부산광역시,연제구,길,금련로34번길,주도로,75,6
부산광역시,연제구,길,금련로38번가길,주도로,195,2
부산광역시,연제구,길,금련로38번길,주도로,422,5
부산광역시,연제구,길,금련로38번나길,주도로,158,3
부산광역시,연제구,길,금련로42번길,주도로,162,8
부산광역시,연제구,길,금련로62번길,주도로,361,2
부산광역시,연제구,길,금련로6번길,주도로,143,6
부산광역시,연제구,길,금련로70번길,주도로,113,3
부산광역시,연제구,길,금련로7번길,주도로,190,3
부산광역시,연제구,길,금련로9번길,주도로,180,2
부산광역시,연제구,로,금용로,주도로,428,10
부산광역시,연제구,길,금용로11번길,주도로,111,8
부산광역시,연제구,로,대리로,주도로,322,6
부산광역시,연제구,길,대리로12번가길,주도로,131,2
부산광역시,연제구,길,대리로12번길,주도로,154,6
부산광역시,연제구,길,대리로19번길,주도로,246,4
부산광역시,연제구,길,대리로22번가길,주도로,99,2
부산광역시,연제구,길,대리로22번길,주도로,621,10
부산광역시,연제구,길,대리로5번가길,주도로,109,6
부산광역시,연제구,길,대리로5번길,주도로,471,6
부산광역시,연제구,길,대리로6번길,주도로,625,6
부산광역시,연제구,로,마곡천로,주도로,719,15
부산광역시,연제구,길,마곡천로30번길,주도로,272,6
부산광역시,연제구,로,명륜로,주도로,4570,16
부산광역시,연제구,길,명륜로2번길,주도로,225,2
부산광역시,연제구,로,묘봉산로,주도로,565,6
부산광역시,연제구,길,묘봉산로11번길,주도로,189,2
부산광역시,연제구,길,묘봉산로5번길,주도로,90,4
부산광역시,연제구,길,묘봉산로9번길,주도로,81,4
부산광역시,연제구,길,물만로23번길,주도로,355,6
부산광역시,연제구,로,미남로,주도로,1490,19
부산광역시,연제구,길,미남로18번길,주도로,184,6
부산광역시,연제구,로,반송로,주도로,16540,25
부산광역시,연제구,길,반송로77번길,주도로,139,4
부산광역시,연제구,로,배산로,주도로,387,10
부산광역시,연제구,길,배산로11번길,주도로,112,6
부산광역시,연제구,길,배산로23번길,주도로,116,6
부산광역시,연제구,길,배산로33번길,주도로,121,6
부산광역시,연제구,길,배산로37번길,주도로,123,3
부산광역시,연제구,로,배산북로,주도로,482,10
부산광역시,연제구,길,배산북로11번길,주도로,199,6
부산광역시,연제구,길,배산북로12번길,주도로,329,6
부산광역시,연제구,길,배산북로23번길,주도로,228,6
부산광역시,연제구,로,법원남로,주도로,229,20
부산광역시,연제구,길,법원남로10번길,주도로,177,10
부산광역시,연제구,길,법원남로15번길,주도로,159,8
부산광역시,연제구,길,법원남로16번길,주도로,181,8
부산광역시,연제구,길,법원남로9번길,주도로,157,10
부산광역시,연제구,로,법원로,주도로,433,20
부산광역시,연제구,길,법원로16번길,주도로,137,10
부산광역시,연제구,길,법원로32번길,주도로,136,10
부산광역시,연제구,길,법원로8번길,주도로,141,12
부산광역시,연제구,로,법원북로,주도로,954,20
부산광역시,연제구,길,법원북로3번길,주도로,230,10
부산광역시,연제구,길,법원북로41번길,주도로,230,6
부산광역시,연제구,길,법원북로65번길,주도로,151,8
부산광역시,연제구,길,법원북로83번길,주도로,120,2
부산광역시,연제구,로,봉수로,주도로,1393,12
부산광역시,연제구,길,봉수로15번길,주도로,93,3
부산광역시,연제구,길,봉수로77번가길,주도로,134,3
부산광역시,연제구,길,봉수로77번길,주도로,387,4
부산광역시,연제구,길,봉수로85번길,주도로,132,2
부산광역시,연제구,로,세병로,주도로,860,12
부산광역시,연제구,길,세병로24번길,주도로,239,8
부산광역시,연제구,로,시청로,주도로,391,20
부산광역시,연제구,길,시청로17번길,주도로,274.449,12.05
부산광역시,연제구,길,시청로31번길,주도로,157,4
부산광역시,연제구,길,시청로32번길,주도로,163,6
부산광역시,연제구,로,신금로,주도로,401,10
부산광역시,연제구,길,신금로17번길,주도로,323,6
부산광역시,연제구,길,신금로23번길,주도로,294,8
부산광역시,연제구,길,신금로5번길,주도로,113,8
부산광역시,연제구,로,신촌로,주도로,634,15
부산광역시,연제구,길,신촌로17번길,주도로,222.863,14.141
부산광역시,연제구,길,신촌로23번길,주도로,254,3
부산광역시,연제구,로,쌍미천로,주도로,1985,15
부산광역시,연제구,길,쌍미천로103번길,주도로,115,6
부산광역시,연제구,길,쌍미천로109번길,주도로,116,6
부산광역시,연제구,길,쌍미천로119번길,주도로,237,6
부산광역시,연제구,길,쌍미천로125번길,주도로,238,6
부산광역시,연제구,길,쌍미천로129번길,주도로,324,6
부산광역시,연제구,길,쌍미천로135번길,주도로,241,6
부산광역시,연제구,길,쌍미천로141번길,주도로,242,6
부산광역시,연제구,길,쌍미천로142번길,주도로,235,6
부산광역시,연제구,길,쌍미천로151번길,주도로,270,6
부산광역시,연제구,길,쌍미천로152번길,주도로,234,8
부산광역시,연제구,길,쌍미천로155번길,주도로,235,6
부산광역시,연제구,길,쌍미천로156번길,주도로,234,8
부산광역시,연제구,길,쌍미천로161번길,주도로,198,6
부산광역시,연제구,길,쌍미천로162번길,주도로,237,8
부산광역시,연제구,길,쌍미천로16번길,주도로,204,6
부산광역시,연제구,길,쌍미천로29번길,주도로,102,6
부산광역시,연제구,길,쌍미천로30번길,주도로,340,6
부산광역시,연제구,길,쌍미천로43번길,주도로,139,4
부산광역시,연제구,길,쌍미천로44번길,주도로,90,6
부산광역시,연제구,길,쌍미천로45번길,주도로,394,8
부산광역시,연제구,길,쌍미천로47번길,주도로,290,6
부산광역시,연제구,길,쌍미천로52번길,주도로,356,6
부산광역시,연제구,길,쌍미천로59번길,주도로,320,6
부산광역시,연제구,길,쌍미천로73번길,주도로,306,6
부산광역시,연제구,길,쌍미천로7번가길,주도로,240,6
부산광역시,연제구,길,쌍미천로7번길,주도로,398,8
부산광역시,연제구,길,쌍미천로84번길,주도로,514,6
부산광역시,연제구,길,쌍미천로87번길,주도로,133,6
부산광역시,연제구,길,쌍미천로8번길,주도로,137,6
부산광역시,연제구,길,쌍미천로93번길,주도로,117,6
부산광역시,연제구,대로,아시아드대로,주도로,2650,32
부산광역시,연제구,길,아시아드대로107번길,주도로,180,4
부산광역시,연제구,길,아시아드대로108번길,주도로,460,8
부산광역시,연제구,길,아시아드대로19번길,주도로,268,6
부산광역시,연제구,길,아시아드대로22번길,주도로,271,6
부산광역시,연제구,길,아시아드대로28번길,주도로,143,6
부산광역시,연제구,길,아시아드대로46번길,주도로,284,10
부산광역시,연제구,길,아시아드대로54번길,주도로,221,4
부산광역시,연제구,길,아시아드대로64번길,주도로,148,3
부산광역시,연제구,길,아시아드대로82번길,주도로,192,10
부산광역시,연제구,로,안연로,주도로,1030,16
부산광역시,연제구,길,안연로23번길,주도로,505,8
부산광역시,연제구,길,안연로28번길,주도로,383,8
부산광역시,연제구,길,안연로7번가길,주도로,132,8
부산광역시,연제구,길,안연로7번길,주도로,327,8
부산광역시,연제구,길,안연로7번나길,주도로,134,8
부산광역시,연제구,길,안연로8번길,주도로,494,8
부산광역시,연제구,로,양연로,주도로,470,8
부산광역시,연제구,로,여고로,주도로,2076,22
부산광역시,연제구,길,여고로14번길,주도로,408,6
부산광역시,연제구,길,여고로52번길,주도로,301,6
부산광역시,연제구,로,연동로,주도로,346,10
부산광역시,연제구,길,연동로13번길,주도로,212,8
부산광역시,연제구,길,연동로14번길,주도로,217,8
부산광역시,연제구,길,연동로7번길,주도로,174,8
부산광역시,연제구,길,연동로8번길,주도로,402,8
부산광역시,연제구,로,연미로,주도로,272,12
부산광역시,연제구,길,연미로13번길,주도로,202,8
부산광역시,연제구,로,연수로,주도로,4250,25
부산광역시,연제구,길,연수로111번길,주도로,163,6
부산광역시,연제구,길,연수로115번길,주도로,98,4
부산광역시,연제구,길,연수로117번길,주도로,131,3
부산광역시,연제구,길,연수로11번길,주도로,620,8
부산광역시,연제구,길,연수로120번길,주도로,141,6
부산광역시,연제구,길,연수로134번길,주도로,206,3
부산광역시,연제구,길,연수로148번길,주도로,618,6
부산광역시,연제구,길,연수로149번길,주도로,145,4
부산광역시,연제구,길,연수로159번길,주도로,124,2
부산광역시,연제구,길,연수로171번길,주도로,248,5
부산광역시,연제구,길,연수로208번길,주도로,220,8
부산광역시,연제구,길,연수로212번길,주도로,191,4
부산광역시,연제구,길,연수로213번길,주도로,267,6
부산광역시,연제구,길,연수로218번길,주도로,203,6
부산광역시,연제구,길,연수로225번길,주도로,212,8
부산광역시,연제구,길,연수로226번길,주도로,228,6
부산광역시,연제구,길,연수로235번길,주도로,189,6
부산광역시,연제구,길,연수로240번길,주도로,170,6
부산광역시,연제구,길,연수로82번길,주도로,139,6
부산광역시,연제구,길,연수로87번길,주도로,388,8
부산광역시,연제구,로,연안로,주도로,860,25
부산광역시,연제구,길,연안로13번길,주도로,527,8
부산광역시,연제구,길,연안로14번길,주도로,217,8
부산광역시,연제구,로,연제로,주도로,446,20
부산광역시,연제구,길,연제로27번길,주도로,240,6
부산광역시,연제구,길,연제로30번길,주도로,341.245,10.148
부산광역시,연제구,길,연제로42번길,주도로,297,6
부산광역시,연제구,길,연제로8번길,주도로,521,8
부산광역시,연제구,길,연제로9번길,주도로,280,8
부산광역시,연제구,길,온천천공원길,주도로,838,5
부산광역시,연제구,로,온천천남로,주도로,1954,10
부산광역시,연제구,길,온천천남로160번길,주도로,223,8
부산광역시,연제구,길,온천천남로186번길,주도로,196,8
부산광역시,연제구,길,온천천남로4번길,주도로,192,4
부산광역시,연제구,길,온천천남로92번길,주도로,319,8
부산광역시,연제구,길,온천천남자전거길,주도로,3340,2
부산광역시,연제구,길,온천천남자전거길,주도로,3340,2
부산광역시,연제구,길,온천천남자전거길,주도로,3340,2
부산광역시,연제구,길,온천천남자전거길,주도로,3340,2
부산광역시,연제구,길,온천천남자전거길,주도로,3340,2
부산광역시,연제구,길,온천천남자전거길,주도로,3340,2
부산광역시,연제구,길,온천천자전거길,주도로,10541,2
부산광역시,연제구,길,온천천자전거길,주도로,10541,2
부산광역시,연제구,대로,월드컵대로,주도로,4890,40
부산광역시,연제구,길,월드컵대로10번길,주도로,457,4
부산광역시,연제구,길,월드컵대로111번길,주도로,304,10
부산광역시,연제구,길,월드컵대로114번길,주도로,183,10
부산광역시,연제구,길,월드컵대로119번길,주도로,326,6
부산광역시,연제구,길,월드컵대로120번길,주도로,122,6
부산광역시,연제구,길,월드컵대로145번길,주도로,549,6
부산광역시,연제구,길,월드컵대로153번길,주도로,517,6
부산광역시,연제구,길,월드컵대로164번길,주도로,148,8
부산광역시,연제구,길,월드컵대로165번길,주도로,497,6
부산광역시,연제구,길,월드컵대로187번길,주도로,459,8
부산광역시,연제구,길,월드컵대로188번길,주도로,273,8
부산광역시,연제구,길,월드컵대로19번길,주도로,170,6
부산광역시,연제구,길,월드컵대로20번길,주도로,280,6
부산광역시,연제구,길,월드컵대로215번길,주도로,449,4
부산광역시,연제구,길,월드컵대로226번길,주도로,148,2
부산광역시,연제구,길,월드컵대로235번길,주도로,227,6
부산광역시,연제구,길,월드컵대로243번길,주도로,158,10
부산광역시,연제구,길,월드컵대로248번길,주도로,193,3
부산광역시,연제구,길,월드컵대로252번길,주도로,177,6
부산광역시,연제구,길,월드컵대로329번길,주도로,168,10
부산광역시,연제구,길,월드컵대로32번길,주도로,348,6
부산광역시,연제구,길,월드컵대로35번길,주도로,189,6
부산광역시,연제구,길,월드컵대로3번길,주도로,368,6
부산광역시,연제구,길,월드컵대로46번길,주도로,363,8
부산광역시,연제구,길,월드컵대로47번길,주도로,204,6
부산광역시,연제구,길,월드컵대로58번길,주도로,343,6
부산광역시,연제구,길,월드컵대로73번길,주도로,447,10
부산광역시,연제구,길,월드컵대로79번길,주도로,265,6
부산광역시,연제구,길,월드컵대로91번가길,주도로,207,6
부산광역시,연제구,길,월드컵대로91번길,주도로,216,6
부산광역시,연제구,길,월드컵대로92번길,주도로,354,6
부산광역시,연제구,길,월드컵대로99번길,주도로,220,6
부산광역시,연제구,로,종합운동장로,주도로,600,20
부산광역시,연제구,길,종합운동장로12번길,주도로,195,6
부산광역시,연제구,길,종합운동장로28번길,주도로,137,6
부산광역시,연제구,로,좌수영로,주도로,3470,30
부산광역시,연제구,대로,중앙대로,주도로,25900,40
부산광역시,연제구,길,중앙대로1038번길,주도로,373,6
부산광역시,연제구,길,중앙대로1039번길,주도로,148,4
부산광역시,연제구,길,중앙대로1040번길,주도로,235,2
부산광역시,연제구,길,중앙대로1043번길,주도로,313,6
부산광역시,연제구,길,중앙대로1048번길,주도로,327,6
부산광역시,연제구,길,중앙대로1050번길,주도로,234,8
부산광역시,연제구,길,중앙대로1052번길,주도로,129,8
부산광역시,연제구,길,중앙대로1054번길,주도로,280,10
부산광역시,연제구,길,중앙대로1056번길,주도로,115,7
부산광역시,연제구,길,중앙대로1065번길,주도로,412,6
부산광역시,연제구,길,중앙대로1066번길,주도로,269,6
부산광역시,연제구,길,중앙대로1075번길,주도로,418,8
부산광역시,연제구,길,중앙대로1076번길,주도로,318,8
부산광역시,연제구,길,중앙대로1120번길,주도로,163,6
부산광역시,연제구,길,중앙대로1124번길,주도로,177,8
부산광역시,연제구,길,중앙대로1133번길,주도로,143,8
부산광역시,연제구,길,중앙대로1134번길,주도로,314,8
부산광역시,연제구,길,중앙대로1149번길,주도로,203,8
부산광역시,연제구,길,중앙대로1150번길,주도로,314,8
부산광역시,연제구,길,중앙대로1175번길,주도로,197,3
부산광역시,연제구,길,중앙대로1219번길,주도로,149,8
부산광역시,연제구,길,중앙대로1226번길,주도로,619,8
부산광역시,연제구,길,중앙대로1235번길,주도로,250,10
부산광역시,연제구,길,중앙대로1249번길,주도로,207,2
부산광역시,연제구,길,중앙대로1251번길,주도로,320,6
부산광역시,연제구,길,중앙대로990번길,주도로,130,6
부산광역시,연제구,로,중앙천로,주도로,962,15
부산광역시,연제구,길,중앙천로14번길,주도로,110,6
부산광역시,연제구,길,중앙천로19번길,주도로,412,6
부산광역시,연제구,길,중앙천로20번길,주도로,117,6
부산광역시,연제구,길,중앙천로25번길,주도로,576,6
부산광역시,연제구,길,중앙천로2번길,주도로,123,6
부산광역시,연제구,길,중앙천로37번가길,주도로,222,6
부산광역시,연제구,길,중앙천로37번길,주도로,170,6
부산광역시,연제구,길,중앙천로39번길,주도로,147,6
부산광역시,연제구,길,중앙천로43번길,주도로,139,10
부산광역시,연제구,길,중앙천로4번길,주도로,111,6
부산광역시,연제구,길,중앙천로70번길,주도로,107,6
부산광역시,연제구,길,중앙천로73번길,주도로,134,8
부산광역시,연제구,길,중앙천로76번길,주도로,164,6
부산광역시,연제구,길,중앙천로80번길,주도로,206,6
부산광역시,연제구,로,진남로,주도로,626,10
부산광역시,연제구,길,진남로616번길,주도로,241,6
부산광역시,연제구,로,진연로,주도로,320,20
부산광역시,연제구,로,체육공원로,주도로,770,35
부산광역시,연제구,로,토곡남로,주도로,430,10
부산광역시,연제구,길,토곡남로20번가길,주도로,124,3
부산광역시,연제구,길,토곡남로20번길,주도로,276,4
부산광역시,연제구,길,토곡남로29번길,주도로,178,4
부산광역시,연제구,길,토곡남로34번길,주도로,114,4
부산광역시,연제구,길,토곡남로7번길,주도로,83,4
부산광역시,연제구,로,토곡로,주도로,733,10
부산광역시,연제구,길,토곡로37번길,주도로,157,4
부산광역시,연제구,길,토곡로41번길,주도로,176,4
부산광역시,연제구,길,토곡로53번길,주도로,108,5
부산광역시,연제구,길,토곡로9번가길,주도로,104,3
부산광역시,연제구,길,토곡로9번길,주도로,167,6
부산광역시,연제구,로,토현로,주도로,465,12
부산광역시,연제구,로,톳고개로,주도로,810,15
부산광역시,연제구,로,함박봉로,주도로,4384,20
부산광역시,연제구,로,해맞이로,주도로,1300,12
부산광역시,연제구,길,해맞이로105번길,주도로,116,4
부산광역시,연제구,길,해맞이로109번길,주도로,318,4
부산광역시,연제구,길,해맞이로113번길,주도로,180,8
부산광역시,연제구,길,해맞이로117번길,주도로,436,3
부산광역시,연제구,길,해맞이로123번길,주도로,105,4
부산광역시,연제구,길,해맞이로127번길,주도로,328,4
부산광역시,연제구,길,해맞이로31번가길,주도로,105,3
부산광역시,연제구,길,해맞이로31번길,주도로,385,10
부산광역시,연제구,길,해맞이로43번길,주도로,546,10
부산광역시,연제구,길,해맞이로57번길,주도로,299,8
부산광역시,연제구,길,해맞이로61번길,주도로,342,6
부산광역시,연제구,길,해맞이로67번길,주도로,159,8
부산광역시,연제구,길,해맞이로73번길,주도로,221,4
부산광역시,연제구,길,해맞이로77번길,주도로,393,6
부산광역시,연제구,길,해맞이로81번길,주도로,137,6
부산광역시,연제구,길,해맞이로89번길,주도로,306,4
부산광역시,연제구,길,해맞이로93번길,주도로,227,2
부산광역시,연제구,길,해맞이로99번길,주도로,121,4
부산광역시,연제구,로,화지로,주도로,1740,15
부산광역시,연제구,길,화지로52번가길,주도로,192,3
부산광역시,연제구,길,화지로52번길,주도로,199,7
부산광역시,연제구,길,화지로76번가길,주도로,88,4
부산광역시,연제구,길,화지로76번길,주도로,98,6
부산광역시,연제구,로,황령산로,주도로,6090,8
부산광역시,연제구,길,황령산로493번길,주도로,97,2
부산광역시,연제구,길,황령산로498번길,주도로,92,2
부산광역시,연제구,길,황령산로503번길,주도로,171,3
부산광역시,연제구,길,황령산로509번길,주도로,156,2
부산광역시,연제구,길,황령산로516번길,주도로,95,2
부산광역시,연제구,길,황령산로517번길,주도로,96,2
부산광역시,연제구,길,황령산로521번가길,주도로,115,2
부산광역시,연제구,길,황령산로521번길,주도로,231,3
부산광역시,연제구,길,황령산로524번가길,주도로,161,2
부산광역시,연제구,길,황령산로524번길,주도로,252,2
부산광역시,연제구,길,황령산로529번길,주도로,115,2
부산광역시,연제구,길,황령산로543번길,주도로,295,2
부산광역시,연제구,길,황령산로578번길,주도로,412,4
부산광역시,연제구,길,황령산로605번길,주도로,200,12
부산광역시,연제구,로,황새알로,주도로,485,12
부산광역시,수영구,로,감포로,주도로,1093,16
부산광역시,수영구,길,감포로102번길,주도로,231,10
부산광역시,수영구,길,감포로12번길,주도로,300,5
부산광역시,수영구,길,감포로18번길,주도로,306,6
부산광역시,수영구,길,감포로38번길,주도로,165,7
부산광역시,수영구,길,감포로48번길,주도로,118,6
부산광역시,수영구,길,감포로60번길,주도로,118,7
부산광역시,수영구,길,감포로72번길,주도로,118,6
부산광역시,수영구,길,감포로88번길,주도로,139,8
부산광역시,수영구,길,감포로8번길,주도로,558,6
부산광역시,수영구,로,과정로,주도로,2310,25
부산광역시,수영구,길,과정로15번길,주도로,78,9
부산광역시,수영구,길,과정로16번길,주도로,168,8
부산광역시,수영구,길,과정로30번길,주도로,245,6
부산광역시,수영구,길,과정로41번길,주도로,426,9
부산광역시,수영구,길,과정로42번길,주도로,313,10
부산광역시,수영구,길,과정로55번길,주도로,420,8
부산광역시,수영구,길,과정로56번길,주도로,397,6
부산광역시,수영구,길,과정로5번길,주도로,137,8
부산광역시,수영구,길,과정로61번길,주도로,357,6
부산광역시,수영구,길,과정로67번길,주도로,374,8
부산광역시,수영구,길,과정로73번길,주도로,278,6
부산광역시,수영구,길,과정로79번길,주도로,305,7
부산광역시,수영구,길,과정로85번길,주도로,348,6
부산광역시,수영구,길,과정로91번가길,주도로,88,5
부산광역시,수영구,길,과정로91번길,주도로,373,4
부산광역시,수영구,길,과정로93번길,주도로,171,9
부산광역시,수영구,로,광남로,주도로,3285,20
부산광역시,수영구,길,광남로108번길,주도로,104,6
부산광역시,수영구,길,광남로10번길,주도로,124,5
부산광역시,수영구,길,광남로120번길,주도로,105,7
부산광역시,수영구,길,광남로130번길,주도로,112,9
부산광역시,수영구,길,광남로142번길,주도로,109,6
부산광역시,수영구,길,광남로172번길,주도로,266,4
부산광역시,수영구,길,광남로213번길,주도로,300,7
부산광역시,수영구,길,광남로223번길,주도로,169,6
부산광역시,수영구,길,광남로22번길,주도로,100,6
부산광역시,수영구,길,광남로257번길,주도로,296,6
부산광역시,수영구,길,광남로258번길,주도로,226,6
부산광역시,수영구,길,광남로48번길,주도로,284,8
부산광역시,수영구,길,광남로83번길,주도로,205,6
부산광역시,수영구,길,광남로84번길,주도로,102,6
부산광역시,수영구,길,광남로94번길,주도로,103,6
부산광역시,수영구,로,광서로,주도로,791,9
부산광역시,수영구,길,광서로10번길,주도로,387,6
부산광역시,수영구,길,광서로11번길,주도로,220,4
부산광역시,수영구,길,광서로16번길,주도로,313,7
부산광역시,수영구,길,광서로30번길,주도로,247,6
부산광역시,수영구,길,광서로35번길,주도로,120,6
부산광역시,수영구,길,광서로36번길,주도로,146,10
부산광역시,수영구,길,광서로39번길,주도로,114,8
부산광역시,수영구,길,광서로40번길,주도로,162,6
부산광역시,수영구,길,광서로42번길,주도로,187,4
부산광역시,수영구,길,광서로46번길,주도로,212,6
부산광역시,수영구,길,광서로50번길,주도로,231,4
부산광역시,수영구,길,광서로54번길,주도로,246,4
부산광역시,수영구,길,광서로9번길,주도로,343,6
부산광역시,수영구,로,광안로,주도로,691,22.237
부산광역시,수영구,길,광안로16번길,주도로,355,4
부산광역시,수영구,길,광안로21번가길,주도로,304,6
부산광역시,수영구,길,광안로21번길,주도로,341,6
부산광역시,수영구,길,광안로22번길,주도로,335,4
부산광역시,수영구,길,광안로35번길,주도로,422,6
부산광역시,수영구,길,광안로41번길,주도로,145,6
부산광역시,수영구,길,광안로45번길,주도로,151,7
부산광역시,수영구,길,광안로48번길,주도로,258,6
부산광역시,수영구,길,광안로49번길,주도로,473,6
부산광역시,수영구,길,광안로61번가길,주도로,173,5
부산광역시,수영구,길,광안로61번길,주도로,394,6
부산광역시,수영구,길,광안로61번나길,주도로,112,4
부산광역시,수영구,길,광안로62번길,주도로,237,6
부산광역시,수영구,길,광안로7번길,주도로,291,9
부산광역시,수영구,로,광안해변로,주도로,5108,22
부산광역시,수영구,길,광안해변로15번길,주도로,419,10
부산광역시,수영구,길,광안해변로255번길,주도로,328,8
부산광역시,수영구,길,광안해변로277번길,주도로,353,9
부산광역시,수영구,길,광안해변로278번길,주도로,325,6
부산광역시,수영구,길,광안해변로279번길,주도로,163,8
부산광역시,수영구,길,광안해변로284번길,주도로,315,9
부산광역시,수영구,길,광안해변로290번길,주도로,176,7
부산광역시,수영구,길,광안해변로294번길,주도로,341,13
부산광역시,수영구,길,광안해변로295번길,주도로,304,10
부산광역시,수영구,길,광안해변로307번길,주도로,279,4
부산광역시,수영구,길,광안해변로312번길,주도로,339,14
부산광역시,수영구,길,광안해변로326번길,주도로,228,12
부산광역시,수영구,길,광안해변로344번길,주도로,122,14
부산광역시,수영구,길,광안해변로358번길,주도로,159,15
부산광역시,수영구,길,광안해변로370번길,주도로,124,15
부산광역시,수영구,길,광안해변로378번길,주도로,106,12
부산광역시,수영구,길,광안해변로54번길,주도로,1172,10
부산광역시,수영구,로,광일로,주도로,799,15
부산광역시,수영구,길,광일로14번길,주도로,234,6
부산광역시,수영구,길,광일로20번가길,주도로,581,6
부산광역시,수영구,길,광일로20번길,주도로,453,6
부산광역시,수영구,길,광일로21번가길,주도로,87,4
부산광역시,수영구,길,광일로21번길,주도로,235,6
부산광역시,수영구,길,광일로29번가길,주도로,507,8
부산광역시,수영구,길,광일로29번길,주도로,365,8
부산광역시,수영구,길,광일로29번나길,주도로,232,7
부산광역시,수영구,길,광일로43번길,주도로,182,8
부산광역시,수영구,길,광일로46번길,주도로,206,8
부산광역시,수영구,길,광일로55번길,주도로,352,6
부산광역시,수영구,길,광일로56번길,주도로,151,6
부산광역시,수영구,길,광일로67번길,주도로,410,6
부산광역시,수영구,길,광일로68번길,주도로,114,7
부산광역시,수영구,길,광일로9번길,주도로,164,7
부산광역시,수영구,로,구락로,주도로,1668,12
부산광역시,수영구,길,구락로101번길,주도로,133,4
부산광역시,수영구,길,구락로105번길,주도로,151,4
부산광역시,수영구,길,구락로10번길,주도로,135,6
부산광역시,수영구,길,구락로111번길,주도로,111,6
부산광역시,수영구,길,구락로117번길,주도로,114,6
부산광역시,수영구,길,구락로123번길,주도로,208,7
부산광역시,수영구,길,구락로141번길,주도로,430.464,7
부산광역시,수영구,길,구락로153번길,주도로,427,7
부산광역시,수영구,길,구락로16번길,주도로,108,6
부산광역시,수영구,길,구락로25번가길,주도로,166,6
부산광역시,수영구,길,구락로25번길,주도로,377,6
부산광역시,수영구,길,구락로43번가길,주도로,247,6
부산광역시,수영구,길,구락로43번길,주도로,251,7
부산광역시,수영구,길,구락로57번길,주도로,178,7
부산광역시,수영구,길,구락로5번길,주도로,145,4
부산광역시,수영구,길,구락로75번길,주도로,154,8
부산광역시,수영구,길,구락로81번길,주도로,208,7
부산광역시,수영구,길,구락로91번길,주도로,101,4
부산광역시,수영구,로,금련로,주도로,800,10
부산광역시,수영구,길,금련로11번길,주도로,95,2
부산광역시,수영구,길,금련로15번길,주도로,160,3
부산광역시,수영구,길,금련로17번길,주도로,205,3
부산광역시,수영구,길,금련로21번길,주도로,93,4
부산광역시,수영구,길,금련로23번길,주도로,140,3
부산광역시,수영구,길,금련로25번길,주도로,115,4
부산광역시,수영구,길,금련로27번길,주도로,95,3
부산광역시,수영구,길,금련로31번가길,주도로,186,1
부산광역시,수영구,길,금련로31번길,주도로,230,6
부산광역시,수영구,길,금련로43번길,주도로,479,13
부산광역시,수영구,길,금련로7번길,주도로,190,6
부산광역시,수영구,길,금련로9번길,주도로,180,3
부산광역시,수영구,로,남천동로,주도로,1122,13
부산광역시,수영구,길,남천동로104번길,주도로,138,4
부산광역시,수영구,길,남천동로108번길,주도로,301,8
부산광역시,수영구,길,남천동로10번길,주도로,305,7
부산광역시,수영구,길,남천동로16번길,주도로,107,6
부산광역시,수영구,길,남천동로19번길,주도로,380,4
부산광역시,수영구,길,남천동로22번길,주도로,199,6
부산광역시,수영구,길,남천동로24번길,주도로,225,4
부산광역시,수영구,길,남천동로9번길,주도로,346,8
부산광역시,수영구,로,남천바다로,주도로,397,15
부산광역시,수영구,길,남천바다로10번길,주도로,430,8
부산광역시,수영구,길,남천바다로15번길,주도로,475,6
부산광역시,수영구,길,남천바다로21번길,주도로,518,6
부산광역시,수영구,길,남천바다로22번길,주도로,148,6
부산광역시,수영구,길,남천바다로33번길,주도로,570,6
부산광역시,수영구,길,남천바다로9번길,주도로,386,8
부산광역시,수영구,로,남천서로,주도로,371,9
부산광역시,수영구,길,남천서로13번길,주도로,138,5
부산광역시,수영구,길,남천서로19번길,주도로,140,6
부산광역시,수영구,길,남천서로20번길,주도로,295,6
부산광역시,수영구,길,남천서로25번길,주도로,103,6
부산광역시,수영구,길,남천서로32번길,주도로,256,5
부산광역시,수영구,로,망미로,주도로,295,14
부산광역시,수영구,길,망미로21번길,주도로,189,6
부산광역시,수영구,길,망미로22번길,주도로,630,6
부산광역시,수영구,길,망미로27번길,주도로,354,6
부산광역시,수영구,길,망미로28번길,주도로,342,6
부산광역시,수영구,길,망미로30번길,주도로,339,13
부산광역시,수영구,길,망미로7번길,주도로,377,8
부산광역시,수영구,길,망미로8번길,주도로,514,8
부산광역시,수영구,로,망미배산로,주도로,1066,16
부산광역시,수영구,길,망미배산로10번길,주도로,610,6
부산광역시,수영구,길,망미배산로18번길,주도로,215,6
부산광역시,수영구,길,망미배산로24번길,주도로,748,6
부산광역시,수영구,길,망미배산로30번길,주도로,204,6
부산광역시,수영구,길,망미배산로36번길,주도로,657,6
부산광역시,수영구,길,망미배산로42번길,주도로,205,6
부산광역시,수영구,길,망미배산로48번길,주도로,512,6
부산광역시,수영구,길,망미배산로70번길,주도로,224,8
부산광역시,수영구,길,망미배산로70번다길,주도로,90,5
부산광역시,수영구,길,망미배산로70번라길,주도로,165,6
부산광역시,수영구,길,망미배산로76번가길,주도로,237,5
부산광역시,수영구,길,망미배산로76번길,주도로,100,6
부산광역시,수영구,길,망미배산로76번나길,주도로,165,6
부산광역시,수영구,로,망미번영로,주도로,1127,28
부산광역시,수영구,길,망미번영로104번길,주도로,201,6
부산광역시,수영구,길,망미번영로110번길,주도로,428,6
부산광역시,수영구,길,망미번영로13번길,주도로,350,6
부산광역시,수영구,길,망미번영로16번가길,주도로,198,6
부산광역시,수영구,길,망미번영로16번길,주도로,491,5
부산광역시,수영구,길,망미번영로16번나길,주도로,204,6
부산광역시,수영구,길,망미번영로23번길,주도로,174,7
부산광역시,수영구,길,망미번영로24번길,주도로,531,5
부산광역시,수영구,길,망미번영로38번길,주도로,572,8
부산광역시,수영구,길,망미번영로52번길,주도로,623,7
부산광역시,수영구,길,망미번영로55번길,주도로,680,8
부산광역시,수영구,길,망미번영로60번길,주도로,196,7
부산광역시,수영구,길,망미번영로63번길,주도로,370,6
부산광역시,수영구,길,망미번영로70번길,주도로,865,7
부산광역시,수영구,길,망미번영로74번길,주도로,568,6
부산광역시,수영구,길,망미번영로7번길,주도로,196,6
부산광역시,수영구,길,망미번영로85번가길,주도로,219,6
부산광역시,수영구,길,망미번영로85번길,주도로,284,8
부산광역시,수영구,길,망미번영로85번나길,주도로,210,6
부산광역시,수영구,길,망미번영로88번길,주도로,398,9
부산광역시,수영구,길,망미번영로91번길,주도로,137,6
부산광역시,수영구,길,망미번영로92번길,주도로,389,6
부산광역시,수영구,길,망미번영로98번길,주도로,213,7
부산광역시,수영구,로,무학로,주도로,725,15
부산광역시,수영구,길,무학로10번길,주도로,247,8
부산광역시,수영구,길,무학로21번길,주도로,564,6
부산광역시,수영구,길,무학로22번길,주도로,247,6
부산광역시,수영구,길,무학로33번길,주도로,367,6
부산광역시,수영구,길,무학로34번길,주도로,248,6
부산광역시,수영구,길,무학로39번길,주도로,134,6
부산광역시,수영구,길,무학로46번길,주도로,248,6
부산광역시,수영구,길,무학로49번길,주도로,566,6
부산광역시,수영구,길,무학로52번길,주도로,274,6
부산광역시,수영구,길,무학로63번길,주도로,746,6
부산광역시,수영구,길,무학로64번길,주도로,222,6
부산광역시,수영구,길,무학로69번길,주도로,682,5
부산광역시,수영구,길,무학로9번길,주도로,740,8
부산광역시,수영구,로,민락로,주도로,397,9
부산광역시,수영구,길,민락로12번길,주도로,137,3
부산광역시,수영구,길,민락로13번길,주도로,121,4
부산광역시,수영구,길,민락로14번길,주도로,227,5
부산광역시,수영구,길,민락로19번길,주도로,123,6
부산광역시,수영구,길,민락로27번길,주도로,173,6
부산광역시,수영구,길,민락로28번길,주도로,100,7
부산광역시,수영구,길,민락로33번길,주도로,220,7
부산광역시,수영구,길,민락로34번길,주도로,320,6
부산광역시,수영구,길,민락로6번길,주도로,276,6
부산광역시,수영구,로,민락본동로,주도로,371,20
부산광역시,수영구,길,민락본동로11번길,주도로,442,6
부산광역시,수영구,길,민락본동로19번길,주도로,360,9
부산광역시,수영구,길,민락본동로27번길,주도로,356,6
부산광역시,수영구,길,민락본동로31번길,주도로,349,7
부산광역시,수영구,로,민락수변로,주도로,2761,18
부산광역시,수영구,길,민락수변로17번길,주도로,595,12
부산광역시,수영구,길,민락수변로239번길,주도로,148,6
부산광역시,수영구,길,민락수변로7번길,주도로,524,8
부산광역시,수영구,로,배산중로,주도로,313.525,10
부산광역시,수영구,대로,센텀북대로,주도로,1003,40
부산광역시,수영구,로,수미로,주도로,904,10
부산광역시,수영구,길,수미로13번길,주도로,287,6
부산광역시,수영구,길,수미로14번길,주도로,265,7.787
부산광역시,수영구,길,수미로25번길,주도로,315,5
부산광역시,수영구,길,수미로26번길,주도로,407,6
부산광역시,수영구,길,수미로35번길,주도로,287,6
부산광역시,수영구,길,수미로36번길,주도로,143,6
부산광역시,수영구,길,수미로41번길,주도로,249,6
부산광역시,수영구,길,수미로42번길,주도로,143,6
부산광역시,수영구,길,수미로49번길,주도로,231,6
부산광역시,수영구,길,수미로50번가길,주도로,141,4
부산광역시,수영구,길,수미로50번길,주도로,344,6
부산광역시,수영구,길,수미로50번나길,주도로,214,3
부산광역시,수영구,길,수미로58번길,주도로,123,6
부산광역시,수영구,길,수미로63번길,주도로,120,6
부산광역시,수영구,길,수미로71번길,주도로,180,6
부산광역시,수영구,길,수미로86번길,주도로,160,6
부산광역시,수영구,길,수영강서자전거길,주도로,8372,2
부산광역시,수영구,길,수영강서자전거길,주도로,8372,2
부산광역시,수영구,로,수영로,주도로,8100,30
부산광역시,수영구,길,수영로383번길,주도로,459,4
부산광역시,수영구,길,수영로384번길,주도로,238,12
부산광역시,수영구,길,수영로388번길,주도로,256,7
부산광역시,수영구,길,수영로393번길,주도로,277.09,6
부산광역시,수영구,길,수영로394번길,주도로,209,6
부산광역시,수영구,길,수영로402번길,주도로,120,6
부산광역시,수영구,길,수영로408번길,주도로,857,8
부산광역시,수영구,길,수영로427번길,주도로,324,12
부산광역시,수영구,길,수영로451번길,주도로,138,6
부산광역시,수영구,길,수영로464번길,주도로,160,8
부산광역시,수영구,길,수영로475번길,주도로,283,6
부산광역시,수영구,길,수영로476번길,주도로,203,10
부산광역시,수영구,길,수영로481번길,주도로,120,6
부산광역시,수영구,길,수영로487번길,주도로,200,6
부산광역시,수영구,길,수영로488번길,주도로,180,6
부산광역시,수영구,길,수영로497번가길,주도로,228,6
부산광역시,수영구,길,수영로497번길,주도로,256,12
부산광역시,수영구,길,수영로497번나길,주도로,143,2
부산광역시,수영구,길,수영로507번길,주도로,324,3
부산광역시,수영구,길,수영로510번길,주도로,314,6
부산광역시,수영구,길,수영로513번길,주도로,124,2
부산광역시,수영구,길,수영로521번가길,주도로,116,8
부산광역시,수영구,길,수영로521번길,주도로,669,7
부산광역시,수영구,길,수영로522번길,주도로,357,4
부산광역시,수영구,길,수영로528번길,주도로,208,6
부산광역시,수영구,길,수영로534번길,주도로,198,4
부산광역시,수영구,길,수영로536번길,주도로,405,4
부산광역시,수영구,길,수영로540번길,주도로,424,8
부산광역시,수영구,길,수영로545번가길,주도로,213,4
부산광역시,수영구,길,수영로545번길,주도로,187,7
부산광역시,수영구,길,수영로545번나길,주도로,129,6
부산광역시,수영구,길,수영로546번길,주도로,121,6
부산광역시,수영구,길,수영로554번가길,주도로,134,6
부산광역시,수영구,길,수영로554번길,주도로,464,6
부산광역시,수영구,길,수영로575번길,주도로,202,14
부산광역시,수영구,길,수영로581번길,주도로,200,6
부산광역시,수영구,길,수영로582번길,주도로,319,6
부산광역시,수영구,길,수영로587번길,주도로,239,6
부산광역시,수영구,길,수영로588번가길,주도로,164,7
부산광역시,수영구,길,수영로588번길,주도로,553,3
부산광역시,수영구,길,수영로594번길,주도로,638,8
부산광역시,수영구,길,수영로595번길,주도로,138,3
부산광역시,수영구,길,수영로600번길,주도로,518,6
부산광역시,수영구,길,수영로603번길,주도로,168,6
부산광역시,수영구,길,수영로606번길,주도로,685,8
부산광역시,수영구,길,수영로607번길,주도로,150,4
부산광역시,수영구,길,수영로610번길,주도로,590,6
부산광역시,수영구,길,수영로611번길,주도로,295,9
부산광역시,수영구,길,수영로618번길,주도로,620,6
부산광역시,수영구,길,수영로624번길,주도로,449,6
부산광역시,수영구,길,수영로636번길,주도로,450,6
부산광역시,수영구,길,수영로642번길,주도로,493,6
부산광역시,수영구,길,수영로646번길,주도로,326,6
부산광역시,수영구,길,수영로652번길,주도로,442,8
부산광역시,수영구,길,수영로660번길,주도로,240,6
부산광역시,수영구,길,수영로665번길,주도로,143,6
부산광역시,수영구,길,수영로666번길,주도로,381,6
부산광역시,수영구,길,수영로674번길,주도로,206,6
부산광역시,수영구,길,수영로679번길,주도로,138,8
부산광역시,수영구,길,수영로680번길,주도로,312,8
부산광역시,수영구,길,수영로702번길,주도로,243,8
부산광역시,수영구,길,수영로705번길,주도로,277,8
부산광역시,수영구,길,수영로725번길,주도로,380,8
부산광역시,수영구,길,수영로741번길,주도로,670,9
부산광역시,수영구,로,수영성로,주도로,426,8
부산광역시,수영구,길,수영성로13번길,주도로,145,4
부산광역시,수영구,길,수영성로26번길,주도로,147,2
부산광역시,수영구,길,수영성로27번길,주도로,166,3
부산광역시,수영구,길,수영성로32번길,주도로,144,3
부산광역시,수영구,길,수영성로3번길,주도로,99,4
부산광역시,수영구,길,수영성로8번길,주도로,234,4
부산광역시,수영구,로,연수로,주도로,4250,25
부산광역시,수영구,길,연수로235번길,주도로,189,7
부산광역시,수영구,길,연수로240번길,주도로,170,9
부산광역시,수영구,길,연수로241번길,주도로,230,6
부산광역시,수영구,길,연수로249번길,주도로,204,8
부산광역시,수영구,길,연수로252번길,주도로,232,8
부산광역시,수영구,길,연수로257번길,주도로,133,6
부산광역시,수영구,길,연수로260번길,주도로,273,6
부산광역시,수영구,길,연수로263번길,주도로,191,6
부산광역시,수영구,길,연수로264번길,주도로,212,6
부산광역시,수영구,길,연수로269번길,주도로,120,6
부산광역시,수영구,길,연수로270번길,주도로,178,6
부산광역시,수영구,길,연수로275번길,주도로,180,8
부산광역시,수영구,길,연수로276번길,주도로,260,6
부산광역시,수영구,길,연수로282번길,주도로,292,8
부산광역시,수영구,길,연수로287번길,주도로,152,4
부산광역시,수영구,길,연수로288번길,주도로,120,6
부산광역시,수영구,길,연수로296번길,주도로,320,6
부산광역시,수영구,길,연수로302번길,주도로,151,6
부산광역시,수영구,길,연수로310번길,주도로,649,10
부산광역시,수영구,길,연수로312번길,주도로,147,6
부산광역시,수영구,길,연수로315번길,주도로,216,13
부산광역시,수영구,길,연수로316번길,주도로,146,3
부산광역시,수영구,길,연수로324번길,주도로,565,6
부산광역시,수영구,길,연수로330번길,주도로,146,6
부산광역시,수영구,길,연수로335번길,주도로,271,4
부산광역시,수영구,길,연수로336번길,주도로,421,8
부산광역시,수영구,길,연수로342번길,주도로,425,6
부산광역시,수영구,길,연수로348번길,주도로,257,6
부산광역시,수영구,길,연수로357번길,주도로,196,9
부산광역시,수영구,길,연수로364번길,주도로,177,6
부산광역시,수영구,길,연수로369번길,주도로,147,8
부산광역시,수영구,길,연수로370번길,주도로,263,9
부산광역시,수영구,길,연수로376번길,주도로,120,6
부산광역시,수영구,길,연수로379번길,주도로,386,6
부산광역시,수영구,길,연수로382번가길,주도로,145,3
부산광역시,수영구,길,연수로382번길,주도로,478,6
부산광역시,수영구,길,연수로385번길,주도로,134,6
부산광역시,수영구,길,연수로386번길,주도로,120,7
부산광역시,수영구,길,연수로391번길,주도로,177,8
부산광역시,수영구,길,연수로392번가길,주도로,190,6
부산광역시,수영구,길,연수로392번길,주도로,364,8
부산광역시,수영구,길,연수로396번길,주도로,120,6
부산광역시,수영구,길,연수로401번길,주도로,142,7
부산광역시,수영구,길,연수로404번길,주도로,376,6
부산광역시,수영구,길,연수로415번길,주도로,313,8
부산광역시,수영구,길,연수로416번길,주도로,370,8
부산광역시,수영구,로,장대골로,주도로,752,8
부산광역시,수영구,길,장대골로19번가길,주도로,373,6
부산광역시,수영구,길,장대골로19번길,주도로,280,6
부산광역시,수영구,길,장대골로27번길,주도로,159,6
부산광역시,수영구,길,장대골로31번길,주도로,138,7
부산광역시,수영구,길,장대골로39번길,주도로,223,7
부산광역시,수영구,길,장대골로45번길,주도로,191,8
부산광역시,수영구,길,장대골로52번길,주도로,121,6
부산광역시,수영구,길,장대골로57번가길,주도로,183,6
부산광역시,수영구,길,장대골로57번길,주도로,142,6
부산광역시,수영구,길,장대골로67번길,주도로,104,6
부산광역시,수영구,길,장대골로68번길,주도로,194,5
부산광역시,수영구,길,장대골로76번길,주도로,312,6
부산광역시,수영구,길,장대골로7번길,주도로,283,8
부산광역시,수영구,로,좌수영로,주도로,3470,30
부산광역시,수영구,길,좌수영로101번길,주도로,277,8
부산광역시,수영구,길,좌수영로117번길,주도로,163,7
부산광역시,수영구,길,좌수영로125번길,주도로,115,7
부산광역시,수영구,길,좌수영로167번길,주도로,115,8
부산광역시,수영구,길,좌수영로173번길,주도로,118,6
부산광역시,수영구,길,좌수영로179번길,주도로,121,7
부산광역시,수영구,길,좌수영로185번길,주도로,124,6
부산광역시,수영구,길,좌수영로191번길,주도로,128,7
부산광역시,수영구,길,좌수영로210번길,주도로,449,12
부산광역시,수영구,길,좌수영로83번길,주도로,162,13
부산광역시,수영구,로,토곡남로,주도로,430,10
부산광역시,수영구,길,토곡남로29번길,주도로,178,4
부산광역시,수영구,길,토곡남로34번길,주도로,114,4
부산광역시,수영구,로,톳고개로,주도로,810,15
부산광역시,수영구,로,호암로,주도로,804,8
부산광역시,수영구,길,호암로14번길,주도로,100,6
부산광역시,수영구,길,호암로25번길,주도로,196,6
부산광역시,수영구,길,호암로29번가길,주도로,299,7
부산광역시,수영구,길,호암로29번길,주도로,698,6
부산광역시,수영구,길,호암로29번나길,주도로,145,7
부산광역시,수영구,길,호암로30번길,주도로,133,6
부산광역시,수영구,길,호암로55번길,주도로,350,4
부산광역시,수영구,길,호암로9번길,주도로,192,8
부산광역시,수영구,대로,황령대로,주도로,5000,40
부산광역시,수영구,길,황령대로457번길,주도로,176,3
부산광역시,수영구,길,황령대로473번길,주도로,153,7
부산광역시,수영구,길,황령대로481번길,주도로,408,8
부산광역시,수영구,길,황령대로489번길,주도로,854,12
부산광역시,수영구,길,황령대로497번길,주도로,194,6
부산광역시,수영구,길,황령대로509번길,주도로,189,13
부산광역시,수영구,로,황령산로,주도로,6090,10
부산광역시,수영구,길,황령산로15번길,주도로,186,6
부산광역시,수영구,길,황령산로22번길,주도로,106,6
부산광역시,수영구,길,황령산로7번길,주도로,420,8
부산광역시,수영구,길,황령산로8번길,주도로,370,8
부산광역시,사상구,대로,가야대로,주도로,8040,50
부산광역시,사상구,길,가야대로103번길,주도로,451,15
부산광역시,사상구,길,가야대로104번길,주도로,302,11
부산광역시,사상구,길,가야대로11번길,주도로,457,10
부산광역시,사상구,길,가야대로12번길,주도로,302,11
부산광역시,사상구,길,가야대로133번길,주도로,451,4
부산광역시,사상구,길,가야대로134번길,주도로,302,11
부산광역시,사상구,길,가야대로175번길,주도로,390,10
부산광역시,사상구,길,가야대로176번길,주도로,566,10
부산광역시,사상구,길,가야대로195번길,주도로,309,10
부산광역시,사상구,길,가야대로196번길,주도로,390,10
부산광역시,사상구,길,가야대로213번길,주도로,206,10
부산광역시,사상구,길,가야대로214번길,주도로,288,10
부산광역시,사상구,길,가야대로230번길,주도로,235,14
부산광역시,사상구,길,가야대로255번길,주도로,167,20
부산광역시,사상구,길,가야대로271번길,주도로,136,4
부산광역시,사상구,길,가야대로277번길,주도로,371,15
부산광역시,사상구,길,가야대로282번길,주도로,429,12
부산광역시,사상구,길,가야대로284번길,주도로,464,5
부산광역시,사상구,길,가야대로306번길,주도로,478,10
부산광역시,사상구,길,가야대로310번길,주도로,217,6
부산광역시,사상구,길,가야대로318번길,주도로,482,9
부산광역시,사상구,길,가야대로330번길,주도로,482,8
부산광역시,사상구,길,가야대로344번길,주도로,483,8
부산광역시,사상구,길,가야대로360번길,주도로,402,8
부산광역시,사상구,길,가야대로366번길,주도로,991,8
부산광역시,사상구,길,가야대로378번길,주도로,464,6
부산광역시,사상구,길,가야대로388번길,주도로,417,4
부산광역시,사상구,길,가야대로443번가길,주도로,256,1
부산광역시,사상구,길,가야대로48번길,주도로,302,11
부산광역시,사상구,길,가야대로64번길,주도로,302,11
부산광역시,사상구,로,감전천로,주도로,2595,10
부산광역시,사상구,대로,강변대로,주도로,19389,40
부산광역시,사상구,길,강변대로456번길,주도로,270,11
부산광역시,사상구,길,강변대로532번길,주도로,634,13
부산광역시,사상구,로,강선로,주도로,568,12
부산광역시,사상구,길,강선로12번길,주도로,186,9
부산광역시,사상구,길,강선로13번길,주도로,113,4
부산광역시,사상구,길,강선로22번길,주도로,258,4
부산광역시,사상구,로,광장로,주도로,1159,24
부산광역시,사상구,길,광장로103번길,주도로,226,8
부산광역시,사상구,길,광장로104번길,주도로,328,6
부산광역시,사상구,길,광장로105번길,주도로,483,4
부산광역시,사상구,길,광장로13번길,주도로,392,12
부산광역시,사상구,길,광장로1번길,주도로,520,6
부산광역시,사상구,길,광장로20번길,주도로,462,10
부산광역시,사상구,길,광장로21번길,주도로,658,8
부산광역시,사상구,길,광장로2번길,주도로,454,8
부산광역시,사상구,길,광장로37번길,주도로,509,6
부산광역시,사상구,길,광장로38번길,주도로,198,9
부산광역시,사상구,길,광장로56번길,주도로,480,10
부산광역시,사상구,길,광장로81번길,주도로,611,8
부산광역시,사상구,길,광장로86번길,주도로,363,8
부산광역시,사상구,길,광장로87번길,주도로,560,6
부산광역시,사상구,길,광장로93번길,주도로,486,10
부산광역시,사상구,길,광장로97번길,주도로,403,8
부산광역시,사상구,로,괘감로,주도로,1513,15
부산광역시,사상구,길,낙동강자전거길,주도로,368939,2
부산광역시,사상구,대로,낙동대로,주도로,17497,44
부산광역시,사상구,길,낙동대로1002번길,주도로,404,10
부산광역시,사상구,길,낙동대로1016번길,주도로,381,14
부산광역시,사상구,길,낙동대로1048번길,주도로,319,15
부산광역시,사상구,길,낙동대로1062번길,주도로,293,10
부산광역시,사상구,길,낙동대로1210번길,주도로,519,8
부산광역시,사상구,길,낙동대로1234번길,주도로,163,8
부산광역시,사상구,길,낙동대로1244번길,주도로,176,6
부산광역시,사상구,길,낙동대로1250번길,주도로,193,6
부산광역시,사상구,길,낙동대로1258번길,주도로,213,6
부산광역시,사상구,길,낙동대로1264번길,주도로,230,9
부산광역시,사상구,길,낙동대로1272번길,주도로,114,6
부산광역시,사상구,길,낙동대로1292번길,주도로,302,6
부산광역시,사상구,길,낙동대로1302번길,주도로,334,6
부산광역시,사상구,길,낙동대로1310번길,주도로,353,8
부산광역시,사상구,길,낙동대로1318번길,주도로,375,6
부산광역시,사상구,길,낙동대로1330번길,주도로,411,6
부산광역시,사상구,길,낙동대로1338번길,주도로,432,8
부산광역시,사상구,길,낙동대로1348번길,주도로,459,6
부산광역시,사상구,길,낙동대로1356번길,주도로,473,8
부산광역시,사상구,길,낙동대로1366번길,주도로,487,6
부산광역시,사상구,길,낙동대로1384번길,주도로,492,7
부산광역시,사상구,길,낙동대로1390번길,주도로,491,8
부산광역시,사상구,길,낙동대로1396번길,주도로,484,6
부산광역시,사상구,길,낙동대로1404번길,주도로,474,8
부산광역시,사상구,길,낙동대로1412번길,주도로,458,6
부산광역시,사상구,길,낙동대로1420번길,주도로,440,10
부산광역시,사상구,길,낙동대로1428번길,주도로,419,6
부산광역시,사상구,길,낙동대로1436번길,주도로,392,6
부산광역시,사상구,길,낙동대로1446번길,주도로,362,6
부산광역시,사상구,길,낙동대로1452번길,주도로,332,8
부산광역시,사상구,길,낙동대로1460번길,주도로,301,8
부산광역시,사상구,길,낙동대로1468번길,주도로,270,8
부산광역시,사상구,길,낙동대로1488번길,주도로,222,8
부산광역시,사상구,길,낙동대로1510번길,주도로,220,8
부산광역시,사상구,길,낙동대로1518번길,주도로,215,14
부산광역시,사상구,길,낙동대로1530번길,주도로,277,6
부산광역시,사상구,길,낙동대로1534번길,주도로,239,4
부산광역시,사상구,길,낙동대로1540번길,주도로,201,6
부산광역시,사상구,길,낙동대로1548번길,주도로,165,4
부산광역시,사상구,길,낙동대로722번길,주도로,346,3
부산광역시,사상구,길,낙동대로772번길,주도로,158,6
부산광역시,사상구,길,낙동대로776번길,주도로,242,12
부산광역시,사상구,길,낙동대로815번길,주도로,377,10
부산광역시,사상구,길,낙동대로841번길,주도로,366,10
부산광역시,사상구,길,낙동대로881번길,주도로,318,12
부산광역시,사상구,길,낙동대로882번길,주도로,253,10
부산광역시,사상구,길,낙동대로901번길,주도로,248,10
부산광역시,사상구,길,낙동대로902번길,주도로,358,10
부산광역시,사상구,길,낙동대로915번길,주도로,169,10
부산광역시,사상구,길,낙동대로916번길,주도로,453,10
부산광역시,사상구,길,낙동대로924번길,주도로,184,5
부산광역시,사상구,길,낙동대로943번길,주도로,1603,10
부산광역시,사상구,길,낙동대로960번길,주도로,536,10
부산광역시,사상구,길,낙동대로970번길,주도로,479,11
부산광역시,사상구,길,낙동대로988번길,주도로,436,10
부산광역시,사상구,고속도로,남해2지선고속도로,주도로,20600,30
부산광역시,사상구,로,냉정로,주도로,2990,20
부산광역시,사상구,길,냉정로4번길,주도로,180,5
부산광역시,사상구,길,냉정로6번길,주도로,211,4
부산광역시,사상구,로,농산물시장로,주도로,504,31
부산광역시,사상구,길,농산물시장로25번길,주도로,509,15
부산광역시,사상구,길,농산물시장로26번길,주도로,330,12
부산광역시,사상구,길,농산물시장로9번길,주도로,509,10
부산광역시,사상구,로,대동로,주도로,3309,16
부산광역시,사상구,길,대동로107번길,주도로,155,4
부산광역시,사상구,길,대동로115번길,주도로,295,4
부산광역시,사상구,길,대동로131번길,주도로,142,2
부산광역시,사상구,길,대동로140번길,주도로,303,8
부산광역시,사상구,길,대동로159번길,주도로,668,7
부산광역시,사상구,길,대동로179번길,주도로,357,14
부산광역시,사상구,길,대동로180번길,주도로,138,11
부산광역시,사상구,길,대동로193번길,주도로,356,10
부산광역시,사상구,길,대동로209번길,주도로,354,10
부산광역시,사상구,길,대동로223번길,주도로,352,10
부산광역시,사상구,길,대동로22번길,주도로,176,8
부산광역시,사상구,길,대동로239번길,주도로,350,10
부산광역시,사상구,길,대동로269번길,주도로,348,10
부산광역시,사상구,길,대동로283번길,주도로,348,10
부산광역시,사상구,길,대동로323번길,주도로,152,3
부산광역시,사상구,길,대동로33번길,주도로,230,3
부산광역시,사상구,길,대동로64번길,주도로,242,10
부산광역시,사상구,길,대동로8번길,주도로,175,6
부산광역시,사상구,로,덕상로,주도로,1552,12
부산광역시,사상구,길,덕상로64번가길,주도로,181,5
부산광역시,사상구,길,덕상로64번길,주도로,129,6
부산광역시,사상구,길,덕상로72번길,주도로,278,12
부산광역시,사상구,로,동주로,주도로,313,12
부산광역시,사상구,길,동주로16번길,주도로,309,9
부산광역시,사상구,로,모덕로,주도로,1306,20
부산광역시,사상구,길,모덕로102번길,주도로,242,6
부산광역시,사상구,길,모덕로107번길,주도로,604,5
부산광역시,사상구,길,모덕로108번길,주도로,538,6
부산광역시,사상구,길,모덕로27번길,주도로,812,8
부산광역시,사상구,길,모덕로67번길,주도로,822,9
부산광역시,사상구,길,모덕로95번길,주도로,568,6
부산광역시,사상구,길,모덕로96번길,주도로,537,9
부산광역시,사상구,로,모라로,주도로,2319,30
부산광역시,사상구,길,모라로110번길,주도로,766,15
부산광역시,사상구,길,모라로141번길,주도로,276,4
부산광역시,사상구,길,모라로192번길,주도로,1035,8
부산광역시,사상구,길,모라로219번길,주도로,907,3
부산광역시,사상구,길,모라로37번길,주도로,365,6
부산광역시,사상구,길,모라로46번길,주도로,424,6
부산광역시,사상구,길,모라로51번길,주도로,737,7
부산광역시,사상구,길,모라로52번길,주도로,169,3
부산광역시,사상구,길,모라로56번길,주도로,259,8
부산광역시,사상구,길,모라로60번길,주도로,261,2
부산광역시,사상구,길,모라로64번길,주도로,469,2
부산광역시,사상구,길,모라로6번길,주도로,375,8
부산광역시,사상구,길,모라로88번길,주도로,504,7
부산광역시,사상구,대로,백양대로,주도로,12050,40
부산광역시,사상구,길,백양대로320번길,주도로,277,11
부산광역시,사상구,길,백양대로342번길,주도로,284,15
부산광역시,사상구,길,백양대로357번길,주도로,723,9
부산광역시,사상구,길,백양대로433번길,주도로,156,5
부산광역시,사상구,길,백양대로437번길,주도로,190,2
부산광역시,사상구,길,백양대로445번길,주도로,688,7
부산광역시,사상구,길,백양대로455번길,주도로,130,2
부산광역시,사상구,길,백양대로494번길,주도로,391,11
부산광역시,사상구,길,백양대로500번길,주도로,132,6
부산광역시,사상구,길,백양대로501번길,주도로,142,1
부산광역시,사상구,길,백양대로504번길,주도로,286,6
부산광역시,사상구,길,백양대로506번길,주도로,452,8
부산광역시,사상구,길,백양대로547번길,주도로,398,9
부산광역시,사상구,길,백양대로561번길,주도로,244,8
부산광역시,사상구,길,백양대로572번길,주도로,314,9
부산광역시,사상구,길,백양대로646번가길,주도로,235,4
부산광역시,사상구,길,백양대로646번길,주도로,407,4
부산광역시,사상구,길,백양대로646번나길,주도로,685,10
부산광역시,사상구,길,백양대로659번길,주도로,219,11
부산광역시,사상구,길,백양대로686번길,주도로,146,3
부산광역시,사상구,길,백양대로700번길,주도로,722,12
부산광역시,사상구,길,백양대로703번길,주도로,357,9
부산광역시,사상구,길,백양대로762번길,주도로,131,5
부산광역시,사상구,길,백양대로768번길,주도로,604,10
부산광역시,사상구,길,백양대로778번길,주도로,127,8
부산광역시,사상구,길,백양대로804번길,주도로,479,11
부산광역시,사상구,길,백양대로902번길,주도로,441,6
부산광역시,사상구,길,백양대로907번가길,주도로,361,6
부산광역시,사상구,길,백양대로907번길,주도로,517,11
부산광역시,사상구,길,백양대로907번나길,주도로,278,6
부산광역시,사상구,길,백양대로907번다길,주도로,319,6
부산광역시,사상구,길,백양대로934번길,주도로,506,8
부산광역시,사상구,길,백양대로950번가길,주도로,491,6
부산광역시,사상구,길,백양대로950번길,주도로,136,8
부산광역시,사상구,길,백양대로950번나길,주도로,486,8
부산광역시,사상구,길,백양대로979번가길,주도로,228,6
부산광역시,사상구,길,백양대로979번길,주도로,479,8
부산광역시,사상구,길,백양대로979번나길,주도로,295,6
부산광역시,사상구,길,백양대로979번다길,주도로,234,6
부산광역시,사상구,길,백양대로979번라길,주도로,203,6
부산광역시,사상구,로,사상로,주도로,5270,20
부산광역시,사상구,길,사상로104번길,주도로,324,7
부산광역시,사상구,길,사상로123번길,주도로,133,11
부산광역시,사상구,길,사상로137번길,주도로,221,4
부산광역시,사상구,길,사상로146번길,주도로,209,6
부산광역시,사상구,길,사상로147번길,주도로,281,6
부산광역시,사상구,길,사상로148번길,주도로,317,6
부산광역시,사상구,길,사상로161번길,주도로,352,11
부산광역시,사상구,길,사상로162번길,주도로,186,8
부산광역시,사상구,길,사상로163번길,주도로,222,8
부산광역시,사상구,길,사상로170번길,주도로,220,8
부산광역시,사상구,길,사상로181번길,주도로,464,10
부산광역시,사상구,길,사상로202번길,주도로,352,8
부산광역시,사상구,길,사상로211번길,주도로,413,4
부산광역시,사상구,길,사상로212번길,주도로,355,10
부산광역시,사상구,길,사상로223번길,주도로,551,6
부산광역시,사상구,길,사상로224번길,주도로,323,6
부산광역시,사상구,길,사상로233번길,주도로,396,6
부산광역시,사상구,길,사상로238번길,주도로,260,6
부산광역시,사상구,길,사상로243번길,주도로,142,6
부산광역시,사상구,길,사상로250번길,주도로,641,6
부산광역시,사상구,길,사상로269번길,주도로,160,6
부산광역시,사상구,길,사상로277번가길,주도로,216,4
부산광역시,사상구,길,사상로277번길,주도로,357,8
부산광역시,사상구,길,사상로277번나길,주도로,212,4
부산광역시,사상구,길,사상로285번길,주도로,165,6
부산광역시,사상구,길,사상로292번길,주도로,239,7
부산광역시,사상구,길,사상로293번길,주도로,168,6
부산광역시,사상구,길,사상로309번길,주도로,378,9
부산광역시,사상구,길,사상로310번길,주도로,663,12
부산광역시,사상구,길,사상로319번길,주도로,395,4
부산광역시,사상구,길,사상로333번길,주도로,401,6
부산광역시,사상구,길,사상로336번길,주도로,244,8
부산광역시,사상구,길,사상로341번길,주도로,401,8
부산광역시,사상구,길,사상로342번길,주도로,320,6
부산광역시,사상구,길,사상로349번길,주도로,403,6
부산광역시,사상구,길,사상로355번길,주도로,402,8
부산광역시,사상구,길,사상로356번길,주도로,299,9
부산광역시,사상구,길,사상로35번길,주도로,165,10
부산광역시,사상구,길,사상로367번길,주도로,402,6
부산광역시,사상구,길,사상로368번길,주도로,275,6
부산광역시,사상구,길,사상로374번길,주도로,190,7
부산광역시,사상구,길,사상로375번길,주도로,402,8
부산광역시,사상구,길,사상로385번길,주도로,403,6
부산광역시,사상구,길,사상로386번길,주도로,241,6
부산광역시,사상구,길,사상로38번길,주도로,208,11
부산광역시,사상구,길,사상로393번길,주도로,402,8
부산광역시,사상구,길,사상로394번길,주도로,228,6
부산광역시,사상구,길,사상로401번길,주도로,402,6
부산광역시,사상구,길,사상로402번길,주도로,214,8
부산광역시,사상구,길,사상로417번길,주도로,403,6
부산광역시,사상구,길,사상로425번길,주도로,402,8
부산광역시,사상구,길,사상로426번길,주도로,173,9
부산광역시,사상구,길,사상로433번길,주도로,403,6
부산광역시,사상구,길,사상로439번길,주도로,402,8
부산광역시,사상구,길,사상로440번길,주도로,149,9
부산광역시,사상구,길,사상로447번길,주도로,402,6
부산광역시,사상구,길,사상로455번길,주도로,402,10
부산광역시,사상구,길,사상로456번길,주도로,149,10
부산광역시,사상구,길,사상로45번길,주도로,168,10
부산광역시,사상구,길,사상로469번가길,주도로,139,3
부산광역시,사상구,길,사상로469번길,주도로,405,8
부산광역시,사상구,길,사상로469번나길,주도로,135,6
부산광역시,사상구,길,사상로469번다길,주도로,129,6
부산광역시,사상구,길,사상로46번길,주도로,528,6
부산광역시,사상구,길,사상로470번길,주도로,151,6
부산광역시,사상구,길,사상로477번길,주도로,417,8
부산광역시,사상구,길,사상로478번길,주도로,143,8
부산광역시,사상구,길,사상로481번길,주도로,167,4
부산광역시,사상구,길,사상로489번길,주도로,443,6
부산광역시,사상구,길,사상로500번길,주도로,284,7
부산광역시,사상구,길,사상로509번길,주도로,165,6
부산광역시,사상구,길,사상로519번길,주도로,390,6
부산광역시,사상구,길,사상로525번길,주도로,290,8
부산광역시,사상구,길,사상로531번길,주도로,349,14
부산광역시,사상구,길,사상로539번길,주도로,225,6
부산광역시,사상구,길,사상로551번길,주도로,234,8
부산광역시,사상구,길,사상로557번길,주도로,163,6
부산광역시,사상구,길,사상로565번길,주도로,239,6
부산광역시,사상구,길,사상로571번길,주도로,161,6
부산광역시,사상구,길,사상로75번길,주도로,144,10
부산광역시,사상구,길,사상로90번길,주도로,94,3
부산광역시,사상구,로,삼덕로,주도로,1252,20
부산광역시,사상구,길,삼덕로45번길,주도로,853,8
부산광역시,사상구,길,삼덕로46번길,주도로,626,6
부산광역시,사상구,길,삼덕로46번안길,주도로,194,6
부산광역시,사상구,길,삼덕로5번길,주도로,922,8
부산광역시,사상구,길,삼덕로73번길,주도로,289,9
부산광역시,사상구,길,삼덕로74번길,주도로,167,8
부산광역시,사상구,길,삼덕로84번길,주도로,144,4
부산광역시,사상구,길,삼덕로89번길,주도로,169,8
부산광역시,사상구,길,삼덕로8번길,주도로,129,2
부산광역시,사상구,길,삼덕로90번길,주도로,138,8
부산광역시,사상구,길,삼덕로99번길,주도로,205,6
부산광역시,사상구,로,삼락천로,주도로,3465,12
부산광역시,사상구,로,새벽로,주도로,2366,20
부산광역시,사상구,길,새벽로121번길,주도로,551,10
부산광역시,사상구,길,새벽로137번길,주도로,298,8
부산광역시,사상구,길,새벽로167번길,주도로,748,8
부산광역시,사상구,길,새벽로168번길,주도로,349,10
부산광역시,사상구,길,새벽로177번길,주도로,168,6
부산광역시,사상구,길,새벽로17번길,주도로,439,10
부산광역시,사상구,길,새벽로18번길,주도로,194,10
부산광역시,사상구,길,새벽로194번길,주도로,402,6
부산광역시,사상구,길,새벽로201번길,주도로,186,11
부산광역시,사상구,길,새벽로202번길,주도로,307,4
부산광역시,사상구,길,새벽로215번길,주도로,721,8
부산광역시,사상구,길,새벽로223번길,주도로,716,8
부산광역시,사상구,길,새벽로31번길,주도로,442,15
부산광역시,사상구,길,새벽로45번길,주도로,461,10
부산광역시,사상구,길,새벽로63번길,주도로,480,10
부산광역시,사상구,길,새벽로77번길,주도로,498,10
부산광역시,사상구,길,새벽로91번길,주도로,517,15
부산광역시,사상구,로,새벽시장로,주도로,1549,14
부산광역시,사상구,길,새벽시장로103번길,주도로,306,10
부산광역시,사상구,길,새벽시장로133번길,주도로,278,10
부산광역시,사상구,길,새벽시장로29번길,주도로,346,10
부산광역시,사상구,길,새벽시장로45번길,주도로,345,10
부산광역시,사상구,길,새벽시장로46번길,주도로,302,9
부산광역시,사상구,길,새벽시장로56번가길,주도로,343,7
부산광역시,사상구,길,새벽시장로56번길,주도로,302,9
부산광역시,사상구,길,새벽시장로57번길,주도로,106,5
부산광역시,사상구,길,새벽시장로63번길,주도로,343,11
부산광역시,사상구,길,새벽시장로64번길,주도로,451,10
부산광역시,사상구,길,새벽시장로75번길,주도로,150,4
부산광역시,사상구,길,새벽시장로9번길,주도로,348,10
부산광역시,사상구,로,양지로,주도로,571,12
부산광역시,사상구,길,양지로22번길,주도로,365,6
부산광역시,사상구,길,양지로24번길,주도로,358,6
부산광역시,사상구,길,양지로30번길,주도로,592,8
부산광역시,사상구,길,양지로42번길,주도로,450,10
부산광역시,사상구,길,양지로8번길,주도로,418,8
부산광역시,사상구,로,엄궁남로,주도로,609,11
부산광역시,사상구,길,엄궁남로11번길,주도로,198,11
부산광역시,사상구,길,엄궁남로40번길,주도로,88,4
부산광역시,사상구,로,엄궁로,주도로,2177,20
부산광역시,사상구,길,엄궁로179번가길,주도로,192,4
부산광역시,사상구,길,엄궁로179번길,주도로,614,11
부산광역시,사상구,길,엄궁로191번길,주도로,559,10
부산광역시,사상구,길,엄궁로203번길,주도로,240,10
부산광역시,사상구,길,엄궁로99번길,주도로,221,6
부산광역시,사상구,로,엄궁북로,주도로,750,16
부산광역시,사상구,길,엄궁북로4번가길,주도로,571,3
부산광역시,사상구,길,엄궁북로4번길,주도로,677,12
부산광역시,사상구,길,엄궁북로4번안길,주도로,496,11
부산광역시,사상구,로,엄궁중로,주도로,663,15
부산광역시,사상구,길,엄궁중로8번길,주도로,137,2
부산광역시,사상구,로,운산로,주도로,1213,15
부산광역시,사상구,길,운산로100번길,주도로,224,4
부산광역시,사상구,길,운산로102번길,주도로,222,3
부산광역시,사상구,길,운산로77번길,주도로,131,4
부산광역시,사상구,로,장인로,주도로,997,20
부산광역시,사상구,길,장인로17번길,주도로,613,10
부산광역시,사상구,길,장인로20번길,주도로,521,12
부산광역시,사상구,길,장인로37번길,주도로,650,10
부산광역시,사상구,길,장인로77번길,주도로,736,10
부산광역시,사상구,길,장인로78번길,주도로,700,11
부산광역시,사상구,로,주감로,주도로,2806,4
부산광역시,사상구,길,주감로229번길,주도로,507,1
부산광역시,사상구,길,주감로7번길,주도로,142,7
부산광역시,사상구,로,주례로,주도로,2696,20
부산광역시,사상구,길,주례로10번길,주도로,680,9
부산광역시,사상구,길,주례로139번길,주도로,410,9
부산광역시,사상구,길,주례로149번길,주도로,154,4
부산광역시,사상구,길,주례로27번길,주도로,237,8
부산광역시,사상구,길,주례로28번길,주도로,359,8
부산광역시,사상구,길,주례로34번길,주도로,469,8
부산광역시,사상구,길,주례로9번길,주도로,445,8
부산광역시,사상구,로,진사로,주도로,1060,10
부산광역시,사상구,길,진사로24번길,주도로,192,5
부산광역시,사상구,길,진사로28번길,주도로,166,7
부산광역시,사상구,길,진사로36번가길,주도로,115,8
부산광역시,사상구,길,진사로36번길,주도로,400,10
부산광역시,사상구,길,진사로36번나길,주도로,119,9
부산광역시,사상구,로,하신번영로,주도로,4867,9
부산광역시,사상구,대로,학감대로,주도로,2490,40
부산광역시,사상구,길,학감대로123번길,주도로,497,12
부산광역시,사상구,길,학감대로133번길,주도로,407,4
부산광역시,사상구,길,학감대로134번길,주도로,447,11
부산광역시,사상구,길,학감대로147번길,주도로,338,11
부산광역시,사상구,길,학감대로163번길,주도로,338,10
부산광역시,사상구,길,학감대로164번길,주도로,219,10
부산광역시,사상구,길,학감대로177번길,주도로,340,10
부산광역시,사상구,길,학감대로178번길,주도로,511,11
부산광역시,사상구,길,학감대로191번길,주도로,342,11
부산광역시,사상구,길,학감대로192번길,주도로,460,11
부산광역시,사상구,길,학감대로221번길,주도로,344,11
부산광역시,사상구,길,학감대로222번길,주도로,459,10
부산광역시,사상구,길,학감대로237번길,주도로,345,11
부산광역시,사상구,길,학감대로252번길,주도로,457,10
부산광역시,사상구,길,학감대로260번길,주도로,203,10
부산광역시,사상구,길,학감대로267번길,주도로,346,12
부산광역시,사상구,길,학감대로39번길,주도로,685,6
부산광역시,사상구,길,학감대로39번안길,주도로,814,2
부산광역시,사상구,길,학감대로49번길,주도로,507,11
부산광역시,사상구,로,학장로,주도로,3446,20
부산광역시,사상구,길,학장로135번길,주도로,668,11
부산광역시,사상구,길,학장로169번길,주도로,517,11
부산광역시,사상구,길,학장로216번길,주도로,617,4
부산광역시,사상구,길,학장로224번길,주도로,194,2
부산광역시,사상구,길,학장로236번길,주도로,147,9
부산광역시,사상구,길,학장로248번길,주도로,452,4
부산광역시,사상구,길,학장로317번길,주도로,518,12
부산광역시,사상구,길,학장로323번길,주도로,213,5
부산광역시,사상구,길,학장로324번길,주도로,194,10
부산광역시,사상구,길,학장로63번길,주도로,317,11
부산광역시,사상구,길,학장로83번길,주도로,334,10
부산광역시,사상구,길,학장로95번길,주도로,347,10
부산광역시,기장군,길,가동1길,주도로,53,8
부산광역시,기장군,길,가동2길,주도로,274,10
부산광역시,기장군,로,가동3로,주도로,612,12
부산광역시,기장군,길,가동길,주도로,329,11
부산광역시,기장군,길,가동옛길,주도로,606,5
부산광역시,기장군,길,갑골길,주도로,1036,3
부산광역시,기장군,길,갓안길,주도로,308,4
부산광역시,기장군,길,강변길,주도로,923,4
부산광역시,기장군,로,개좌로,주도로,7294,10
부산광역시,기장군,길,개천1길,주도로,332,3
부산광역시,기장군,길,개천2길,주도로,347,3
부산광역시,기장군,로,고무로,주도로,3391,12
부산광역시,기장군,길,고무마을1길,주도로,387,8
부산광역시,기장군,길,고무마을2길,주도로,391,8
부산광역시,기장군,길,고무마을3길,주도로,259,6
부산광역시,기장군,길,고무마을4길,주도로,644,8
부산광역시,기장군,길,고무마을길,주도로,444,8
부산광역시,기장군,로,고촌로,주도로,872,20
부산광역시,기장군,길,고촌로18번길,주도로,738,12
부산광역시,기장군,길,고촌로28번길,주도로,783,10
부산광역시,기장군,길,고촌로34번길,주도로,254,10
부산광역시,기장군,길,고촌로44번길,주도로,353,10
부산광역시,기장군,길,고촌로80번길,주도로,324,10
부산광역시,기장군,길,곡천길,주도로,4137,8
부산광역시,기장군,길,곰내길,주도로,6594,11
부산광역시,기장군,길,공수1길,주도로,216,2
부산광역시,기장군,길,공수2길,주도로,217,3
부산광역시,기장군,길,공수3길,주도로,564,3
부산광역시,기장군,길,공수해안길,주도로,1025,4
부산광역시,기장군,길,곽암길,주도로,757,4
부산광역시,기장군,길,구기길,주도로,685,2
부산광역시,기장군,길,구노실길,주도로,648,3
부산광역시,기장군,로,구연1로,주도로,199,10
부산광역시,기장군,로,구연2로,주도로,647,8
부산광역시,기장군,로,구연3로,주도로,336,20
부산광역시,기장군,로,구연4로,주도로,216,14
부산광역시,기장군,로,구연로,주도로,476,15
부산광역시,기장군,로,구연방곡로,주도로,1292,23
부산광역시,기장군,길,구운달길,주도로,1158,2
부산광역시,기장군,길,구칠길,주도로,998,3
부산광역시,기장군,길,기룡1길,주도로,957,4
부산광역시,기장군,길,기룡2길,주도로,732,2
부산광역시,기장군,길,기룡길,주도로,474,4
부산광역시,기장군,대로,기장대로,주도로,22185,60
부산광역시,기장군,길,기장대로413번길,주도로,1000,15
부산광역시,기장군,로,기장해안로,주도로,690,16
부산광역시,기장군,길,길천1길,주도로,616,8
부산광역시,기장군,길,길천2길,주도로,813,3
부산광역시,기장군,길,길천3길,주도로,273,2
부산광역시,기장군,길,길천길,주도로,1484,8
부산광역시,기장군,길,난들길,주도로,568,3
부산광역시,기장군,길,내덕1길,주도로,863,3
부산광역시,기장군,길,내덕길,주도로,2529,3
부산광역시,기장군,길,내리1길,주도로,801,4
부산광역시,기장군,길,내리2길,주도로,865.587,4
부산광역시,기장군,길,내리길,주도로,5376,8
부산광역시,기장군,길,농공길,주도로,1166,8
부산광역시,기장군,길,달밭길,주도로,176,3
부산광역시,기장군,길,달산1길,주도로,720,10
부산광역시,기장군,길,달산2길,주도로,339,10
부산광역시,기장군,길,달산3길,주도로,299,10
부산광역시,기장군,길,달산4길,주도로,604,10
부산광역시,기장군,길,달산길,주도로,301,10
부산광역시,기장군,길,달음길,주도로,1011,3
부산광역시,기장군,길,달음산길,주도로,1058,10
부산광역시,기장군,길,당곡길,주도로,700,3
부산광역시,기장군,로,당사로,주도로,93.483,12
부산광역시,기장군,길,당사로1길,주도로,351.666,6
부산광역시,기장군,길,당사로2길,주도로,217.121,6
부산광역시,기장군,길,당사로3길,주도로,329.727,8
부산광역시,기장군,길,당사로4길,주도로,217.137,8
부산광역시,기장군,길,당사로5길,주도로,456.175,8
부산광역시,기장군,길,당사로6길,주도로,143.064,6
부산광역시,기장군,길,당사로8길,주도로,215.009,6
부산광역시,기장군,길,당산길,주도로,165,3
부산광역시,기장군,길,대곡1길,주도로,379,2
부산광역시,기장군,길,대곡2길,주도로,335,3
부산광역시,기장군,길,대룡1길,주도로,1077,3
부산광역시,기장군,길,대룡2길,주도로,447,4
부산광역시,기장군,길,대룡3길,주도로,232,3
부산광역시,기장군,길,대리길,주도로,398,2
부산광역시,기장군,길,대명길,주도로,237,3
부산광역시,기장군,로,대변1로,주도로,255,12
부산광역시,기장군,길,대변2길,주도로,307,7
부산광역시,기장군,길,대변3길,주도로,460,8
부산광역시,기장군,로,대변로,주도로,1654,12
부산광역시,기장군,로,대청로,주도로,788,11
부산광역시,기장군,길,대청로13번길,주도로,379,9
부산광역시,기장군,길,대청로14번길,주도로,259,10
부산광역시,기장군,길,대청로21번길,주도로,378,8
부산광역시,기장군,길,대청로22번길,주도로,350,8
부산광역시,기장군,길,대청로35번길,주도로,377,8
부산광역시,기장군,길,대청로36번길,주도로,353,8
부산광역시,기장군,길,대청로45번길,주도로,377,8
부산광역시,기장군,길,대청로71번길,주도로,561,8
부산광역시,기장군,길,대청로72번길,주도로,425,8
부산광역시,기장군,길,대청로8번길,주도로,258,11
부산광역시,기장군,길,덕산1길,주도로,364,3
부산광역시,기장군,길,덕산길,주도로,914,3
부산광역시,기장군,길,도야길,주도로,247,3
부산광역시,기장군,길,동뫼길,주도로,268,4
부산광역시,기장군,길,동백길,주도로,504,2
부산광역시,기장군,로,동부산관광10로,주도로,377.843,15
부산광역시,기장군,로,동부산관광1로,주도로,1233.297,25
부산광역시,기장군,로,동부산관광2로,주도로,694.264,25
부산광역시,기장군,로,동부산관광3로,주도로,598.624,25
부산광역시,기장군,로,동부산관광4로,주도로,290.698,20
부산광역시,기장군,로,동부산관광5로,주도로,416.774,20
부산광역시,기장군,로,동부산관광6로,주도로,599.334,20
부산광역시,기장군,로,동부산관광7로,주도로,362.363,20
부산광역시,기장군,로,동부산관광8로,주도로,268.213,15
부산광역시,기장군,로,동부산관광9로,주도로,426.547,25
부산광역시,기장군,로,동부산관광로,주도로,1182.728,40
부산광역시,기장군,길,동서길,주도로,1331,6
부산광역시,기장군,길,동암1길,주도로,298,3
부산광역시,기장군,길,동암2길,주도로,261,5
부산광역시,기장군,길,동암3길,주도로,251,3
부산광역시,기장군,길,동암해안길,주도로,810,6
부산광역시,기장군,고속도로,동해고속도로,주도로,381680,40
부산광역시,기장군,로,두메로,주도로,1917,12
부산광역시,기장군,길,두명1길,주도로,1278,4
부산광역시,기장군,길,두명2길,주도로,522,6
부산광역시,기장군,길,두송길,주도로,647,6
부산광역시,기장군,길,두호1길,주도로,255,3
부산광역시,기장군,길,두호2길,주도로,242,3
부산광역시,기장군,길,두호길,주도로,489,3
부산광역시,기장군,길,마장터길,주도로,635,3
부산광역시,기장군,길,마지1길,주도로,316,3
부산광역시,기장군,길,마지2길,주도로,361,3
부산광역시,기장군,길,마지길,주도로,382,4
부산광역시,기장군,길,매곡길,주도로,775,3
부산광역시,기장군,로,매학용수로,주도로,2082,15
부산광역시,기장군,로,명례산단1로,주도로,1859.593,15
부산광역시,기장군,로,명례산단2로,주도로,1030.812,15
부산광역시,기장군,로,명례산단3로,주도로,1089.34,25
부산광역시,기장군,로,명례산단4로,주도로,1531.032,15
부산광역시,기장군,로,명례산단5로,주도로,658.239,15
부산광역시,기장군,로,명례산단6로,주도로,1695.645,15
부산광역시,기장군,로,명례산단7로,주도로,1561.082,15
부산광역시,기장군,로,명례산단로,주도로,601.469,40
부산광역시,기장군,길,모전1길,주도로,805,8
부산광역시,기장군,길,모전2길,주도로,363,10
부산광역시,기장군,길,모전3길,주도로,500,10
부산광역시,기장군,로,모전로,주도로,1160,25
부산광역시,기장군,길,못골길,주도로,575,3
부산광역시,기장군,길,못안길,주도로,1233,5
부산광역시,기장군,길,무곡1길,주도로,236,3
부산광역시,기장군,길,무곡2길,주도로,771,3
부산광역시,기장군,길,무곡길,주도로,171,5
부산광역시,기장군,길,무양1길,주도로,361,8
부산광역시,기장군,길,무양2길,주도로,440,8
부산광역시,기장군,로,무양로,주도로,491,12
부산광역시,기장군,길,문동1길,주도로,116,4
부산광역시,기장군,길,문동길,주도로,119,4
부산광역시,기장군,길,문오성길,주도로,4107,3
부산광역시,기장군,길,문중1길,주도로,138,5
부산광역시,기장군,길,문중길,주도로,419,4
부산광역시,기장군,길,물방길,주도로,969.327,6
부산광역시,기장군,길,미동길,주도로,655,4
부산광역시,기장군,길,박영준길,주도로,1091,3
부산광역시,기장군,길,반룡1길,주도로,161,3
부산광역시,기장군,길,반룡2길,주도로,109,3
부산광역시,기장군,로,반룡로,주도로,3552,11
부산광역시,기장군,로,반룡산단1로,주도로,686,10
부산광역시,기장군,로,반룡산단2로,주도로,946,16
부산광역시,기장군,로,반룡산단3로,주도로,1029,16
부산광역시,기장군,로,반룡산단로,주도로,1429,15
부산광역시,기장군,로,반룡산단진입로,주도로,369,15
부산광역시,기장군,로,반송로,주도로,16540,25
부산광역시,기장군,로,방곡1로,주도로,352,12
부산광역시,기장군,로,방곡2로,주도로,188,8
부산광역시,기장군,로,방곡3로,주도로,233,15
부산광역시,기장군,로,방곡4로,주도로,342,8
부산광역시,기장군,로,방곡5로,주도로,343,8
부산광역시,기장군,로,방곡로,주도로,861,12
부산광역시,기장군,길,방모산1길,주도로,727,4
부산광역시,기장군,길,방모산2길,주도로,624,3
부산광역시,기장군,로,배산로,주도로,799,8
부산광역시,기장군,길,배산로19번길,주도로,579,5
부산광역시,기장군,길,배산로56번길,주도로,226,8
부산광역시,기장군,길,배산로68번길,주도로,166,8
부산광역시,기장군,길,배산로8번길,주도로,628,8
부산광역시,기장군,길,백길길,주도로,605,3
부산광역시,기장군,길,백동길,주도로,967,5
부산광역시,기장군,길,백운산길,주도로,2674,13
부산광역시,기장군,길,병산1길,주도로,1283,3
부산광역시,기장군,로,병산2로,주도로,2746,13
부산광역시,기장군,로,병산로,주도로,6073,20
부산광역시,기장군,길,부명1길,주도로,456.428,10
부산광역시,기장군,길,부명2길,주도로,356.916,8
부산광역시,기장군,길,부명길,주도로,1353,3
부산광역시,기장군,고속도로,부산외곽순환고속도로,주도로,49606,50
부산광역시,기장군,길,부산치유의숲길,주도로,831.221,10.23
부산광역시,기장군,길,부족골길,주도로,914,4
부산광역시,기장군,길,불매등길,주도로,595,3
부산광역시,기장군,길,사등길,주도로,1809,5
부산광역시,기장군,로,산단1로,주도로,1408,18
부산광역시,기장군,로,산단2로,주도로,682,15
부산광역시,기장군,로,산단3로,주도로,1256,15
부산광역시,기장군,로,산단4로,주도로,1694,15
부산광역시,기장군,로,산단5로,주도로,1140,13
부산광역시,기장군,로,산단6로,주도로,704,15
부산광역시,기장군,로,산단7로,주도로,1077,12
부산광역시,기장군,로,산단8로,주도로,403,20
부산광역시,기장군,로,산단로,주도로,6437,30
부산광역시,기장군,길,산막1길,주도로,233,4
부산광역시,기장군,길,산막길,주도로,698,4
부산광역시,기장군,길,산수곡길,주도로,1713,3
부산광역시,기장군,길,삼덕길,주도로,347,3
부산광역시,기장군,길,삼성1길,주도로,188,8
부산광역시,기장군,길,삼성2길,주도로,115,8
부산광역시,기장군,길,삼성3길,주도로,609,8
부산광역시,기장군,길,삼성길,주도로,125,8
부산광역시,기장군,길,상곡길,주도로,1150,4
부산광역시,기장군,길,상리길,주도로,1312,3
부산광역시,기장군,길,상신리길,주도로,761,3
부산광역시,기장군,길,상장안1길,주도로,304,3
부산광역시,기장군,길,상장안2길,주도로,218,3
부산광역시,기장군,길,상장안3길,주도로,153,3
부산광역시,기장군,길,상현길,주도로,227,3
부산광역시,기장군,길,서편길,주도로,458,3
부산광역시,기장군,길,석길길,주도로,497,2
부산광역시,기장군,길,석산1길,주도로,1329,5
부산광역시,기장군,길,석산길,주도로,1000,3
부산광역시,기장군,길,선암길,주도로,1353,3
부산광역시,기장군,길,소산길,주도로,2835,3
부산광역시,기장군,길,소정길,주도로,450,3
부산광역시,기장군,길,소정안길,주도로,1166,10
부산광역시,기장군,길,송정2길,주도로,268,4
부산광역시,기장군,길,신리길,주도로,1810,3
부산광역시,기장군,길,신명1길,주도로,218,2
부산광역시,기장군,길,신명길,주도로,1055,3
부산광역시,기장군,로,신소재산단1로,주도로,293,15
부산광역시,기장군,로,신소재산단2로,주도로,346,15
부산광역시,기장군,로,신소재산단로,주도로,589,20
부산광역시,기장군,로,신정관로,주도로,7679,20
부산광역시,기장군,로,신좌천로,주도로,722.44,20
부산광역시,기장군,길,신천길,주도로,595.584,10
부산광역시,기장군,길,신평1길,주도로,484,3
부산광역시,기장군,길,신평길,주도로,241,3
부산광역시,기장군,로,안평로,주도로,1055,14
부산광역시,기장군,길,안평로11번가길,주도로,1036,8
부산광역시,기장군,길,안평로11번길,주도로,412,8
부산광역시,기장군,길,안평로11번나길,주도로,294,4
부산광역시,기장군,길,안평로33번가길,주도로,1724,3
부산광역시,기장군,길,안평로33번길,주도로,530,8
부산광역시,기장군,길,안평로33번나길,주도로,725,4
부산광역시,기장군,길,양수1길,주도로,679,6
부산광역시,기장군,길,양수길,주도로,858,3
부산광역시,기장군,로,에코산단1로,주도로,559.235,10.229
부산광역시,기장군,로,에코산단2로,주도로,895.85,15
부산광역시,기장군,로,에코산단로,주도로,343.258,20.18
부산광역시,기장군,로,여락송정로,주도로,3678,14
부산광역시,기장군,길,연구길,주도로,859,3
부산광역시,기장군,길,연화1길,주도로,1177,10
부산광역시,기장군,길,연화2길,주도로,376,8
부산광역시,기장군,길,연화길,주도로,789,8
부산광역시,기장군,로,예림1로,주도로,1088,15
부산광역시,기장군,길,예림2길,주도로,617,4
부산광역시,기장군,길,예림길,주도로,845,8
부산광역시,기장군,길,오리길,주도로,4826,10
부산광역시,기장군,로,오리산단1로,주도로,257.736,15.472
부산광역시,기장군,로,오리산단2로,주도로,1343.767,15.529
부산광역시,기장군,로,오리산단3로,주도로,1033.648,15.277
부산광역시,기장군,로,오리산단4로,주도로,146.172,15.149
부산광역시,기장군,로,오리산단5로,주도로,685.139,15.63
부산광역시,기장군,로,오리산단6로,주도로,146.393,15.372
부산광역시,기장군,로,오리산단7로,주도로,450.821,15.057
부산광역시,기장군,로,오리산단8로,주도로,550.938,15.671
부산광역시,기장군,로,오리산단로,주도로,1933.798,20.682
부산광역시,기장군,길,온당길,주도로,568,3
부산광역시,기장군,길,와여1길,주도로,988,3
부산광역시,기장군,길,와여길,주도로,809,6
부산광역시,기장군,길,용궁길,주도로,871,6
부산광역시,기장군,길,용소1길,주도로,281,2
부산광역시,기장군,길,용소2길,주도로,225,3
부산광역시,기장군,길,용소길,주도로,3122,4
부산광역시,기장군,길,용수1길,주도로,64,5
부산광역시,기장군,길,용수공단1길,주도로,381,7
부산광역시,기장군,길,용수공단2길,주도로,935,6
부산광역시,기장군,로,용수로,주도로,1114,25
부산광역시,기장군,대로,웅상대로,주도로,16000,18
부산광역시,기장군,길,원당1길,주도로,298,4
부산광역시,기장군,길,원당2길,주도로,499,3
부산광역시,기장군,길,원당길,주도로,246,4
부산광역시,기장군,길,원죽길,주도로,733,4
부산광역시,기장군,길,월내1길,주도로,351,3
부산광역시,기장군,길,월내2길,주도로,875,3
부산광역시,기장군,길,월내3길,주도로,637,3
부산광역시,기장군,길,월내4길,주도로,790.223,10
부산광역시,기장군,길,월내길,주도로,220,3
부산광역시,기장군,길,월내해안1길,주도로,94,6
부산광역시,기장군,길,월내해안2길,주도로,443,2
부산광역시,기장군,길,월내해안3길,주도로,125,1
부산광역시,기장군,길,월내해안4길,주도로,154,3
부산광역시,기장군,길,월내해안길,주도로,1277,4
부산광역시,기장군,길,월전1길,주도로,503,4
부산광역시,기장군,길,월전해안길,주도로,216,8
부산광역시,기장군,길,월평1길,주도로,989,10
부산광역시,기장군,길,월평2길,주도로,818,2
부산광역시,기장군,대로,월평고가도로,주도로,759.603,10
부산광역시,기장군,대로,월평고가도로,주도로,760.214,10
부산광역시,기장군,로,읍내로,주도로,1297,20
부산광역시,기장군,길,읍내로104번길,주도로,226,10
부산광역시,기장군,길,읍내로15번길,주도로,367,8
부산광역시,기장군,길,읍내로50번길,주도로,1250,4
부산광역시,기장군,길,읍내로67번길,주도로,188,2
부산광역시,기장군,길,읍내로68번길,주도로,199,5
부산광역시,기장군,길,읍내로74번길,주도로,223,2
부산광역시,기장군,길,읍내로77번길,주도로,169,2
부산광역시,기장군,길,읍내로78번길,주도로,223,9
부산광역시,기장군,길,읍내로94번길,주도로,225,8
부산광역시,기장군,로,의과학1로,주도로,1089.306,16
부산광역시,기장군,로,의과학2로,주도로,1126.836,18
부산광역시,기장군,로,의과학3로,주도로,412.085,14
부산광역시,기장군,로,의과학4로,주도로,543.024,14
부산광역시,기장군,로,의과학5로,주도로,377.238,18
부산광역시,기장군,로,의과학6로,주도로,222.484,13
부산광역시,기장군,로,의과학7로,주도로,279.418,13
부산광역시,기장군,로,의과학8로,주도로,1134.996,27
부산광역시,기장군,길,의과학길,주도로,294.645,6
부산광역시,기장군,로,의과학로,주도로,1129,26
부산광역시,기장군,길,이곡1길,주도로,278,4
부산광역시,기장군,길,이곡길,주도로,1527,4
부산광역시,기장군,길,이동1길,주도로,416,2
부산광역시,기장군,길,이동길,주도로,506,7
부산광역시,기장군,길,이천10길,주도로,463,8
부산광역시,기장군,길,이천11길,주도로,463,8
부산광역시,기장군,길,이천1길,주도로,162,9
부산광역시,기장군,길,이천2길,주도로,151,8
부산광역시,기장군,길,이천3길,주도로,227,8
부산광역시,기장군,길,이천4길,주도로,222,8
부산광역시,기장군,길,이천5길,주도로,451,7
부산광역시,기장군,길,이천6길,주도로,456,8
부산광역시,기장군,길,이천7길,주도로,199,8
부산광역시,기장군,길,이천8길,주도로,1413,9
부산광역시,기장군,길,이천9길,주도로,272,8
부산광역시,기장군,길,이천길,주도로,769,12
부산광역시,기장군,로,이파크산단로,주도로,1000.56,37.367
부산광역시,기장군,로,이화로,주도로,1680,20
부산광역시,기장군,로,일광로,주도로,8641,12
부산광역시,기장군,길,일역길,주도로,987,8
부산광역시,기장군,길,임곡1길,주도로,1989,3
부산광역시,기장군,길,임곡2길,주도로,311,4
부산광역시,기장군,길,임기1길,주도로,1877,3
부산광역시,기장군,길,임기2길,주도로,613,3
부산광역시,기장군,길,임기3길,주도로,2733,3
부산광역시,기장군,길,임랑1길,주도로,285,2
부산광역시,기장군,길,임랑2길,주도로,347,3
부산광역시,기장군,길,임랑3길,주도로,220,3
부산광역시,기장군,길,임랑해안길,주도로,852,7
부산광역시,기장군,길,임랑효덕길,주도로,188,8
부산광역시,기장군,길,임밖길,주도로,481,3
부산광역시,기장군,길,입석길,주도로,867,3
부산광역시,기장군,길,장곡길,주도로,2028,7
부산광역시,기장군,로,장안로,주도로,3743,10
부산광역시,기장군,로,장안사로,주도로,2724,10
부산광역시,기장군,로,장안산단1로,주도로,984.059,15
부산광역시,기장군,로,장안산단2로,주도로,700.594,20
부산광역시,기장군,로,장안산단3로,주도로,507.659,15
부산광역시,기장군,로,장안산단4로,주도로,848.036,15
부산광역시,기장군,로,장안산단5로,주도로,498.901,20
부산광역시,기장군,로,장안산단6로,주도로,979.486,15
부산광역시,기장군,로,장안산단7로,주도로,1543.91,20
부산광역시,기장군,로,장안산단8로,주도로,1287.364,15
부산광역시,기장군,로,장안산단9로,주도로,1930.177,15
부산광역시,기장군,로,장안산단로,주도로,1955.738,25
부산광역시,기장군,길,장전1길,주도로,338,3
부산광역시,기장군,길,장전2길,주도로,718,3
부산광역시,기장군,길,장전길,주도로,378,3
부산광역시,기장군,길,점현길,주도로,617,3
부산광역시,기장군,로,정관1로,주도로,742,20
부산광역시,기장군,로,정관2로,주도로,700,23
부산광역시,기장군,로,정관3로,주도로,669,20
부산광역시,기장군,로,정관4로,주도로,758,20
부산광역시,기장군,로,정관5로,주도로,1520,20
부산광역시,기장군,로,정관6로,주도로,613,21
부산광역시,기장군,로,정관7로,주도로,410,15
부산광역시,기장군,로,정관8로,주도로,334,15
부산광역시,기장군,길,정관덕산1길,주도로,235,4
부산광역시,기장군,길,정관덕산2길,주도로,255,8
부산광역시,기장군,길,정관덕산길,주도로,912,9
부산광역시,기장군,로,정관로,주도로,11947,21
부산광역시,기장군,로,정관산업로,주도로,11600,20
부산광역시,기장군,길,정관상곡1길,주도로,323,4
부산광역시,기장군,길,정관상곡2길,주도로,692,8
부산광역시,기장군,로,정관중앙로,주도로,2123,20
부산광역시,기장군,길,제석골길,주도로,1050,3
부산광역시,기장군,길,좌광천길,주도로,2885.187,4
부산광역시,기장군,길,좌광천자전거길,주도로,11268.301,2
부산광역시,기장군,길,좌동1길,주도로,481,2
부산광역시,기장군,길,좌동2길,주도로,215,2
부산광역시,기장군,길,좌동길,주도로,533,9
부산광역시,기장군,길,좌방길,주도로,217,5
부산광역시,기장군,길,좌천1길,주도로,909,3
부산광역시,기장군,길,좌천2길,주도로,497,7
부산광역시,기장군,길,좌천3길,주도로,397,3
부산광역시,기장군,길,좌천4길,주도로,266,4
부산광역시,기장군,길,좌천5길,주도로,287,3
부산광역시,기장군,로,좌천로,주도로,1276,9
부산광역시,기장군,길,좌천시장1길,주도로,553,3
부산광역시,기장군,로,좌해로,주도로,554.509,20
부산광역시,기장군,로,죽성로,주도로,3805,14
부산광역시,기장군,길,중리1길,주도로,324,5
부산광역시,기장군,길,중리2길,주도로,418,2
부산광역시,기장군,길,중리길,주도로,397,3
부산광역시,기장군,길,중치밭길,주도로,221,3
부산광역시,기장군,로,차성남로,주도로,1108,12
부산광역시,기장군,길,차성남로27번길,주도로,174,8
부산광역시,기장군,길,차성남로28번길,주도로,213,8
부산광역시,기장군,길,차성남로35번길,주도로,168,10
부산광역시,기장군,길,차성남로41번길,주도로,213,8
부산광역시,기장군,길,차성남로51번길,주도로,347,12
부산광역시,기장군,길,차성남로55번길,주도로,212,8
부산광역시,기장군,길,차성남로65번길,주도로,211,10
부산광역시,기장군,길,차성남로88번길,주도로,208,9
부산광역시,기장군,길,차성남로89번길,주도로,222,9
부산광역시,기장군,길,차성남로96번길,주도로,484,2
부산광역시,기장군,로,차성동로,주도로,1875,15
부산광역시,기장군,길,차성동로102번길,주도로,170,8
부산광역시,기장군,길,차성동로106번길,주도로,167,4
부산광역시,기장군,길,차성동로116번길,주도로,177,15
부산광역시,기장군,길,차성동로122번길,주도로,181,8
부산광역시,기장군,길,차성동로126번길,주도로,184,8
부산광역시,기장군,길,차성동로142번길,주도로,203,9
부산광역시,기장군,길,차성동로154번길,주도로,454,8
부산광역시,기장군,길,차성동로172번길,주도로,256,8
부산광역시,기장군,길,차성동로178번길,주도로,264,8
부산광역시,기장군,길,차성동로182번길,주도로,274,8
부산광역시,기장군,길,차성동로19번길,주도로,211,8
부산광역시,기장군,길,차성동로20번길,주도로,125,8
부산광역시,기장군,길,차성동로25번길,주도로,206,8
부산광역시,기장군,길,차성동로30번길,주도로,176,8
부산광역시,기장군,길,차성동로31번길,주도로,207,7
부산광역시,기장군,길,차성동로45번길,주도로,203,8
부산광역시,기장군,길,차성동로50번길,주도로,162,8
부산광역시,기장군,길,차성동로51번길,주도로,203,7
부산광역시,기장군,길,차성동로5번길,주도로,204,8
부산광역시,기장군,길,차성동로67번길,주도로,200,8
부산광역시,기장군,길,차성동로73번길,주도로,202,8
부산광역시,기장군,길,차성동로87번길,주도로,198,8
부산광역시,기장군,로,차성로,주도로,4666,15
부산광역시,기장군,길,차성로190번길,주도로,560,15
부산광역시,기장군,길,차성로201번길,주도로,207,8
부산광역시,기장군,길,차성로215번길,주도로,264,8
부산광역시,기장군,길,차성로216번길,주도로,245,8
부산광역시,기장군,길,차성로241번길,주도로,282,8
부산광역시,기장군,길,차성로242번길,주도로,302,8
부산광역시,기장군,길,차성로249번길,주도로,293,8
부산광역시,기장군,길,차성로253번길,주도로,277,8
부산광역시,기장군,길,차성로277번길,주도로,279,9
부산광역시,기장군,길,차성로287번길,주도로,298,4
부산광역시,기장군,길,차성로288번길,주도로,433,15
부산광역시,기장군,길,차성로299번길,주도로,322,11
부산광역시,기장군,길,차성로321번길,주도로,304,8
부산광역시,기장군,길,차성로322번길,주도로,277,8
부산광역시,기장군,길,차성로326번길,주도로,277,8
부산광역시,기장군,길,차성로332번길,주도로,276,4
부산광역시,기장군,길,차성로333번길,주도로,160,4
부산광역시,기장군,길,차성로334번길,주도로,277,4
부산광역시,기장군,길,차성로338번길,주도로,277,8
부산광역시,기장군,길,차성로344번길,주도로,278,15
부산광역시,기장군,길,차성로365번길,주도로,789,8
부산광역시,기장군,길,차성로389번길,주도로,215,8
부산광역시,기장군,길,차성로390번길,주도로,281,8
부산광역시,기장군,길,차성로397번길,주도로,360,8
부산광역시,기장군,길,차성로404번길,주도로,416,8
부산광역시,기장군,길,차성로412번길,주도로,399,8
부산광역시,기장군,길,차성로417번길,주도로,356,10
부산광역시,기장군,길,차성로418번길,주도로,381,10
부산광역시,기장군,길,차성로436번길,주도로,1503,8
부산광역시,기장군,길,차성로441번길,주도로,419,8
부산광역시,기장군,길,차성로451번길,주도로,545,8
부산광역시,기장군,로,차성서로,주도로,1663,11
부산광역시,기장군,길,차성서로101번길,주도로,327,8
부산광역시,기장군,길,차성서로109번길,주도로,355,8
부산광역시,기장군,길,차성서로130번길,주도로,312,3
부산광역시,기장군,길,차성서로77번길,주도로,638,8
부산광역시,기장군,길,차양길,주도로,2772,10
부산광역시,기장군,길,참샘길,주도로,1232,6
부산광역시,기장군,길,창마을길,주도로,264,2
부산광역시,기장군,로,천산로,주도로,3501,8
부산광역시,기장군,로,철마로,주도로,10880,10
부산광역시,기장군,로,철마삼동로,주도로,2044,12
부산광역시,기장군,로,철마천로,주도로,2407.294,15
부산광역시,기장군,로,청강로,주도로,1066,10
부산광역시,기장군,길,청강로43번길,주도로,229,8
부산광역시,기장군,길,청강로57번길,주도로,228,8
부산광역시,기장군,길,청강로73번길,주도로,230,8
부산광역시,기장군,길,청강로74번길,주도로,48,12
부산광역시,기장군,길,청강로85번길,주도로,614,8
부산광역시,기장군,길,청강로91번길,주도로,489,8
부산광역시,기장군,길,청광1길,주도로,1058.433,3
부산광역시,기장군,길,청광길,주도로,667,4
부산광역시,기장군,로,청연로,주도로,1278.176,20
부산광역시,기장군,길,청원길,주도로,3364,3
부산광역시,기장군,로,체육공원1로,주도로,1565.792,15
부산광역시,기장군,로,체육공원2로,주도로,946.033,15
부산광역시,기장군,길,칠암1길,주도로,126,3
부산광역시,기장군,길,칠암2길,주도로,152,3
부산광역시,기장군,길,칠암3길,주도로,659,3
부산광역시,기장군,길,칠암길,주도로,117,3
부산광역시,기장군,길,탑골길,주도로,465,3
부산광역시,기장군,로,통신사로,주도로,12600,20
부산광역시,기장군,길,판곡길,주도로,1009,3
부산광역시,기장군,길,하근1길,주도로,235,4
부산광역시,기장군,길,하근2길,주도로,359,3
부산광역시,기장군,길,하근3길,주도로,711.395,10
부산광역시,기장군,길,하신리길,주도로,201,3
부산광역시,기장군,길,하장안1길,주도로,577,3
부산광역시,기장군,길,하장안길,주도로,241,4
부산광역시,기장군,길,학리1길,주도로,259,2
부산광역시,기장군,길,학리2길,주도로,272,2
부산광역시,기장군,길,학리3길,주도로,267,3
부산광역시,기장군,길,학리4길,주도로,294,3
부산광역시,기장군,길,학리5길,주도로,112,3
부산광역시,기장군,길,학리길,주도로,349,2
부산광역시,기장군,로,학리등대로,주도로,1362,12
부산광역시,기장군,길,한골길,주도로,2102.74,4
부산광역시,기장군,길,한들길,주도로,2881,9
부산광역시,기장군,로,해맞이로,주도로,20021,11
부산광역시,기장군,로,해빛1로,주도로,1048,25
부산광역시,기장군,로,해빛2로,주도로,698.804,20
부산광역시,기장군,로,해빛3로,주도로,1264.975,20
부산광역시,기장군,로,해빛4로,주도로,386.986,15
부산광역시,기장군,로,해빛5로,주도로,638.095,20
부산광역시,기장군,로,해빛6로,주도로,1096.74,15
부산광역시,기장군,로,해빛로,주도로,537,30
부산광역시,기장군,로,해송1로,주도로,471.279,15
부산광역시,기장군,로,해송2로,주도로,289.865,15
부산광역시,기장군,로,해송3로,주도로,264.737,15
부산광역시,기장군,로,해송4로,주도로,291.104,20
부산광역시,기장군,로,해송로,주도로,452.773,20
부산광역시,기장군,로,협동로,주도로,2335,14
부산광역시,기장군,길,홍류길,주도로,482,3
부산광역시,기장군,길,화용길,주도로,4514,8
부산광역시,기장군,길,화전1길,주도로,256,3
부산광역시,기장군,길,화전2길,주도로,1221,2
부산광역시,기장군,길,황새밭길,주도로,717,3
부산광역시,기장군,길,회룡길,주도로,491,4
부산광역시,기장군,길,횡계1길,주도로,585,2
부산광역시,기장군,길,횡계2길,주도로,500,4
부산광역시,기장군,길,횡계길,주도로,951,3
